Customer_ID,Customer_Name,Gender,Age,City,State,Country,Customer_Segment,Signup_Date
CUST-00001,Vikas Khanna,Male,44,Gurugram,Haryana,India,Consumer,2022-11-17
CUST-00002,Karan Roy,Male,30,Gurugram,Haryana,India,Corporate,2025-05-13
CUST-00003,Mohit Reddy,Male,31,Pune,Maharashtra,India,Consumer,2022-08-28
CUST-00004,Kavya Banerjee,Female,31,Chennai,Tamil Nadu,India,Consumer,2024-04-27
CUST-00005,Manish Gupta,Male,48,Hyderabad,Telangana,India,Consumer,2022-06-24
CUST-00006,Rohan Kapoor,Male,32,Hyderabad,Telangana,India,Corporate,2024-08-07
CUST-00007,Sneha Banerjee,Female,33,Kolkata,West Bengal,India,Small Business,2023-02-21
CUST-00008,Sandeep Banerjee,Male,61,Hyderabad,Telangana,India,Corporate,2025-01-07
CUST-00009,Pooja Gupta,Female,27,Kolkata,West Bengal,India,Consumer,2022-12-26
CUST-00010,Akash Srinivasan,Male,24,Jaipur,Rajasthan,India,Consumer,2023-08-14
CUST-00011,Aditya Srinivasan,Male,33,Surat,Gujarat,India,Consumer,2025-09-30
CUST-00012,Siddharth Patel,Male,25,Lucknow,Uttar Pradesh,India,Consumer,2023-02-15
CUST-00013,Kavya Khanna,Female,25,Bhubaneswar,Odisha,India,Consumer,2023-12-06
CUST-00014,Vikas Reddy,Male,37,Patna,Bihar,India,Consumer,2024-04-06
CUST-00015,Kunal Roy,Male,26,Delhi,Delhi,India,Consumer,2022-07-06
CUST-00016,Ananya Gupta,Female,56,Patna,Bihar,India,Consumer,2023-04-21
CUST-00017,Isha Reddy,Female,27,Ahmedabad,Gujarat,India,Consumer,2024-01-05
CUST-00018,Kavya Mishra,Female,35,Hyderabad,Telangana,India,Consumer,2022-11-21
CUST-00019,Aditi Kulkarni,Female,45,Coimbatore,Tamil Nadu,India,Small Business,2024-06-27
CUST-00020,Deepak Nair,Male,35,Pune,Maharashtra,India,Consumer,2022-07-04
CUST-00021,Anushka Chatterjee,Female,32,Bhubaneswar,Odisha,India,Consumer,2024-02-15
CUST-00022,Mohit Kapoor,Male,33,Delhi,Delhi,India,Consumer,2025-02-01
CUST-00023,Vaishnavi Srinivasan,Female,34,Chandigarh,Chandigarh,India,Small Business,2024-02-03
CUST-00024,Deepak Patel,Male,39,Mumbai,Maharashtra,India,Small Business,2024-09-17
CUST-00025,Siddharth Kapoor,Male,28,Bengaluru,Karnataka,India,Consumer,2025-06-25
CUST-00026,Divya Mishra,Female,41,Chennai,Tamil Nadu,India,Consumer,2022-08-15
CUST-00027,Siddharth Mukherjee,Male,47,Pune,Maharashtra,India,Consumer,2025-11-11
CUST-00028,Aarav Jain,Male,61,Delhi,Delhi,India,Consumer,2022-12-15
CUST-00029,Aditi Agarwal,Female,36,Ahmedabad,Gujarat,India,Small Business,2023-04-22
CUST-00030,Kriti Gupta,Female,30,Jaipur,Rajasthan,India,Consumer,2024-10-15
CUST-00031,Deepak Nair,Male,28,Gurugram,Haryana,India,Small Business,2022-11-04
CUST-00032,Vivek Mishra,Male,41,Bengaluru,Karnataka,India,Consumer,2025-06-28
CUST-00033,Ankit Jain,Male,60,Chennai,Tamil Nadu,India,Consumer,2022-10-30
CUST-00034,Ankit Das,Male,27,Indore,Madhya Pradesh,India,Consumer,2023-04-14
CUST-00035,Yash Mishra,Male,43,Mumbai,Maharashtra,India,Consumer,2023-11-09
CUST-00036,Aditi Mukherjee,Female,37,Delhi,Delhi,India,Consumer,2022-06-10
CUST-00037,Anushka Agarwal,Female,34,Ahmedabad,Gujarat,India,Consumer,2024-06-13
CUST-00038,Anjali Bhat,Female,47,Raipur,Chhattisgarh,India,Consumer,2022-05-19
CUST-00039,Karan Pandey,Male,53,Mumbai,Maharashtra,India,Consumer,2023-11-30
CUST-00040,Tanvi Khanna,Female,35,Delhi,Delhi,India,Corporate,2025-12-09
CUST-00041,Aman Bhat,Male,42,Bhubaneswar,Odisha,India,Consumer,2025-10-05
CUST-00042,Akash Reddy,Male,53,Kochi,Kerala,India,Small Business,2025-02-27
CUST-00043,Nikhil Chatterjee,Male,51,Mumbai,Maharashtra,India,Consumer,2024-10-20
CUST-00044,Siddharth Pandey,Male,29,Bengaluru,Karnataka,India,Consumer,2024-03-01
CUST-00045,Isha Srinivasan,Female,33,Mumbai,Maharashtra,India,Consumer,2023-11-10
CUST-00046,Saanvi यादव,Female,36,Hyderabad,Telangana,India,Consumer,2024-07-15
CUST-00047,Rohan Das,Male,44,Chennai,Tamil Nadu,India,Small Business,2024-08-30
CUST-00048,Neha यादव,Female,53,Gurugram,Haryana,India,Consumer,2025-04-01
CUST-00049,Pooja Verma,Female,32,Raipur,Chhattisgarh,India,Consumer,2023-10-14
CUST-00050,Harsh Roy,Male,33,Mumbai,Maharashtra,India,Consumer,2022-03-11
CUST-00051,Rohan Banerjee,Male,29,Patna,Bihar,India,Consumer,2022-02-24
CUST-00052,Shreya Singh,Female,58,Ahmedabad,Gujarat,India,Consumer,2025-09-26
CUST-00053,Sneha Kapoor,Female,45,Kochi,Kerala,India,Consumer,2024-06-26
CUST-00054,Ananya Pandey,Female,39,Kolkata,West Bengal,India,Small Business,2025-07-24
CUST-00055,Anushka Roy,Female,25,Siliguri,West Bengal,India,Corporate,2025-06-16
CUST-00056,Siddharth Khanna,Male,40,Mumbai,Maharashtra,India,Consumer,2025-12-26
CUST-00057,Yash Agarwal,Male,33,Surat,Gujarat,India,Corporate,2023-08-12
CUST-00058,Vaishnavi Roy,Female,51,Pune,Maharashtra,India,Corporate,2025-12-24
CUST-00059,Kavya Kulkarni,Female,43,Kochi,Kerala,India,Small Business,2025-08-13
CUST-00060,Akash Mukherjee,Male,31,Delhi,Delhi,India,Consumer,2025-09-07
CUST-00061,Anushka Srinivasan,Female,20,Indore,Madhya Pradesh,India,Consumer,2025-09-25
CUST-00062,Isha Roy,Female,26,Delhi,Delhi,India,Consumer,2022-03-07
CUST-00063,Pranav Agarwal,Male,62,Chennai,Tamil Nadu,India,Consumer,2025-10-03
CUST-00064,Kavya Mehta,Female,52,Pune,Maharashtra,India,Consumer,2024-04-03
CUST-00065,Pranav Mukherjee,Male,23,Ahmedabad,Gujarat,India,Consumer,2022-03-22
CUST-00066,Karan Nair,Male,25,Gurugram,Haryana,India,Consumer,2025-07-28
CUST-00067,Ahan Verma,Other,28,Bengaluru,Karnataka,India,Consumer,2023-10-19
CUST-00068,Ankit Srinivasan,Male,36,Mumbai,Maharashtra,India,Consumer,2023-03-18
CUST-00069,Riya Mukherjee,Female,50,Chennai,Tamil Nadu,India,Consumer,2025-07-16
CUST-00070,Priya Patel,Female,49,Pune,Maharashtra,India,Consumer,2023-01-06
CUST-00071,Yash Nair,Male,47,Mumbai,Maharashtra,India,Consumer,2024-12-13
CUST-00072,Isha Verma,Female,30,Hyderabad,Telangana,India,Consumer,2022-05-20
CUST-00073,Kriti Das,Female,54,Pune,Maharashtra,India,Corporate,2024-04-09
CUST-00074,Aman Gupta,Male,56,Hyderabad,Telangana,India,Consumer,2023-01-05
CUST-00075,Divya Roy,Female,29,Pune,Maharashtra,India,Consumer,2023-09-07
CUST-00076,Kriti Nair,Female,35,Delhi,Delhi,India,Consumer,2023-04-26
CUST-00077,Aman Mishra,Male,29,Bengaluru,Karnataka,India,Consumer,2022-09-22
CUST-00078,Sneha Jain,Female,49,Delhi,Delhi,India,Corporate,2024-06-07
CUST-00079,Manish Kulkarni,Male,30,Siliguri,West Bengal,India,Consumer,2022-08-26
CUST-00080,Pooja Bhat,Female,33,Visakhapatnam,Andhra Pradesh,India,Corporate,2022-09-29
CUST-00081,Kavya Kapoor,Female,39,Delhi,Delhi,India,Consumer,2024-02-02
CUST-00082,Rohan Verma,Male,30,Bengaluru,Karnataka,India,Consumer,2023-06-24
CUST-00083,Rahul Mehta,Male,33,Chennai,Tamil Nadu,India,Consumer,2025-11-26
CUST-00084,Aditi Shah,Female,29,Hyderabad,Telangana,India,Consumer,2023-02-25
CUST-00085,Tanvi Khanna,Female,38,Bhubaneswar,Odisha,India,Small Business,2023-03-27
CUST-00086,Arjun यादव,Male,28,Surat,Gujarat,India,Corporate,2024-11-29
CUST-00087,Siddharth Sharma,Male,51,Guwahati,Assam,India,Consumer,2023-05-30
CUST-00088,Arjun Mukherjee,Male,32,Chandigarh,Chandigarh,India,Consumer,2025-01-13
CUST-00089,Vivek Gupta,Male,38,Pune,Maharashtra,India,Consumer,2024-09-28
CUST-00090,Divya Mehta,Female,34,Gurugram,Haryana,India,Small Business,2024-07-17
CUST-00091,Aanya Srinivasan,Female,42,Delhi,Delhi,India,Consumer,2023-07-04
CUST-00092,Siddharth Bhat,Male,37,Delhi,Delhi,India,Consumer,2024-07-03
CUST-00093,Aanya Reddy,Female,31,Pune,Maharashtra,India,Consumer,2023-02-25
CUST-00094,Siddharth Sharma,Male,49,Coimbatore,Tamil Nadu,India,Consumer,2025-04-13
CUST-00095,Vivek Reddy,Male,43,Hyderabad,Telangana,India,Small Business,2025-07-03
CUST-00096,Yash Jain,Male,28,Kochi,Kerala,India,Consumer,2022-08-31
CUST-00097,Divya Nair,Female,31,Surat,Gujarat,India,Corporate,2025-11-22
CUST-00098,Mohit Banerjee,Male,41,Guwahati,Assam,India,Consumer,2023-11-02
CUST-00099,Kavya Agarwal,Female,22,Surat,Gujarat,India,Consumer,2025-10-08
CUST-00100,Mohit Mukherjee,Male,43,Hyderabad,Telangana,India,Consumer,2023-07-30
CUST-00101,Dev Verma,Male,30,Patna,Bihar,India,Consumer,2022-01-11
CUST-00102,Aryan Sharma,Male,45,Mumbai,Maharashtra,India,Corporate,2024-01-27
CUST-00103,Aarav Mukherjee,Male,38,Visakhapatnam,Andhra Pradesh,India,Corporate,2024-10-08
CUST-00104,Nisha Pandey,Female,21,Kolkata,West Bengal,India,Consumer,2023-07-30
CUST-00105,Priya Reddy,Female,27,Mumbai,Maharashtra,India,Consumer,2024-05-21
CUST-00106,Pranav Kapoor,Male,42,Jaipur,Rajasthan,India,Consumer,2024-01-26
CUST-00107,Aditi Banerjee,Female,46,Surat,Gujarat,India,Consumer,2022-08-23
CUST-00108,Aanya Gupta,Female,41,Bengaluru,Karnataka,India,Consumer,2024-06-27
CUST-00109,Aarav Patel,Male,59,Gurugram,Haryana,India,Consumer,2023-11-14
CUST-00110,Aanya Kapoor,Female,42,Jaipur,Rajasthan,India,Consumer,2023-04-12
CUST-00111,Ananya यादव,Female,28,Kolkata,West Bengal,India,Consumer,2023-06-01
CUST-00112,Aman Chatterjee,Male,34,Chandigarh,Chandigarh,India,Consumer,2023-05-07
CUST-00113,Pooja Nair,Female,37,Chennai,Tamil Nadu,India,Consumer,2022-06-20
CUST-00114,Aman Gupta,Male,29,Kolkata,West Bengal,India,Consumer,2022-12-12
CUST-00115,Avni Patel,Other,22,Bengaluru,Karnataka,India,Consumer,2025-07-30
CUST-00116,Anjali Nair,Female,49,Patna,Bihar,India,Consumer,2025-07-12
CUST-00117,Kunal Banerjee,Male,56,Delhi,Delhi,India,Consumer,2024-09-12
CUST-00118,Meera Roy,Female,47,Visakhapatnam,Andhra Pradesh,India,Consumer,2024-12-20
CUST-00119,Rishi Roy,Other,27,Siliguri,West Bengal,India,Consumer,2024-10-28
CUST-00120,Priya Mukherjee,Female,42,Mumbai,Maharashtra,India,Consumer,2022-07-08
CUST-00121,Vaishnavi Reddy,Female,35,Bengaluru,Karnataka,India,Consumer,2025-04-30
CUST-00122,Rahul Shah,Male,25,Ahmedabad,Gujarat,India,Consumer,2025-10-21
CUST-00123,Kriti Khanna,Female,31,Hyderabad,Telangana,India,Consumer,2025-12-16
CUST-00124,Harsh Sharma,Male,27,Bhubaneswar,Odisha,India,Small Business,2025-12-04
CUST-00125,Divya Iyer,Female,31,Lucknow,Uttar Pradesh,India,Small Business,2025-02-24
CUST-00126,Aryan Chatterjee,Male,25,Delhi,Delhi,India,Consumer,2024-10-16
CUST-00127,Riya Verma,Female,25,Chennai,Tamil Nadu,India,Consumer,2025-12-25
CUST-00128,Aarya Mehta,Other,35,Jaipur,Rajasthan,India,Consumer,2024-10-09
CUST-00129,Siddharth Agarwal,Male,26,Lucknow,Uttar Pradesh,India,Consumer,2025-09-11
CUST-00130,Karan Singh,Male,51,Bengaluru,Karnataka,India,Consumer,2024-01-08
CUST-00131,Aman Bhat,Male,22,Bhubaneswar,Odisha,India,Consumer,2025-08-02
CUST-00132,Saanvi Srinivasan,Female,47,Mumbai,Maharashtra,India,Consumer,2025-06-27
CUST-00133,Ananya Mukherjee,Female,53,Jaipur,Rajasthan,India,Corporate,2023-09-17
CUST-00134,Suman Agarwal,Other,39,Lucknow,Uttar Pradesh,India,Consumer,2024-05-07
CUST-00135,Deepak Chatterjee,Male,48,Pune,Maharashtra,India,Consumer,2023-07-23
CUST-00136,Manish Das,Male,53,Pune,Maharashtra,India,Small Business,2023-05-17
CUST-00137,Pranav Roy,Male,40,Chennai,Tamil Nadu,India,Small Business,2024-05-07
CUST-00138,Karan Srinivasan,Male,27,Jaipur,Rajasthan,India,Consumer,2025-01-02
CUST-00139,Manish Shah,Male,42,Pune,Maharashtra,India,Consumer,2025-05-02
CUST-00140,Nikhil Singh,Male,44,Lucknow,Uttar Pradesh,India,Consumer,2024-03-03
CUST-00141,Aditi Iyer,Female,45,Jaipur,Rajasthan,India,Small Business,2022-12-23
CUST-00142,Nikhil Shah,Male,51,Ahmedabad,Gujarat,India,Consumer,2024-05-31
CUST-00143,Riya Iyer,Female,44,Delhi,Delhi,India,Consumer,2025-03-08
CUST-00144,Akash Mehta,Male,24,Mumbai,Maharashtra,India,Consumer,2022-10-03
CUST-00145,Deepak Das,Male,38,Bengaluru,Karnataka,India,Corporate,2025-01-28
CUST-00146,Aarav Agarwal,Male,30,Kochi,Kerala,India,Consumer,2024-09-15
CUST-00147,Shreya Patel,Female,45,Mumbai,Maharashtra,India,Consumer,2022-08-07
CUST-00148,Deepak Banerjee,Male,56,Gurugram,Haryana,India,Consumer,2025-11-07
CUST-00149,Vivek Patel,Male,31,Bengaluru,Karnataka,India,Consumer,2023-04-01
CUST-00150,Kunal Iyer,Male,29,Delhi,Delhi,India,Consumer,2022-07-21
CUST-00151,Siddharth Jain,Male,45,Chennai,Tamil Nadu,India,Small Business,2024-06-02
CUST-00152,Kunal Reddy,Male,48,Lucknow,Uttar Pradesh,India,Consumer,2024-08-19
CUST-00153,Priya Kulkarni,Female,52,Surat,Gujarat,India,Consumer,2025-06-25
CUST-00154,Arjun Srinivasan,Male,41,Mumbai,Maharashtra,India,Consumer,2023-11-26
CUST-00155,Aanya Singh,Female,46,Chennai,Tamil Nadu,India,Corporate,2022-08-24
CUST-00156,Nisha Pandey,Female,37,Mumbai,Maharashtra,India,Small Business,2023-01-13
CUST-00157,Akash Pandey,Male,32,Bengaluru,Karnataka,India,Small Business,2024-05-19
CUST-00158,Karan Mehta,Male,37,Gurugram,Haryana,India,Consumer,2025-12-03
CUST-00159,Shreya Nair,Female,36,Coimbatore,Tamil Nadu,India,Consumer,2023-02-27
CUST-00160,Isha Das,Female,29,Hyderabad,Telangana,India,Small Business,2025-02-06
CUST-00161,Tanvi Singh,Female,46,Kolkata,West Bengal,India,Consumer,2023-10-31
CUST-00162,Divya Srinivasan,Female,34,Mumbai,Maharashtra,India,Small Business,2023-11-28
CUST-00163,Aman Roy,Male,22,Gurugram,Haryana,India,Small Business,2022-01-07
CUST-00164,Ankit Das,Male,26,Mumbai,Maharashtra,India,Consumer,2025-01-11
CUST-00165,Deepak यादव,Male,47,Pune,Maharashtra,India,Small Business,2023-06-24
CUST-00166,Divya Patel,Female,30,Jaipur,Rajasthan,India,Small Business,2025-03-15
CUST-00167,Pranav Kulkarni,Male,52,Gurugram,Haryana,India,Small Business,2022-07-22
CUST-00168,Meera Mishra,Female,57,Patna,Bihar,India,Consumer,2023-12-09
CUST-00169,Yash Iyer,Male,36,Jaipur,Rajasthan,India,Consumer,2023-02-24
CUST-00170,Aryan Das,Male,31,Siliguri,West Bengal,India,Consumer,2025-02-09
CUST-00171,Rahul Singh,Male,37,Bengaluru,Karnataka,India,Small Business,2023-02-19
CUST-00172,Deepak Sharma,Male,50,Pune,Maharashtra,India,Consumer,2024-01-26
CUST-00173,Karan Das,Male,43,Raipur,Chhattisgarh,India,Consumer,2024-04-07
CUST-00174,Deepak Roy,Male,28,Hyderabad,Telangana,India,Small Business,2022-03-26
CUST-00175,Isha Reddy,Female,50,Mumbai,Maharashtra,India,Consumer,2023-12-14
CUST-00176,Tanvi Khanna,Female,37,Lucknow,Uttar Pradesh,India,Consumer,2025-05-29
CUST-00177,Vaishnavi Mehta,Female,36,Surat,Gujarat,India,Consumer,2024-11-19
CUST-00178,Tanvi Nair,Female,46,Pune,Maharashtra,India,Consumer,2025-07-21
CUST-00179,Akash Patel,Male,42,Mumbai,Maharashtra,India,Consumer,2024-02-07
CUST-00180,Anushka Mehta,Female,38,Chennai,Tamil Nadu,India,Consumer,2023-10-29
CUST-00181,Deepak Mukherjee,Male,30,Mumbai,Maharashtra,India,Consumer,2024-10-27
CUST-00182,Priya Singh,Female,24,Kolkata,West Bengal,India,Small Business,2024-04-08
CUST-00183,Meera Patel,Female,28,Mumbai,Maharashtra,India,Consumer,2024-03-23
CUST-00184,Ananya Gupta,Female,50,Delhi,Delhi,India,Small Business,2023-08-14
CUST-00185,Tanvi Kulkarni,Female,30,Surat,Gujarat,India,Consumer,2024-12-24
CUST-00186,Isha Gupta,Female,23,Kochi,Kerala,India,Small Business,2022-08-23
CUST-00187,Priya Singh,Female,41,Bengaluru,Karnataka,India,Corporate,2023-01-08
CUST-00188,Ananya Iyer,Female,27,Guwahati,Assam,India,Consumer,2023-10-10
CUST-00189,Rahul Banerjee,Male,34,Delhi,Delhi,India,Small Business,2024-02-12
CUST-00190,Arjun Roy,Male,29,Bengaluru,Karnataka,India,Consumer,2022-12-23
CUST-00191,Kunal Bhat,Male,51,Jaipur,Rajasthan,India,Consumer,2025-03-04
CUST-00192,Harsh Agarwal,Male,41,Pune,Maharashtra,India,Consumer,2024-08-26
CUST-00193,Riya Roy,Female,45,Mumbai,Maharashtra,India,Consumer,2023-08-04
CUST-00194,Manish Chatterjee,Male,58,Coimbatore,Tamil Nadu,India,Consumer,2023-02-10
CUST-00195,Kunal Reddy,Male,36,Kolkata,West Bengal,India,Small Business,2023-12-08
CUST-00196,Aadi Chatterjee,Other,35,Mumbai,Maharashtra,India,Consumer,2022-06-27
CUST-00197,Aanya Srinivasan,Female,61,Kolkata,West Bengal,India,Consumer,2023-12-02
CUST-00198,Aanya Khanna,Female,34,Hyderabad,Telangana,India,Corporate,2024-01-31
CUST-00199,Aryan Singh,Male,35,Hyderabad,Telangana,India,Consumer,2022-05-04
CUST-00200,Isha Pandey,Female,31,Hyderabad,Telangana,India,Small Business,2023-06-25
CUST-00201,Aditya Banerjee,Male,42,Visakhapatnam,Andhra Pradesh,India,Consumer,2023-05-14
CUST-00202,Ahan Shah,Other,46,Coimbatore,Tamil Nadu,India,Consumer,2022-04-17
CUST-00203,Pooja Khanna,Female,34,Bengaluru,Karnataka,India,Small Business,2023-01-30
CUST-00204,Dev Nair,Male,38,Pune,Maharashtra,India,Consumer,2023-06-20
CUST-00205,Karan Pandey,Male,37,Bengaluru,Karnataka,India,Consumer,2025-08-21
CUST-00206,Mohit Bhat,Male,49,Bengaluru,Karnataka,India,Consumer,2023-09-14
CUST-00207,Mohit Verma,Male,31,Gurugram,Haryana,India,Consumer,2022-06-26
CUST-00208,Aarya Pandey,Other,40,Kolkata,West Bengal,India,Small Business,2025-01-24
CUST-00209,Meera Sharma,Female,48,Pune,Maharashtra,India,Consumer,2023-05-19
CUST-00210,Anjali Banerjee,Female,35,Hyderabad,Telangana,India,Small Business,2024-07-07
CUST-00211,Meera Mishra,Female,43,Hyderabad,Telangana,India,Small Business,2023-01-02
CUST-00212,Divya Bhat,Female,24,Chennai,Tamil Nadu,India,Small Business,2024-09-29
CUST-00213,Anushka Mehta,Female,38,Gurugram,Haryana,India,Consumer,2024-02-06
CUST-00214,Vivek Sharma,Male,54,Lucknow,Uttar Pradesh,India,Corporate,2024-05-26
CUST-00215,Vaishnavi Mishra,Female,36,Kolkata,West Bengal,India,Consumer,2022-10-29
CUST-00216,Isha Pandey,Female,29,Bhubaneswar,Odisha,India,Consumer,2022-07-23
CUST-00217,Sandeep Pandey,Male,29,Mumbai,Maharashtra,India,Consumer,2025-01-26
CUST-00218,Kavya यादव,Female,44,Srinagar,Jammu and Kashmir,India,Small Business,2022-04-13
CUST-00219,Kunal Srinivasan,Male,29,Lucknow,Uttar Pradesh,India,Consumer,2022-11-02
CUST-00220,Harsh यादव,Male,42,Siliguri,West Bengal,India,Consumer,2022-07-28
CUST-00221,Aditi Sharma,Female,35,Delhi,Delhi,India,Consumer,2023-06-26
CUST-00222,Vaishnavi Patel,Female,35,Lucknow,Uttar Pradesh,India,Consumer,2022-04-17
CUST-00223,Rohan Gupta,Male,42,Pune,Maharashtra,India,Consumer,2024-05-05
CUST-00224,Nikhil Shah,Male,36,Coimbatore,Tamil Nadu,India,Consumer,2022-01-15
CUST-00225,Deepika Pandey,Female,28,Ahmedabad,Gujarat,India,Consumer,2022-08-22
CUST-00226,Pooja Patel,Female,34,Bengaluru,Karnataka,India,Consumer,2022-10-03
CUST-00227,Meera Kapoor,Female,25,Coimbatore,Tamil Nadu,India,Corporate,2025-06-28
CUST-00228,Aditi Bhat,Female,26,Visakhapatnam,Andhra Pradesh,India,Small Business,2024-01-12
CUST-00229,Pranav Chatterjee,Male,30,Lucknow,Uttar Pradesh,India,Consumer,2023-10-17
CUST-00230,Pranav Verma,Male,35,Jaipur,Rajasthan,India,Small Business,2025-02-12
CUST-00231,Shreya Kulkarni,Female,24,Kolkata,West Bengal,India,Consumer,2025-06-25
CUST-00232,Nisha Roy,Female,42,Jaipur,Rajasthan,India,Corporate,2023-06-23
CUST-00233,Deepika Gupta,Female,41,Delhi,Delhi,India,Small Business,2023-07-23
CUST-00234,Shreya Nair,Female,28,Delhi,Delhi,India,Small Business,2024-12-28
CUST-00235,Pooja Patel,Female,33,Patna,Bihar,India,Small Business,2023-12-09
CUST-00236,Pooja Banerjee,Female,30,Bengaluru,Karnataka,India,Corporate,2025-03-16
CUST-00237,Vikas Patel,Male,39,Mumbai,Maharashtra,India,Consumer,2023-03-04
CUST-00238,Sandeep Mishra,Male,37,Kochi,Kerala,India,Consumer,2024-02-21
CUST-00239,Aditya Mishra,Male,43,Delhi,Delhi,India,Consumer,2024-02-01
CUST-00240,Dev Mehta,Male,24,Hyderabad,Telangana,India,Consumer,2024-08-21
CUST-00241,Dev यादव,Male,24,Lucknow,Uttar Pradesh,India,Consumer,2024-10-28
CUST-00242,Dev Bhat,Male,32,Goa,Goa,India,Consumer,2024-10-23
CUST-00243,Meera Shah,Female,36,Ranchi,Jharkhand,India,Small Business,2023-04-25
CUST-00244,Kunal Banerjee,Male,20,Delhi,Delhi,India,Corporate,2022-04-21
CUST-00245,Pooja Das,Female,28,Chennai,Tamil Nadu,India,Small Business,2023-09-16
CUST-00246,Aman Sharma,Male,40,Kolkata,West Bengal,India,Consumer,2023-06-19
CUST-00247,Mohit Kapoor,Male,61,Gurugram,Haryana,India,Consumer,2022-03-02
CUST-00248,Anjali Kapoor,Female,25,Gurugram,Haryana,India,Consumer,2024-09-28
CUST-00249,Nisha Singh,Female,53,Kolkata,West Bengal,India,Consumer,2023-09-01
CUST-00250,Kriti Banerjee,Female,30,Delhi,Delhi,India,Small Business,2024-12-15
CUST-00251,Kriti Patel,Female,40,Chennai,Tamil Nadu,India,Consumer,2023-07-11
CUST-00252,Riya Chatterjee,Female,40,Bengaluru,Karnataka,India,Consumer,2023-09-29
CUST-00253,Priya Shah,Female,32,Ranchi,Jharkhand,India,Corporate,2022-08-26
CUST-00254,Shreya Roy,Female,31,Chandigarh,Chandigarh,India,Small Business,2025-01-19
CUST-00255,Aashi Srinivasan,Other,40,Jaipur,Rajasthan,India,Consumer,2023-01-22
CUST-00256,Nisha Sharma,Female,28,Kolkata,West Bengal,India,Small Business,2023-03-03
CUST-00257,Aryan Chatterjee,Male,32,Pune,Maharashtra,India,Consumer,2025-11-13
CUST-00258,Ananya Gupta,Female,32,Visakhapatnam,Andhra Pradesh,India,Corporate,2025-08-25
CUST-00259,Yash Mehta,Male,29,Visakhapatnam,Andhra Pradesh,India,Consumer,2023-11-07
CUST-00260,Aryan Reddy,Male,25,Bengaluru,Karnataka,India,Small Business,2023-02-02
CUST-00261,Kriti Iyer,Female,35,Raipur,Chhattisgarh,India,Corporate,2024-09-04
CUST-00262,Isha Bhat,Female,42,Coimbatore,Tamil Nadu,India,Consumer,2022-12-30
CUST-00263,Aditi Pandey,Female,38,Indore,Madhya Pradesh,India,Small Business,2022-04-23
CUST-00264,Kavya Jain,Female,52,Hyderabad,Telangana,India,Consumer,2025-07-30
CUST-00265,Harsh Jain,Male,34,Kolkata,West Bengal,India,Consumer,2025-04-12
CUST-00266,Arjun Agarwal,Male,55,Delhi,Delhi,India,Corporate,2023-07-17
CUST-00267,Nisha Khanna,Female,24,Bengaluru,Karnataka,India,Consumer,2023-07-20
CUST-00268,Vivek Mehta,Male,37,Jaipur,Rajasthan,India,Consumer,2024-06-21
CUST-00269,Aman Chatterjee,Male,41,Delhi,Delhi,India,Consumer,2023-06-19
CUST-00270,Anjali यादव,Female,31,Pune,Maharashtra,India,Consumer,2025-07-21
CUST-00271,Pranav Mehta,Male,36,Gurugram,Haryana,India,Consumer,2023-12-19
CUST-00272,Saanvi Agarwal,Female,28,Chennai,Tamil Nadu,India,Consumer,2025-05-26
CUST-00273,Aadi Banerjee,Other,55,Bengaluru,Karnataka,India,Consumer,2023-07-04
CUST-00274,Rohan Nair,Male,44,Delhi,Delhi,India,Small Business,2022-03-16
CUST-00275,Rahul Mukherjee,Male,44,Gurugram,Haryana,India,Consumer,2022-02-27
CUST-00276,Divya Iyer,Female,40,Indore,Madhya Pradesh,India,Consumer,2025-10-16
CUST-00277,Nikhil Kapoor,Male,36,Delhi,Delhi,India,Corporate,2023-08-21
CUST-00278,Anjali Verma,Female,40,Gurugram,Haryana,India,Consumer,2023-09-10
CUST-00279,Aman Gupta,Male,55,Chandigarh,Chandigarh,India,Small Business,2025-04-29
CUST-00280,Nisha Gupta,Female,55,Hyderabad,Telangana,India,Consumer,2024-04-09
CUST-00281,Kunal Mukherjee,Male,46,Lucknow,Uttar Pradesh,India,Consumer,2023-05-28
CUST-00282,Nikhil Roy,Male,34,Chandigarh,Chandigarh,India,Consumer,2025-03-17
CUST-00283,Kunal यादव,Male,36,Bhubaneswar,Odisha,India,Corporate,2024-10-14
CUST-00284,Aman Iyer,Male,28,Kolkata,West Bengal,India,Small Business,2025-09-21
CUST-00285,Rohan Mukherjee,Male,36,Bengaluru,Karnataka,India,Consumer,2022-11-29
CUST-00286,Manish Reddy,Male,30,Surat,Gujarat,India,Consumer,2022-12-28
CUST-00287,Ankit Chatterjee,Male,27,Chennai,Tamil Nadu,India,Consumer,2025-06-29
CUST-00288,Meera यादव,Female,42,Kolkata,West Bengal,India,Consumer,2025-07-29
CUST-00289,Vaishnavi Verma,Female,44,Kolkata,West Bengal,India,Small Business,2023-04-21
CUST-00290,Neha Khanna,Female,32,Mumbai,Maharashtra,India,Consumer,2023-04-14
CUST-00291,Avni Mukherjee,Other,39,Surat,Gujarat,India,Corporate,2025-07-07
CUST-00292,Mohit Agarwal,Male,37,Delhi,Delhi,India,Consumer,2023-07-19
CUST-00293,Saanvi Mukherjee,Female,31,Lucknow,Uttar Pradesh,India,Consumer,2024-08-25
CUST-00294,Rahul Mishra,Male,27,Ahmedabad,Gujarat,India,Consumer,2023-09-23
CUST-00295,Kunal Kulkarni,Male,45,Mumbai,Maharashtra,India,Consumer,2023-07-03
CUST-00296,Rahul Khanna,Male,41,Coimbatore,Tamil Nadu,India,Small Business,2024-03-12
CUST-00297,Aanya यादव,Female,41,Patna,Bihar,India,Consumer,2023-07-20
CUST-00298,Nikhil Sharma,Male,32,Delhi,Delhi,India,Consumer,2024-10-08
CUST-00299,Aman Jain,Male,50,Jaipur,Rajasthan,India,Consumer,2023-12-18
CUST-00300,Rohan Srinivasan,Male,21,Bengaluru,Karnataka,India,Small Business,2025-11-29
CUST-00301,Aditi Nair,Female,43,Gurugram,Haryana,India,Consumer,2022-01-18
CUST-00302,Rahul Khanna,Male,32,Bhubaneswar,Odisha,India,Consumer,2023-12-09
CUST-00303,Avni Agarwal,Other,20,Mumbai,Maharashtra,India,Consumer,2024-08-25
CUST-00304,Ankit Sharma,Male,31,Delhi,Delhi,India,Consumer,2025-08-27
CUST-00305,Rahul Gupta,Male,47,Hyderabad,Telangana,India,Consumer,2025-07-30
CUST-00306,Aanya Gupta,Female,55,Hyderabad,Telangana,India,Consumer,2025-08-16
CUST-00307,Sneha Roy,Female,29,Chennai,Tamil Nadu,India,Consumer,2025-12-24
CUST-00308,Vivek Khanna,Male,43,Kolkata,West Bengal,India,Consumer,2022-11-16
CUST-00309,Saanvi Chatterjee,Female,44,Kochi,Kerala,India,Consumer,2023-07-03
CUST-00310,Rahul Verma,Male,47,Ahmedabad,Gujarat,India,Consumer,2023-09-13
CUST-00311,Rohan Khanna,Male,33,Bengaluru,Karnataka,India,Consumer,2022-08-20
CUST-00312,Pooja Pandey,Female,27,Chennai,Tamil Nadu,India,Consumer,2025-04-22
CUST-00313,Neha Iyer,Female,34,Pune,Maharashtra,India,Consumer,2023-04-08
CUST-00314,Pooja Banerjee,Female,29,Ahmedabad,Gujarat,India,Consumer,2023-06-13
CUST-00315,Yash Mehta,Male,50,Jaipur,Rajasthan,India,Small Business,2022-05-19
CUST-00316,Aryan Das,Male,33,Kolkata,West Bengal,India,Consumer,2023-06-20
CUST-00317,Arjun Verma,Male,30,Patna,Bihar,India,Consumer,2024-07-19
CUST-00318,Aditya Verma,Male,33,Pune,Maharashtra,India,Consumer,2023-02-06
CUST-00319,Aryan Kulkarni,Male,34,Delhi,Delhi,India,Consumer,2025-11-17
CUST-00320,Shiv Iyer,Other,52,Bhubaneswar,Odisha,India,Consumer,2022-01-05
CUST-00321,Kavya Verma,Female,44,Bengaluru,Karnataka,India,Consumer,2023-08-03
CUST-00322,Ananya Das,Female,30,Kolkata,West Bengal,India,Consumer,2025-10-23
CUST-00323,Anjali Reddy,Female,36,Kolkata,West Bengal,India,Consumer,2024-12-25
CUST-00324,Ankit Agarwal,Male,23,Bengaluru,Karnataka,India,Consumer,2024-07-03
CUST-00325,Anushka Das,Female,22,Bengaluru,Karnataka,India,Consumer,2022-09-07
CUST-00326,Vivek यादव,Male,24,Visakhapatnam,Andhra Pradesh,India,Small Business,2025-03-17
CUST-00327,Manish Srinivasan,Male,29,Ahmedabad,Gujarat,India,Consumer,2023-07-21
CUST-00328,Vivek Sharma,Male,46,Jaipur,Rajasthan,India,Corporate,2024-02-07
CUST-00329,Mohit Kapoor,Male,20,Jaipur,Rajasthan,India,Consumer,2022-04-30
CUST-00330,Saanvi Mukherjee,Female,36,Mumbai,Maharashtra,India,Consumer,2023-02-20
CUST-00331,Pranav Verma,Male,30,Pune,Maharashtra,India,Consumer,2022-05-07
CUST-00332,Shreya Srinivasan,Female,41,Delhi,Delhi,India,Consumer,2024-08-05
CUST-00333,Rahul Kapoor,Male,50,Siliguri,West Bengal,India,Consumer,2023-09-14
CUST-00334,Divya Roy,Female,42,Surat,Gujarat,India,Corporate,2022-04-25
CUST-00335,Isha Verma,Female,37,Mumbai,Maharashtra,India,Small Business,2023-11-10
CUST-00336,Vikas Agarwal,Male,41,Srinagar,Jammu and Kashmir,India,Consumer,2024-07-01
CUST-00337,Siddharth Shah,Male,50,Ahmedabad,Gujarat,India,Small Business,2022-09-19
CUST-00338,Vaishnavi Sharma,Female,35,Delhi,Delhi,India,Corporate,2023-05-14
CUST-00339,Vaishnavi Srinivasan,Female,36,Coimbatore,Tamil Nadu,India,Consumer,2022-06-27
CUST-00340,Neha Banerjee,Female,31,Coimbatore,Tamil Nadu,India,Small Business,2023-04-29
CUST-00341,Pranav Roy,Male,59,Gurugram,Haryana,India,Consumer,2025-01-14
CUST-00342,Pooja Das,Female,45,Gurugram,Haryana,India,Small Business,2025-02-15
CUST-00343,Divya Pandey,Female,48,Delhi,Delhi,India,Small Business,2024-08-28
CUST-00344,Aditi Kapoor,Female,50,Kolkata,West Bengal,India,Corporate,2022-11-25
CUST-00345,Nisha Agarwal,Female,26,Ahmedabad,Gujarat,India,Small Business,2025-09-06
CUST-00346,Shreya Agarwal,Female,50,Bengaluru,Karnataka,India,Consumer,2025-06-10
CUST-00347,Anushka Roy,Female,35,Mumbai,Maharashtra,India,Corporate,2024-01-20
CUST-00348,Priya Singh,Female,39,Gurugram,Haryana,India,Corporate,2025-05-05
CUST-00349,Aman Verma,Male,36,Surat,Gujarat,India,Small Business,2025-08-09
CUST-00350,Vivek Bhat,Male,33,Mumbai,Maharashtra,India,Consumer,2022-02-23
CUST-00351,Karan Kapoor,Male,31,Delhi,Delhi,India,Consumer,2024-11-28
CUST-00352,Karan Kulkarni,Male,26,Patna,Bihar,India,Consumer,2023-03-30
CUST-00353,Nikhil Reddy,Male,27,Mumbai,Maharashtra,India,Consumer,2022-07-01
CUST-00354,Aditya Khanna,Male,42,Hyderabad,Telangana,India,Consumer,2024-02-29
CUST-00355,Kavya Patel,Female,22,Bengaluru,Karnataka,India,Consumer,2022-03-03
CUST-00356,Manish Banerjee,Male,30,Chennai,Tamil Nadu,India,Consumer,2022-04-14
CUST-00357,Sneha Mukherjee,Female,39,Delhi,Delhi,India,Corporate,2024-08-23
CUST-00358,Akash Mehta,Male,22,Delhi,Delhi,India,Corporate,2022-07-19
CUST-00359,Vivek Reddy,Male,50,Chandigarh,Chandigarh,India,Consumer,2025-02-28
CUST-00360,Akash Sharma,Male,33,Jaipur,Rajasthan,India,Consumer,2025-03-18
CUST-00361,Kavya Nair,Female,28,Patna,Bihar,India,Consumer,2023-09-05
CUST-00362,Manish Agarwal,Male,41,Gurugram,Haryana,India,Consumer,2023-10-13
CUST-00363,Tanvi Iyer,Female,60,Bengaluru,Karnataka,India,Consumer,2025-08-25
CUST-00364,Deepak Shah,Male,27,Bhubaneswar,Odisha,India,Corporate,2022-02-17
CUST-00365,Siddharth यादव,Male,32,Jaipur,Rajasthan,India,Consumer,2024-10-17
CUST-00366,Kavya Iyer,Female,40,Hyderabad,Telangana,India,Small Business,2024-01-18
CUST-00367,Aditi Das,Female,53,Pune,Maharashtra,India,Consumer,2023-11-05
CUST-00368,Priya Mukherjee,Female,27,Kolkata,West Bengal,India,Small Business,2024-10-28
CUST-00369,Ananya Sharma,Female,21,Delhi,Delhi,India,Consumer,2025-08-24
CUST-00370,Anjali Bhat,Female,48,Mumbai,Maharashtra,India,Consumer,2022-12-01
CUST-00371,Kavya Srinivasan,Female,62,Delhi,Delhi,India,Consumer,2023-08-01
CUST-00372,Siddharth Sharma,Male,36,Bengaluru,Karnataka,India,Consumer,2022-09-17
CUST-00373,Kriti Bhat,Female,32,Kolkata,West Bengal,India,Consumer,2025-04-04
CUST-00374,Samarth Kapoor,Other,27,Jaipur,Rajasthan,India,Consumer,2024-01-22
CUST-00375,Karan Agarwal,Male,35,Hyderabad,Telangana,India,Consumer,2023-07-11
CUST-00376,Aryan Mehta,Male,51,Hyderabad,Telangana,India,Consumer,2022-04-22
CUST-00377,Aarav Reddy,Male,31,Coimbatore,Tamil Nadu,India,Consumer,2024-10-24
CUST-00378,Riya Mukherjee,Female,38,Mumbai,Maharashtra,India,Consumer,2022-05-06
CUST-00379,Rishi Mukherjee,Other,31,Kolkata,West Bengal,India,Consumer,2024-01-06
CUST-00380,Harsh Srinivasan,Male,22,Pune,Maharashtra,India,Corporate,2022-04-25
CUST-00381,Vaishnavi Gupta,Female,29,Bengaluru,Karnataka,India,Consumer,2023-12-22
CUST-00382,Neha Gupta,Female,38,Kolkata,West Bengal,India,Consumer,2025-03-22
CUST-00383,Shreya Sharma,Female,22,Raipur,Chhattisgarh,India,Consumer,2025-12-08
CUST-00384,Akash Sharma,Male,26,Ahmedabad,Gujarat,India,Consumer,2023-10-19
CUST-00385,Vikas Shah,Male,35,Lucknow,Uttar Pradesh,India,Consumer,2022-08-22
CUST-00386,Divya Nair,Female,51,Bengaluru,Karnataka,India,Consumer,2024-01-25
CUST-00387,Neha Banerjee,Female,51,Mumbai,Maharashtra,India,Corporate,2025-04-02
CUST-00388,Manish Sharma,Male,52,Kolkata,West Bengal,India,Consumer,2023-11-03
CUST-00389,Tanvi Jain,Female,44,Bengaluru,Karnataka,India,Consumer,2022-03-13
CUST-00390,Harsh Mukherjee,Male,35,Bengaluru,Karnataka,India,Consumer,2025-08-12
CUST-00391,Saanvi Das,Female,32,Bengaluru,Karnataka,India,Small Business,2022-05-01
CUST-00392,Deepika Kulkarni,Female,57,Srinagar,Jammu and Kashmir,India,Consumer,2024-03-18
CUST-00393,Nisha Shah,Female,31,Mumbai,Maharashtra,India,Corporate,2023-06-19
CUST-00394,Vivek Srinivasan,Male,40,Chandigarh,Chandigarh,India,Consumer,2024-05-01
CUST-00395,Mohit यादव,Male,52,Chennai,Tamil Nadu,India,Consumer,2025-03-16
CUST-00396,Priya Pandey,Female,42,Gurugram,Haryana,India,Corporate,2025-07-05
CUST-00397,Riya Shah,Female,31,Surat,Gujarat,India,Small Business,2025-12-03
CUST-00398,Rohan Kapoor,Male,31,Jaipur,Rajasthan,India,Consumer,2025-10-16
CUST-00399,Yash Mukherjee,Male,31,Goa,Goa,India,Small Business,2022-08-29
CUST-00400,Vaishnavi यादव,Female,45,Mumbai,Maharashtra,India,Corporate,2023-10-28
CUST-00401,Mohit Mukherjee,Male,20,Siliguri,West Bengal,India,Consumer,2024-06-16
CUST-00402,Deepak Kulkarni,Male,27,Indore,Madhya Pradesh,India,Consumer,2024-09-21
CUST-00403,Karan Singh,Male,32,Mumbai,Maharashtra,India,Consumer,2024-11-27
CUST-00404,Saanvi Srinivasan,Female,60,Surat,Gujarat,India,Consumer,2024-09-19
CUST-00405,Meera Sharma,Female,30,Kolkata,West Bengal,India,Small Business,2022-10-25
CUST-00406,Kunal Reddy,Male,32,Chandigarh,Chandigarh,India,Consumer,2023-08-18
CUST-00407,Neha Mukherjee,Female,31,Ahmedabad,Gujarat,India,Consumer,2022-09-27
CUST-00408,Nisha Das,Female,48,Ahmedabad,Gujarat,India,Consumer,2023-08-20
CUST-00409,Sandeep Pandey,Male,31,Jaipur,Rajasthan,India,Consumer,2022-12-07
CUST-00410,Sneha Agarwal,Female,35,Coimbatore,Tamil Nadu,India,Consumer,2025-11-05
CUST-00411,Isha Kulkarni,Female,40,Delhi,Delhi,India,Consumer,2025-04-12
CUST-00412,Aarav Agarwal,Male,29,Raipur,Chhattisgarh,India,Consumer,2024-09-09
CUST-00413,Pranav Srinivasan,Male,53,Hyderabad,Telangana,India,Consumer,2023-07-04
CUST-00414,Shreya Reddy,Female,62,Mumbai,Maharashtra,India,Consumer,2024-06-01
CUST-00415,Deepika Gupta,Female,40,Ahmedabad,Gujarat,India,Consumer,2025-06-19
CUST-00416,Isha Srinivasan,Female,36,Chennai,Tamil Nadu,India,Consumer,2025-02-19
CUST-00417,Manish Reddy,Male,44,Kolkata,West Bengal,India,Small Business,2024-06-30
CUST-00418,Aditi Singh,Female,34,Chennai,Tamil Nadu,India,Consumer,2023-11-03
CUST-00419,Anushka Mishra,Female,18,Mumbai,Maharashtra,India,Small Business,2025-10-24
CUST-00420,Aman Kapoor,Male,31,Ahmedabad,Gujarat,India,Consumer,2023-10-28
CUST-00421,Aanya Agarwal,Female,36,Guwahati,Assam,India,Consumer,2024-09-29
CUST-00422,Sneha यादव,Female,30,Visakhapatnam,Andhra Pradesh,India,Consumer,2025-07-30
CUST-00423,Saanvi Banerjee,Female,47,Indore,Madhya Pradesh,India,Consumer,2024-01-14
CUST-00424,Divya Mehta,Female,29,Gurugram,Haryana,India,Consumer,2023-03-30
CUST-00425,Rahul Reddy,Male,31,Delhi,Delhi,India,Consumer,2024-01-02
CUST-00426,Vaishnavi Nair,Female,47,Mumbai,Maharashtra,India,Corporate,2022-09-22
CUST-00427,Neha Chatterjee,Female,30,Hyderabad,Telangana,India,Small Business,2022-05-29
CUST-00428,Divya Kapoor,Female,36,Delhi,Delhi,India,Small Business,2023-01-02
CUST-00429,Karan Chatterjee,Male,39,Bhubaneswar,Odisha,India,Consumer,2024-03-16
CUST-00430,Kavya Singh,Female,27,Kolkata,West Bengal,India,Consumer,2023-08-20
CUST-00431,Dev Srinivasan,Male,52,Delhi,Delhi,India,Consumer,2025-07-08
CUST-00432,Aditi Shah,Female,47,Kolkata,West Bengal,India,Consumer,2022-05-21
CUST-00433,Aditi Mukherjee,Female,49,Delhi,Delhi,India,Consumer,2024-05-21
CUST-00434,Kavya Pandey,Female,41,Surat,Gujarat,India,Consumer,2025-04-23
CUST-00435,Vivek Chatterjee,Male,39,Hyderabad,Telangana,India,Consumer,2023-09-02
CUST-00436,Pooja Patel,Female,47,Mumbai,Maharashtra,India,Consumer,2022-03-16
CUST-00437,Nikhil Pandey,Male,25,Indore,Madhya Pradesh,India,Consumer,2024-03-11
CUST-00438,Sandeep Bhat,Male,42,Kochi,Kerala,India,Consumer,2023-03-02
CUST-00439,Deepak Chatterjee,Male,38,Delhi,Delhi,India,Consumer,2024-12-21
CUST-00440,Mohit Reddy,Male,28,Kochi,Kerala,India,Small Business,2025-09-12
CUST-00441,Aditi Sharma,Female,34,Delhi,Delhi,India,Consumer,2024-02-19
CUST-00442,Ananya Verma,Female,48,Raipur,Chhattisgarh,India,Consumer,2024-03-24
CUST-00443,Pooja Iyer,Female,19,Surat,Gujarat,India,Consumer,2025-11-06
CUST-00444,Aanya Pandey,Female,62,Chennai,Tamil Nadu,India,Consumer,2023-09-15
CUST-00445,Ananya Mehta,Female,25,Delhi,Delhi,India,Consumer,2025-11-11
CUST-00446,Priya Khanna,Female,24,Bhubaneswar,Odisha,India,Consumer,2025-04-15
CUST-00447,Manish Iyer,Male,23,Jaipur,Rajasthan,India,Consumer,2025-11-21
CUST-00448,Neha Singh,Female,50,Mumbai,Maharashtra,India,Consumer,2024-11-18
CUST-00449,Isha Patel,Female,50,Chennai,Tamil Nadu,India,Consumer,2024-08-10
CUST-00450,Anjali Patel,Female,23,Kolkata,West Bengal,India,Consumer,2025-05-29
CUST-00451,Aanya Khanna,Female,33,Ahmedabad,Gujarat,India,Consumer,2023-07-13
CUST-00452,Kriti Agarwal,Female,34,Kochi,Kerala,India,Corporate,2024-01-08
CUST-00453,Nisha Reddy,Female,41,Kolkata,West Bengal,India,Consumer,2022-06-20
CUST-00454,Nikhil Shah,Male,36,Mumbai,Maharashtra,India,Small Business,2024-02-21
CUST-00455,Vikas Reddy,Male,38,Bengaluru,Karnataka,India,Consumer,2024-05-10
CUST-00456,Aarav Srinivasan,Male,30,Surat,Gujarat,India,Consumer,2024-05-20
CUST-00457,Pooja Agarwal,Female,43,Visakhapatnam,Andhra Pradesh,India,Consumer,2023-10-20
CUST-00458,Tanvi Patel,Female,31,Surat,Gujarat,India,Consumer,2024-12-03
CUST-00459,Vivek Srinivasan,Male,56,Chennai,Tamil Nadu,India,Consumer,2024-04-05
CUST-00460,Dev Mukherjee,Male,38,Gurugram,Haryana,India,Consumer,2022-03-20
CUST-00461,Nisha Shah,Female,38,Ahmedabad,Gujarat,India,Consumer,2024-04-04
CUST-00462,Akash Sharma,Male,43,Chandigarh,Chandigarh,India,Consumer,2025-10-02
CUST-00463,Sneha Sharma,Female,41,Mumbai,Maharashtra,India,Consumer,2024-02-17
CUST-00464,Aarav Jain,Male,32,Mumbai,Maharashtra,India,Consumer,2025-07-30
CUST-00465,Isha Pandey,Female,50,Delhi,Delhi,India,Consumer,2025-01-29
CUST-00466,Pranav Sharma,Male,39,Guwahati,Assam,India,Consumer,2024-12-14
CUST-00467,Dev Agarwal,Male,35,Visakhapatnam,Andhra Pradesh,India,Small Business,2025-06-13
CUST-00468,Riya यादव,Female,44,Delhi,Delhi,India,Consumer,2025-02-07
CUST-00469,Nisha Chatterjee,Female,24,Chennai,Tamil Nadu,India,Corporate,2022-12-24
CUST-00470,Rohan Kulkarni,Male,58,Lucknow,Uttar Pradesh,India,Consumer,2025-10-03
CUST-00471,Aanya Kapoor,Female,60,Hyderabad,Telangana,India,Small Business,2024-07-24
CUST-00472,Neha Mehta,Female,45,Hyderabad,Telangana,India,Consumer,2023-11-15
CUST-00473,Harsh Mishra,Male,36,Gurugram,Haryana,India,Consumer,2022-03-29
CUST-00474,Vaishnavi यादव,Female,28,Srinagar,Jammu and Kashmir,India,Consumer,2022-07-17
CUST-00475,Nikhil Kulkarni,Male,27,Bengaluru,Karnataka,India,Consumer,2022-01-02
CUST-00476,Akash Mukherjee,Male,26,Lucknow,Uttar Pradesh,India,Small Business,2022-01-03
CUST-00477,Isha Mishra,Female,26,Bengaluru,Karnataka,India,Corporate,2024-06-23
CUST-00478,Aanya Das,Female,29,Ahmedabad,Gujarat,India,Consumer,2022-10-30
CUST-00479,Meera Srinivasan,Female,38,Gurugram,Haryana,India,Consumer,2022-01-02
CUST-00480,Shreya Jain,Female,30,Gurugram,Haryana,India,Consumer,2023-03-20
CUST-00481,Priya Sharma,Female,35,Chennai,Tamil Nadu,India,Consumer,2023-07-24
CUST-00482,Nisha Banerjee,Female,37,Lucknow,Uttar Pradesh,India,Small Business,2022-08-27
CUST-00483,Aditi Bhat,Female,25,Kolkata,West Bengal,India,Consumer,2022-10-17
CUST-00484,Arjun Shah,Male,49,Mumbai,Maharashtra,India,Consumer,2024-01-21
CUST-00485,Karan Nair,Male,35,Coimbatore,Tamil Nadu,India,Consumer,2024-03-20
CUST-00486,Ankit Shah,Male,36,Bhubaneswar,Odisha,India,Consumer,2023-07-27
CUST-00487,Kunal Gupta,Male,45,Bengaluru,Karnataka,India,Small Business,2022-02-15
CUST-00488,Rahul Mehta,Male,24,Pune,Maharashtra,India,Consumer,2024-06-08
CUST-00489,Anushka Bhat,Female,52,Goa,Goa,India,Consumer,2024-02-15
CUST-00490,Aman Iyer,Male,36,Hyderabad,Telangana,India,Consumer,2024-07-13
CUST-00491,Aman Iyer,Male,40,Chennai,Tamil Nadu,India,Corporate,2024-08-15
CUST-00492,Kunal Bhat,Male,54,Chennai,Tamil Nadu,India,Consumer,2024-10-12
CUST-00493,Yash Verma,Male,29,Gurugram,Haryana,India,Consumer,2022-08-16
CUST-00494,Ankit Srinivasan,Male,32,Patna,Bihar,India,Consumer,2022-05-24
CUST-00495,Sandeep Das,Male,30,Kolkata,West Bengal,India,Corporate,2025-04-28
CUST-00496,Tanvi Bhat,Female,28,Jaipur,Rajasthan,India,Consumer,2022-10-09
CUST-00497,Priya Patel,Female,50,Delhi,Delhi,India,Consumer,2024-10-28
CUST-00498,Aanya Mehta,Female,62,Mumbai,Maharashtra,India,Consumer,2025-08-15
CUST-00499,Rohan Roy,Male,41,Ahmedabad,Gujarat,India,Consumer,2024-03-06
CUST-00500,Kunal Banerjee,Male,50,Mumbai,Maharashtra,India,Corporate,2024-08-24
CUST-00501,Vaishnavi Chatterjee,Female,28,Chennai,Tamil Nadu,India,Corporate,2022-05-26
CUST-00502,Divya Patel,Female,48,Bengaluru,Karnataka,India,Consumer,2023-03-03
CUST-00503,Dev Verma,Male,46,Visakhapatnam,Andhra Pradesh,India,Small Business,2025-08-05
CUST-00504,Saanvi Iyer,Female,34,Gurugram,Haryana,India,Consumer,2025-08-08
CUST-00505,Manish Srinivasan,Male,36,Delhi,Delhi,India,Corporate,2024-03-04
CUST-00506,Priya Verma,Female,37,Chennai,Tamil Nadu,India,Consumer,2024-11-23
CUST-00507,Anjali Kapoor,Female,63,Gurugram,Haryana,India,Consumer,2024-05-22
CUST-00508,Aditi Mukherjee,Female,34,Hyderabad,Telangana,India,Consumer,2025-06-22
CUST-00509,Ananya Banerjee,Female,46,Indore,Madhya Pradesh,India,Consumer,2025-07-20
CUST-00510,Aanya Khanna,Female,28,Ranchi,Jharkhand,India,Consumer,2023-04-18
CUST-00511,Neha Sharma,Female,50,Pune,Maharashtra,India,Consumer,2022-08-08
CUST-00512,Deepika Das,Female,25,Coimbatore,Tamil Nadu,India,Consumer,2023-07-29
CUST-00513,Aarav Mishra,Male,23,Raipur,Chhattisgarh,India,Corporate,2025-12-03
CUST-00514,Harsh Gupta,Male,35,Pune,Maharashtra,India,Consumer,2025-10-04
CUST-00515,Kunal Banerjee,Male,37,Delhi,Delhi,India,Consumer,2024-02-07
CUST-00516,Dev Patel,Male,37,Bengaluru,Karnataka,India,Consumer,2023-12-26
CUST-00517,Anushka Khanna,Female,41,Bengaluru,Karnataka,India,Consumer,2024-07-04
CUST-00518,Aryan Banerjee,Male,38,Chandigarh,Chandigarh,India,Small Business,2024-03-14
CUST-00519,Kriti Reddy,Female,33,Lucknow,Uttar Pradesh,India,Consumer,2025-02-02
CUST-00520,Kiran Chatterjee,Other,25,Chennai,Tamil Nadu,India,Consumer,2024-08-30
CUST-00521,Divya Reddy,Female,39,Gurugram,Haryana,India,Corporate,2023-07-03
CUST-00522,Nikhil Mishra,Male,29,Gurugram,Haryana,India,Consumer,2022-09-29
CUST-00523,Aarav Kapoor,Male,61,Kolkata,West Bengal,India,Corporate,2024-05-25
CUST-00524,Sandeep Chatterjee,Male,55,Gurugram,Haryana,India,Consumer,2025-11-20
CUST-00525,Pranav Mishra,Male,27,Mumbai,Maharashtra,India,Consumer,2023-11-29
CUST-00526,Vikas Nair,Male,32,Ranchi,Jharkhand,India,Small Business,2022-05-14
CUST-00527,Deepak Khanna,Male,54,Surat,Gujarat,India,Small Business,2025-04-20
CUST-00528,Aditi Kapoor,Female,49,Ranchi,Jharkhand,India,Corporate,2023-11-16
CUST-00529,Pooja Jain,Female,40,Raipur,Chhattisgarh,India,Consumer,2025-04-21
CUST-00530,Aman Reddy,Male,36,Gurugram,Haryana,India,Consumer,2022-12-23
CUST-00531,Aryan Verma,Male,29,Mumbai,Maharashtra,India,Consumer,2024-02-13
CUST-00532,Divya Kapoor,Female,38,Ahmedabad,Gujarat,India,Consumer,2025-08-04
CUST-00533,Yash Chatterjee,Male,47,Gurugram,Haryana,India,Consumer,2024-12-20
CUST-00534,Anushka Verma,Female,62,Ahmedabad,Gujarat,India,Consumer,2024-02-24
CUST-00535,Manish Khanna,Male,23,Ahmedabad,Gujarat,India,Consumer,2024-11-06
CUST-00536,Siddharth Gupta,Male,34,Patna,Bihar,India,Small Business,2025-02-09
CUST-00537,Rohan Mehta,Male,33,Mumbai,Maharashtra,India,Consumer,2022-08-27
CUST-00538,Neha यादव,Female,22,Visakhapatnam,Andhra Pradesh,India,Consumer,2023-01-15
CUST-00539,Harsh Singh,Male,61,Kolkata,West Bengal,India,Consumer,2023-08-30
CUST-00540,Shreya Jain,Female,29,Coimbatore,Tamil Nadu,India,Consumer,2025-03-20
CUST-00541,Riya Mukherjee,Female,52,Gurugram,Haryana,India,Small Business,2024-03-13
CUST-00542,Ankit Mishra,Male,40,Bengaluru,Karnataka,India,Consumer,2023-05-10
CUST-00543,Pooja Srinivasan,Female,46,Kolkata,West Bengal,India,Consumer,2025-03-18
CUST-00544,Harsh Sharma,Male,24,Lucknow,Uttar Pradesh,India,Small Business,2022-11-21
CUST-00545,Kriti Bhat,Female,26,Delhi,Delhi,India,Corporate,2025-01-23
CUST-00546,Saanvi Chatterjee,Female,33,Srinagar,Jammu and Kashmir,India,Corporate,2025-12-21
CUST-00547,Anjali Pandey,Female,53,Patna,Bihar,India,Consumer,2022-10-10
CUST-00548,Dev Nair,Male,31,Kolkata,West Bengal,India,Consumer,2023-06-21
CUST-00549,Divya Mukherjee,Female,64,Pune,Maharashtra,India,Consumer,2022-06-21
CUST-00550,Pranav Mukherjee,Male,26,Mumbai,Maharashtra,India,Small Business,2023-12-16
CUST-00551,Shreya Mehta,Female,46,Patna,Bihar,India,Small Business,2023-08-22
CUST-00552,Kavya Nair,Female,41,Gurugram,Haryana,India,Small Business,2025-09-20
CUST-00553,Aanya Shah,Female,23,Bengaluru,Karnataka,India,Consumer,2022-01-22
CUST-00554,Aanya Banerjee,Female,38,Lucknow,Uttar Pradesh,India,Consumer,2025-03-03
CUST-00555,Neha Mishra,Female,43,Pune,Maharashtra,India,Consumer,2022-12-26
CUST-00556,Aditi Agarwal,Female,47,Coimbatore,Tamil Nadu,India,Consumer,2022-07-30
CUST-00557,Nisha Roy,Female,26,Bengaluru,Karnataka,India,Corporate,2025-06-18
CUST-00558,Priya Iyer,Female,43,Chennai,Tamil Nadu,India,Consumer,2024-10-20
CUST-00559,Kriti Jain,Female,32,Delhi,Delhi,India,Consumer,2022-07-03
CUST-00560,Riya Bhat,Female,47,Patna,Bihar,India,Consumer,2025-06-23
CUST-00561,Nikhil Bhat,Male,25,Bengaluru,Karnataka,India,Small Business,2025-06-25
CUST-00562,Isha Sharma,Female,27,Chennai,Tamil Nadu,India,Consumer,2023-02-03
CUST-00563,Aryan Jain,Male,27,Pune,Maharashtra,India,Consumer,2022-11-18
CUST-00564,Karan Das,Male,46,Hyderabad,Telangana,India,Small Business,2024-02-01
CUST-00565,Priya Kapoor,Female,38,Lucknow,Uttar Pradesh,India,Consumer,2023-07-13
CUST-00566,Kavya Mehta,Female,27,Delhi,Delhi,India,Consumer,2022-05-22
CUST-00567,Deepak Roy,Male,34,Delhi,Delhi,India,Consumer,2022-08-03
CUST-00568,Kavya Pandey,Female,52,Mumbai,Maharashtra,India,Consumer,2024-07-26
CUST-00569,Anjali Kapoor,Female,49,Jaipur,Rajasthan,India,Consumer,2023-03-05
CUST-00570,Rohan Banerjee,Male,28,Mumbai,Maharashtra,India,Consumer,2022-02-22
CUST-00571,Deepika Mukherjee,Female,31,Bengaluru,Karnataka,India,Small Business,2022-01-20
CUST-00572,Kavya Patel,Female,34,Ranchi,Jharkhand,India,Consumer,2022-11-13
CUST-00573,Aman Iyer,Male,30,Jaipur,Rajasthan,India,Consumer,2022-05-03
CUST-00574,Shiv Nair,Other,49,Raipur,Chhattisgarh,India,Consumer,2024-12-16
CUST-00575,Rahul Gupta,Male,35,Bengaluru,Karnataka,India,Small Business,2024-06-25
CUST-00576,Isha Agarwal,Female,28,Bhubaneswar,Odisha,India,Consumer,2025-07-13
CUST-00577,Shiv Jain,Other,39,Pune,Maharashtra,India,Consumer,2023-08-19
CUST-00578,Arjun Bhat,Male,27,Pune,Maharashtra,India,Small Business,2022-12-23
CUST-00579,Aman Chatterjee,Male,40,Bengaluru,Karnataka,India,Consumer,2025-12-08
CUST-00580,Dev Banerjee,Male,58,Ranchi,Jharkhand,India,Small Business,2025-03-23
CUST-00581,Divya Roy,Female,51,Ranchi,Jharkhand,India,Consumer,2024-06-16
CUST-00582,Pooja Verma,Female,55,Gurugram,Haryana,India,Corporate,2025-09-06
CUST-00583,Isha Mukherjee,Female,48,Chennai,Tamil Nadu,India,Consumer,2023-02-06
CUST-00584,Aditya Khanna,Male,37,Gurugram,Haryana,India,Small Business,2025-09-15
CUST-00585,Pooja Mukherjee,Female,32,Bengaluru,Karnataka,India,Consumer,2022-03-26
CUST-00586,Aman Khanna,Male,44,Pune,Maharashtra,India,Small Business,2023-08-21
CUST-00587,Riya Mehta,Female,35,Chennai,Tamil Nadu,India,Consumer,2023-09-18
CUST-00588,Ankit Gupta,Male,37,Patna,Bihar,India,Consumer,2023-01-07
CUST-00589,Harsh Bhat,Male,43,Jaipur,Rajasthan,India,Consumer,2022-11-01
CUST-00590,Aman Shah,Male,60,Delhi,Delhi,India,Consumer,2022-08-06
CUST-00591,Siddharth Chatterjee,Male,51,Delhi,Delhi,India,Small Business,2024-11-03
CUST-00592,Kriti Das,Female,47,Delhi,Delhi,India,Consumer,2023-09-17
CUST-00593,Meera Srinivasan,Female,42,Srinagar,Jammu and Kashmir,India,Consumer,2024-08-22
CUST-00594,Siddharth Kapoor,Male,48,Ahmedabad,Gujarat,India,Consumer,2024-01-09
CUST-00595,Pranav Sharma,Male,35,Delhi,Delhi,India,Consumer,2022-12-21
CUST-00596,Pranav Srinivasan,Male,56,Bengaluru,Karnataka,India,Consumer,2023-10-27
CUST-00597,Vaishnavi Sharma,Female,42,Lucknow,Uttar Pradesh,India,Consumer,2023-12-10
CUST-00598,Rohan Khanna,Male,29,Mumbai,Maharashtra,India,Small Business,2025-06-28
CUST-00599,Kunal Sharma,Male,37,Pune,Maharashtra,India,Corporate,2022-06-04
CUST-00600,Deepak Bhat,Male,20,Kolkata,West Bengal,India,Consumer,2022-05-15
CUST-00601,Vikas Pandey,Male,30,Mumbai,Maharashtra,India,Consumer,2022-05-29
CUST-00602,Ananya Verma,Female,31,Delhi,Delhi,India,Consumer,2023-06-02
CUST-00603,Shreya Bhat,Female,23,Kolkata,West Bengal,India,Consumer,2022-10-17
CUST-00604,Mohit Reddy,Male,33,Chennai,Tamil Nadu,India,Consumer,2024-09-09
CUST-00605,Akash Khanna,Male,22,Bengaluru,Karnataka,India,Consumer,2022-07-18
CUST-00606,Aanya Banerjee,Female,47,Bengaluru,Karnataka,India,Consumer,2022-10-20
CUST-00607,Aanya Kulkarni,Female,37,Delhi,Delhi,India,Small Business,2025-10-08
CUST-00608,Nikhil Gupta,Male,30,Goa,Goa,India,Corporate,2023-06-28
CUST-00609,Nikhil Das,Male,35,Mumbai,Maharashtra,India,Small Business,2022-06-21
CUST-00610,Mohit Kulkarni,Male,48,Gurugram,Haryana,India,Consumer,2024-02-14
CUST-00611,Shiv Reddy,Other,45,Delhi,Delhi,India,Corporate,2022-06-02
CUST-00612,Vikas Mishra,Male,28,Gurugram,Haryana,India,Consumer,2023-10-29
CUST-00613,Meera Das,Female,37,Gurugram,Haryana,India,Small Business,2023-02-17
CUST-00614,Divya Shah,Female,37,Chandigarh,Chandigarh,India,Corporate,2022-11-06
CUST-00615,Nikhil Khanna,Male,34,Gurugram,Haryana,India,Consumer,2022-01-23
CUST-00616,Vivek Kulkarni,Male,29,Coimbatore,Tamil Nadu,India,Consumer,2023-04-22
CUST-00617,Pooja Kulkarni,Female,29,Chandigarh,Chandigarh,India,Consumer,2022-08-07
CUST-00618,Aditi Banerjee,Female,26,Patna,Bihar,India,Consumer,2025-07-29
CUST-00619,Pranav Das,Male,34,Kolkata,West Bengal,India,Consumer,2023-09-15
CUST-00620,Siddharth यादव,Male,24,Delhi,Delhi,India,Consumer,2025-04-02
CUST-00621,Anushka Chatterjee,Female,40,Hyderabad,Telangana,India,Consumer,2023-03-10
CUST-00622,Nisha Kapoor,Female,43,Goa,Goa,India,Consumer,2024-12-26
CUST-00623,Aryan Nair,Male,59,Kolkata,West Bengal,India,Consumer,2024-03-28
CUST-00624,Deepak Mishra,Male,34,Mumbai,Maharashtra,India,Consumer,2022-10-05
CUST-00625,Deepak Mukherjee,Male,35,Siliguri,West Bengal,India,Consumer,2023-11-08
CUST-00626,Vikas Mishra,Male,48,Patna,Bihar,India,Consumer,2023-08-04
CUST-00627,Riya यादव,Female,39,Siliguri,West Bengal,India,Consumer,2022-12-22
CUST-00628,Isha यादव,Female,45,Bengaluru,Karnataka,India,Consumer,2022-12-08
CUST-00629,Divya Srinivasan,Female,23,Kochi,Kerala,India,Consumer,2025-08-09
CUST-00630,Nisha Sharma,Female,46,Mumbai,Maharashtra,India,Consumer,2022-01-07
CUST-00631,Shreya Jain,Female,41,Pune,Maharashtra,India,Consumer,2025-04-28
CUST-00632,Shreya Banerjee,Female,45,Jaipur,Rajasthan,India,Corporate,2022-07-25
CUST-00633,Saanvi Banerjee,Female,49,Bengaluru,Karnataka,India,Consumer,2024-01-16
CUST-00634,Aditi Verma,Female,32,Coimbatore,Tamil Nadu,India,Small Business,2022-10-26
CUST-00635,Arjun Chatterjee,Male,40,Delhi,Delhi,India,Small Business,2022-02-08
CUST-00636,Pranav Srinivasan,Male,44,Chennai,Tamil Nadu,India,Consumer,2025-08-25
CUST-00637,Deepika Nair,Female,54,Visakhapatnam,Andhra Pradesh,India,Corporate,2024-01-13
CUST-00638,Isha Jain,Female,30,Ahmedabad,Gujarat,India,Consumer,2024-10-26
CUST-00639,Aditya Khanna,Male,29,Delhi,Delhi,India,Consumer,2024-06-08
CUST-00640,Dev Roy,Male,32,Delhi,Delhi,India,Corporate,2022-06-09
CUST-00641,Tanvi Singh,Female,21,Bengaluru,Karnataka,India,Consumer,2022-05-20
CUST-00642,Ananya Shah,Female,28,Chennai,Tamil Nadu,India,Consumer,2023-07-25
CUST-00643,Rohan Chatterjee,Male,44,Bengaluru,Karnataka,India,Consumer,2023-03-05
CUST-00644,Ahan Banerjee,Other,48,Mumbai,Maharashtra,India,Corporate,2025-09-30
CUST-00645,Nisha Chatterjee,Female,33,Lucknow,Uttar Pradesh,India,Consumer,2024-12-28
CUST-00646,Kavya Iyer,Female,35,Hyderabad,Telangana,India,Corporate,2025-09-11
CUST-00647,Anushka यादव,Female,33,Delhi,Delhi,India,Consumer,2023-11-18
CUST-00648,Manish Kulkarni,Male,28,Mumbai,Maharashtra,India,Consumer,2024-03-26
CUST-00649,Vaishnavi Singh,Female,34,Delhi,Delhi,India,Consumer,2022-07-28
CUST-00650,Siddharth Sharma,Male,49,Gurugram,Haryana,India,Corporate,2022-07-18
CUST-00651,Deepika Agarwal,Female,36,Pune,Maharashtra,India,Consumer,2025-05-11
CUST-00652,Vikas Kulkarni,Male,31,Ahmedabad,Gujarat,India,Consumer,2025-04-19
CUST-00653,Manish यादव,Male,36,Chennai,Tamil Nadu,India,Small Business,2022-11-14
CUST-00654,Pooja यादव,Female,33,Kolkata,West Bengal,India,Consumer,2025-08-28
CUST-00655,Pranav Kulkarni,Male,27,Coimbatore,Tamil Nadu,India,Consumer,2022-04-22
CUST-00656,Vivek Reddy,Male,30,Pune,Maharashtra,India,Corporate,2025-11-20
CUST-00657,Priya Mishra,Female,32,Delhi,Delhi,India,Consumer,2024-10-23
CUST-00658,Kavya यादव,Female,32,Kochi,Kerala,India,Consumer,2024-07-23
CUST-00659,Sneha Patel,Female,39,Patna,Bihar,India,Consumer,2025-10-23
CUST-00660,Divya Mishra,Female,47,Chandigarh,Chandigarh,India,Consumer,2023-02-26
CUST-00661,Manish Gupta,Male,36,Bhubaneswar,Odisha,India,Consumer,2025-09-09
CUST-00662,Nikhil Kapoor,Male,35,Pune,Maharashtra,India,Corporate,2024-01-10
CUST-00663,Harsh Gupta,Male,28,Kolkata,West Bengal,India,Consumer,2023-05-23
CUST-00664,Yash Verma,Male,48,Delhi,Delhi,India,Small Business,2025-07-24
CUST-00665,Anushka Agarwal,Female,39,Guwahati,Assam,India,Consumer,2025-07-22
CUST-00666,Nikhil यादव,Male,42,Delhi,Delhi,India,Consumer,2024-05-14
CUST-00667,Siddharth Shah,Male,41,Gurugram,Haryana,India,Corporate,2022-05-12
CUST-00668,Dev Shah,Male,55,Ahmedabad,Gujarat,India,Consumer,2025-11-12
CUST-00669,Akash Khanna,Male,24,Jaipur,Rajasthan,India,Corporate,2025-06-23
CUST-00670,Neha Shah,Female,45,Pune,Maharashtra,India,Consumer,2023-12-20
CUST-00671,Akash Singh,Male,48,Raipur,Chhattisgarh,India,Small Business,2022-02-06
CUST-00672,Dev Nair,Male,36,Delhi,Delhi,India,Small Business,2025-12-17
CUST-00673,Neha Kulkarni,Female,46,Bhubaneswar,Odisha,India,Consumer,2022-01-19
CUST-00674,Neha यादव,Female,28,Visakhapatnam,Andhra Pradesh,India,Consumer,2024-10-04
CUST-00675,Nisha Mehta,Female,34,Ahmedabad,Gujarat,India,Consumer,2022-01-29
CUST-00676,Rahul Patel,Male,36,Mumbai,Maharashtra,India,Consumer,2022-06-02
CUST-00677,Tanay Das,Other,24,Kochi,Kerala,India,Consumer,2022-07-10
CUST-00678,Sneha Das,Female,38,Visakhapatnam,Andhra Pradesh,India,Consumer,2025-10-27
CUST-00679,Nisha Kapoor,Female,34,Gurugram,Haryana,India,Corporate,2024-11-05
CUST-00680,Shreya Sharma,Female,47,Kolkata,West Bengal,India,Consumer,2025-01-31
CUST-00681,Divya Khanna,Female,39,Bengaluru,Karnataka,India,Consumer,2024-03-14
CUST-00682,Deepak Pandey,Male,23,Mumbai,Maharashtra,India,Consumer,2023-04-09
CUST-00683,Vikas Agarwal,Male,35,Bengaluru,Karnataka,India,Consumer,2025-03-10
CUST-00684,Kavya Mishra,Female,34,Kolkata,West Bengal,India,Consumer,2023-09-26
CUST-00685,Rahul Jain,Male,55,Chennai,Tamil Nadu,India,Consumer,2024-08-10
CUST-00686,Aarav Jain,Male,43,Kochi,Kerala,India,Consumer,2022-09-21
CUST-00687,Akash Roy,Male,31,Delhi,Delhi,India,Consumer,2022-03-12
CUST-00688,Arjun Patel,Male,52,Surat,Gujarat,India,Consumer,2025-01-31
CUST-00689,Kavya Shah,Female,47,Gurugram,Haryana,India,Consumer,2024-11-12
CUST-00690,Aryan Iyer,Male,31,Mumbai,Maharashtra,India,Consumer,2025-02-23
CUST-00691,Sneha Mishra,Female,28,Mumbai,Maharashtra,India,Consumer,2023-04-22
CUST-00692,Priya Mukherjee,Female,39,Indore,Madhya Pradesh,India,Small Business,2023-04-19
CUST-00693,Aanya Patel,Female,56,Patna,Bihar,India,Consumer,2022-09-20
CUST-00694,Harsh Mukherjee,Male,37,Bengaluru,Karnataka,India,Consumer,2025-11-09
CUST-00695,Karan Chatterjee,Male,22,Surat,Gujarat,India,Small Business,2025-07-07
CUST-00696,Nisha Patel,Female,32,Indore,Madhya Pradesh,India,Corporate,2022-05-01
CUST-00697,Mohit Khanna,Male,28,Guwahati,Assam,India,Consumer,2022-01-05
CUST-00698,Karan Bhat,Male,41,Indore,Madhya Pradesh,India,Corporate,2022-11-26
CUST-00699,Meera Kapoor,Female,51,Hyderabad,Telangana,India,Consumer,2022-01-31
CUST-00700,Vaishnavi Das,Female,33,Kolkata,West Bengal,India,Consumer,2024-03-12
CUST-00701,Aman Kapoor,Male,40,Delhi,Delhi,India,Corporate,2022-07-29
CUST-00702,Nisha Bhat,Female,27,Gurugram,Haryana,India,Consumer,2022-10-16
CUST-00703,Priya Bhat,Female,26,Delhi,Delhi,India,Consumer,2022-09-19
CUST-00704,Aarav Gupta,Male,35,Delhi,Delhi,India,Consumer,2024-12-25
CUST-00705,Pooja Chatterjee,Female,35,Jaipur,Rajasthan,India,Consumer,2023-11-11
CUST-00706,Arjun Iyer,Male,29,Delhi,Delhi,India,Consumer,2025-10-26
CUST-00707,Mohit Mukherjee,Male,29,Srinagar,Jammu and Kashmir,India,Consumer,2023-03-14
CUST-00708,Vaishnavi Mehta,Female,43,Kolkata,West Bengal,India,Consumer,2024-04-19
CUST-00709,Siddharth Mukherjee,Male,23,Visakhapatnam,Andhra Pradesh,India,Small Business,2024-07-23
CUST-00710,Deepika Kulkarni,Female,38,Hyderabad,Telangana,India,Consumer,2023-02-25
CUST-00711,Kunal Jain,Male,31,Pune,Maharashtra,India,Consumer,2025-04-19
CUST-00712,Sneha Mishra,Female,52,Hyderabad,Telangana,India,Consumer,2025-07-13
CUST-00713,Kunal Pandey,Male,37,Delhi,Delhi,India,Corporate,2025-06-15
CUST-00714,Kunal Pandey,Male,27,Delhi,Delhi,India,Corporate,2023-07-19
CUST-00715,Ankit Mukherjee,Male,23,Bengaluru,Karnataka,India,Corporate,2025-02-05
CUST-00716,Ananya Reddy,Female,48,Siliguri,West Bengal,India,Consumer,2023-01-22
CUST-00717,Deepika Mehta,Female,51,Pune,Maharashtra,India,Small Business,2024-03-17
CUST-00718,Tanvi Banerjee,Female,25,Delhi,Delhi,India,Consumer,2024-01-06
CUST-00719,Kunal Mishra,Male,22,Lucknow,Uttar Pradesh,India,Small Business,2024-02-23
CUST-00720,Pooja Roy,Female,49,Raipur,Chhattisgarh,India,Small Business,2025-03-19
CUST-00721,Nisha Sharma,Female,36,Coimbatore,Tamil Nadu,India,Small Business,2025-05-23
CUST-00722,Aman Chatterjee,Male,49,Pune,Maharashtra,India,Consumer,2022-04-08
CUST-00723,Pranav Jain,Male,28,Ahmedabad,Gujarat,India,Consumer,2022-06-02
CUST-00724,Rohan Bhat,Male,22,Chennai,Tamil Nadu,India,Small Business,2022-10-26
CUST-00725,Anushka यादव,Female,53,Chennai,Tamil Nadu,India,Consumer,2023-04-09
CUST-00726,Harsh Verma,Male,36,Chennai,Tamil Nadu,India,Corporate,2022-06-01
CUST-00727,Anushka यादव,Female,44,Hyderabad,Telangana,India,Small Business,2024-12-07
CUST-00728,Riya Khanna,Female,51,Kolkata,West Bengal,India,Small Business,2024-06-21
CUST-00729,Ananya Mishra,Female,60,Chennai,Tamil Nadu,India,Small Business,2022-08-09
CUST-00730,Anjali Patel,Female,28,Chandigarh,Chandigarh,India,Small Business,2025-08-09
CUST-00731,Nikhil Gupta,Male,34,Jaipur,Rajasthan,India,Consumer,2023-07-04
CUST-00732,Deepika Shah,Female,48,Delhi,Delhi,India,Small Business,2025-04-15
CUST-00733,Tanay Gupta,Other,28,Gurugram,Haryana,India,Small Business,2025-12-04
CUST-00734,Aman Verma,Male,26,Ahmedabad,Gujarat,India,Consumer,2022-05-24
CUST-00735,Aarav Bhat,Male,30,Mumbai,Maharashtra,India,Consumer,2024-09-19
CUST-00736,Harsh Patel,Male,49,Coimbatore,Tamil Nadu,India,Consumer,2023-09-05
CUST-00737,Ankit Mukherjee,Male,54,Gurugram,Haryana,India,Consumer,2022-04-25
CUST-00738,Kavya Verma,Female,53,Bengaluru,Karnataka,India,Corporate,2022-06-29
CUST-00739,Sneha Sharma,Female,34,Mumbai,Maharashtra,India,Consumer,2022-10-14
CUST-00740,Neha Shah,Female,37,Guwahati,Assam,India,Small Business,2022-01-27
CUST-00741,Divya Gupta,Female,38,Hyderabad,Telangana,India,Consumer,2022-06-28
CUST-00742,Meera Shah,Female,40,Delhi,Delhi,India,Consumer,2025-08-29
CUST-00743,Isha Kapoor,Female,42,Delhi,Delhi,India,Small Business,2024-11-14
CUST-00744,Tanvi Bhat,Female,43,Patna,Bihar,India,Consumer,2025-03-03
CUST-00745,Karan Iyer,Male,35,Delhi,Delhi,India,Consumer,2024-06-15
CUST-00746,Rahul Mehta,Male,43,Mumbai,Maharashtra,India,Consumer,2025-04-30
CUST-00747,Meera Mehta,Female,49,Hyderabad,Telangana,India,Consumer,2025-09-10
CUST-00748,Aditya Iyer,Male,38,Delhi,Delhi,India,Consumer,2024-07-03
CUST-00749,Nisha Roy,Female,26,Goa,Goa,India,Consumer,2023-02-19
CUST-00750,Aditya Shah,Male,30,Ahmedabad,Gujarat,India,Consumer,2024-01-05
CUST-00751,Aarav Kapoor,Male,28,Lucknow,Uttar Pradesh,India,Consumer,2022-09-25
CUST-00752,Rishi Banerjee,Other,28,Chandigarh,Chandigarh,India,Consumer,2024-04-05
CUST-00753,Nisha Shah,Female,39,Mumbai,Maharashtra,India,Small Business,2023-01-06
CUST-00754,Naman Mukherjee,Other,54,Kolkata,West Bengal,India,Consumer,2025-03-12
CUST-00755,Ankit Banerjee,Male,38,Pune,Maharashtra,India,Small Business,2024-08-10
CUST-00756,Ankit Reddy,Male,27,Kolkata,West Bengal,India,Consumer,2023-10-11
CUST-00757,Ankit Das,Male,27,Ahmedabad,Gujarat,India,Consumer,2024-06-02
CUST-00758,Kriti Mehta,Female,39,Bengaluru,Karnataka,India,Consumer,2025-05-05
CUST-00759,Pranav Verma,Male,36,Kolkata,West Bengal,India,Consumer,2025-02-08
CUST-00760,Shreya Kulkarni,Female,33,Hyderabad,Telangana,India,Small Business,2023-10-13
CUST-00761,Akash Banerjee,Male,37,Kochi,Kerala,India,Consumer,2022-08-19
CUST-00762,Aanya Reddy,Female,28,Mumbai,Maharashtra,India,Consumer,2022-02-21
CUST-00763,Anjali Patel,Female,30,Pune,Maharashtra,India,Small Business,2024-01-19
CUST-00764,Aditya Mehta,Male,49,Kolkata,West Bengal,India,Consumer,2025-02-15
CUST-00765,Dev Nair,Male,28,Mumbai,Maharashtra,India,Consumer,2022-08-08
CUST-00766,Yash Mishra,Male,31,Ahmedabad,Gujarat,India,Consumer,2024-08-08
CUST-00767,Vaishnavi Reddy,Female,40,Delhi,Delhi,India,Small Business,2025-07-31
CUST-00768,Kunal Shah,Male,57,Bengaluru,Karnataka,India,Corporate,2024-01-08
CUST-00769,Harsh यादव,Male,43,Bhubaneswar,Odisha,India,Consumer,2023-08-05
CUST-00770,Arjun Jain,Male,22,Raipur,Chhattisgarh,India,Small Business,2022-06-23
CUST-00771,Dev Singh,Male,25,Chennai,Tamil Nadu,India,Small Business,2022-10-10
CUST-00772,Aditi Das,Female,35,Mumbai,Maharashtra,India,Small Business,2025-04-21
CUST-00773,Tanvi Pandey,Female,31,Visakhapatnam,Andhra Pradesh,India,Consumer,2023-09-14
CUST-00774,Kunal Verma,Male,46,Pune,Maharashtra,India,Consumer,2022-12-19
CUST-00775,Deepika Roy,Female,36,Kolkata,West Bengal,India,Consumer,2023-12-10
CUST-00776,Akash Roy,Male,33,Pune,Maharashtra,India,Consumer,2025-02-11
CUST-00777,Anushka Mehta,Female,59,Indore,Madhya Pradesh,India,Consumer,2022-10-20
CUST-00778,Isha Srinivasan,Female,30,Hyderabad,Telangana,India,Consumer,2025-10-24
CUST-00779,Ananya Banerjee,Female,47,Bengaluru,Karnataka,India,Small Business,2022-11-04
CUST-00780,Anjali Patel,Female,54,Lucknow,Uttar Pradesh,India,Corporate,2023-08-02
CUST-00781,Riya Iyer,Female,57,Coimbatore,Tamil Nadu,India,Small Business,2022-06-14
CUST-00782,Mohit Khanna,Male,31,Bengaluru,Karnataka,India,Small Business,2022-06-13
CUST-00783,Aarav Nair,Male,32,Coimbatore,Tamil Nadu,India,Corporate,2025-07-02
CUST-00784,Vaishnavi Das,Female,37,Kolkata,West Bengal,India,Corporate,2022-10-20
CUST-00785,Vaishnavi Patel,Female,19,Gurugram,Haryana,India,Consumer,2024-03-26
CUST-00786,Vikas यादव,Male,41,Chennai,Tamil Nadu,India,Consumer,2023-09-28
CUST-00787,Aarav Banerjee,Male,32,Delhi,Delhi,India,Consumer,2022-05-15
CUST-00788,Sneha Jain,Female,50,Mumbai,Maharashtra,India,Consumer,2023-01-09
CUST-00789,Aditya Shah,Male,33,Lucknow,Uttar Pradesh,India,Consumer,2022-08-07
CUST-00790,Sneha Singh,Female,32,Kolkata,West Bengal,India,Consumer,2025-03-07
CUST-00791,Aditi Khanna,Female,44,Delhi,Delhi,India,Small Business,2024-01-09
CUST-00792,Sneha Chatterjee,Female,42,Mumbai,Maharashtra,India,Consumer,2023-07-04
CUST-00793,Vaishnavi Singh,Female,27,Jaipur,Rajasthan,India,Consumer,2025-04-07
CUST-00794,Aanya यादव,Female,32,Surat,Gujarat,India,Consumer,2023-04-03
CUST-00795,Sandeep Sharma,Male,33,Bengaluru,Karnataka,India,Consumer,2024-07-09
CUST-00796,Deepak Gupta,Male,45,Bengaluru,Karnataka,India,Small Business,2023-10-28
CUST-00797,Aanya Gupta,Female,26,Bengaluru,Karnataka,India,Small Business,2024-06-05
CUST-00798,Anjali Kulkarni,Female,29,Surat,Gujarat,India,Consumer,2025-07-24
CUST-00799,Rahul Das,Male,30,Delhi,Delhi,India,Consumer,2024-05-15
CUST-00800,Yash Nair,Male,39,Pune,Maharashtra,India,Consumer,2023-10-20
CUST-00801,Vikas Patel,Male,58,Mumbai,Maharashtra,India,Consumer,2023-11-02
CUST-00802,Aditi Kapoor,Female,37,Lucknow,Uttar Pradesh,India,Consumer,2023-10-01
CUST-00803,Riya Mehta,Female,50,Raipur,Chhattisgarh,India,Consumer,2023-09-16
CUST-00804,Sandeep Kulkarni,Male,29,Kochi,Kerala,India,Consumer,2023-09-03
CUST-00805,Dev Kapoor,Male,37,Surat,Gujarat,India,Consumer,2024-05-17
CUST-00806,Anjali Banerjee,Female,30,Gurugram,Haryana,India,Corporate,2022-02-11
CUST-00807,Kriti Roy,Female,26,Bengaluru,Karnataka,India,Consumer,2024-11-04
CUST-00808,Aditi Jain,Female,32,Chandigarh,Chandigarh,India,Consumer,2022-04-06
CUST-00809,Divya Kulkarni,Female,40,Ahmedabad,Gujarat,India,Small Business,2025-04-17
CUST-00810,Aanya Roy,Female,23,Kolkata,West Bengal,India,Consumer,2024-07-16
CUST-00811,Dev Iyer,Male,29,Coimbatore,Tamil Nadu,India,Consumer,2025-11-20
CUST-00812,Tanay Bhat,Other,41,Bengaluru,Karnataka,India,Consumer,2022-08-01
CUST-00813,Deepak Sharma,Male,38,Indore,Madhya Pradesh,India,Consumer,2023-05-30
CUST-00814,Aman Mehta,Male,51,Chennai,Tamil Nadu,India,Consumer,2023-04-23
CUST-00815,Rohan Shah,Male,47,Mumbai,Maharashtra,India,Consumer,2023-09-21
CUST-00816,Shreya Kulkarni,Female,27,Gurugram,Haryana,India,Small Business,2022-08-24
CUST-00817,Mohit Mukherjee,Male,22,Pune,Maharashtra,India,Consumer,2023-12-30
CUST-00818,Isha Shah,Female,42,Bengaluru,Karnataka,India,Consumer,2024-10-17
CUST-00819,Kavya Gupta,Female,29,Guwahati,Assam,India,Consumer,2024-10-09
CUST-00820,Kavya Nair,Female,26,Pune,Maharashtra,India,Consumer,2022-05-20
CUST-00821,Vaishnavi Das,Female,34,Kolkata,West Bengal,India,Consumer,2022-03-16
CUST-00822,Aryan Banerjee,Male,53,Bengaluru,Karnataka,India,Consumer,2025-10-29
CUST-00823,Sneha Nair,Female,33,Bengaluru,Karnataka,India,Consumer,2024-11-25
CUST-00824,Isha Singh,Female,50,Delhi,Delhi,India,Consumer,2025-09-28
CUST-00825,Meera Singh,Female,32,Kolkata,West Bengal,India,Consumer,2023-01-13
CUST-00826,Manish Reddy,Male,44,Delhi,Delhi,India,Consumer,2023-02-18
CUST-00827,Manish Iyer,Male,25,Indore,Madhya Pradesh,India,Small Business,2023-04-17
CUST-00828,Aman यादव,Male,41,Mumbai,Maharashtra,India,Consumer,2023-03-14
CUST-00829,Ananya Nair,Female,29,Chandigarh,Chandigarh,India,Consumer,2023-02-25
CUST-00830,Vikas Reddy,Male,52,Pune,Maharashtra,India,Consumer,2024-08-08
CUST-00831,Aditi Reddy,Female,30,Lucknow,Uttar Pradesh,India,Consumer,2023-06-17
CUST-00832,Aanya Chatterjee,Female,30,Pune,Maharashtra,India,Consumer,2024-02-13
CUST-00833,Aryan Roy,Male,47,Hyderabad,Telangana,India,Consumer,2022-03-02
CUST-00834,Aditya Singh,Male,31,Mumbai,Maharashtra,India,Consumer,2022-02-13
CUST-00835,Tanvi Patel,Female,34,Kolkata,West Bengal,India,Consumer,2023-09-09
CUST-00836,Aashi Mishra,Other,42,Raipur,Chhattisgarh,India,Consumer,2024-06-07
CUST-00837,Saanvi Roy,Female,59,Mumbai,Maharashtra,India,Consumer,2024-01-15
CUST-00838,Anjali Bhat,Female,47,Gurugram,Haryana,India,Small Business,2025-05-21
CUST-00839,Akash Chatterjee,Male,30,Kolkata,West Bengal,India,Small Business,2024-10-25
CUST-00840,Nikhil Bhat,Male,53,Mumbai,Maharashtra,India,Consumer,2023-10-12
CUST-00841,Aditya Sharma,Male,38,Goa,Goa,India,Consumer,2025-06-03
CUST-00842,Isha Mishra,Female,30,Bengaluru,Karnataka,India,Consumer,2022-04-19
CUST-00843,Kunal Banerjee,Male,27,Mumbai,Maharashtra,India,Consumer,2023-08-29
CUST-00844,Vivek Mehta,Male,48,Mumbai,Maharashtra,India,Corporate,2024-04-19
CUST-00845,Aarav Bhat,Male,34,Pune,Maharashtra,India,Small Business,2023-10-27
CUST-00846,Sneha Jain,Female,40,Mumbai,Maharashtra,India,Small Business,2024-07-27
CUST-00847,Suman Agarwal,Other,35,Mumbai,Maharashtra,India,Corporate,2022-04-27
CUST-00848,Kavya Mehta,Female,42,Indore,Madhya Pradesh,India,Consumer,2025-08-30
CUST-00849,Meera Roy,Female,32,Lucknow,Uttar Pradesh,India,Consumer,2023-09-27
CUST-00850,Riya Iyer,Female,29,Chennai,Tamil Nadu,India,Consumer,2025-02-21
CUST-00851,Anushka Mukherjee,Female,32,Gurugram,Haryana,India,Corporate,2024-05-31
CUST-00852,Tanvi Khanna,Female,45,Delhi,Delhi,India,Consumer,2023-01-01
CUST-00853,Aashi Khanna,Other,50,Bengaluru,Karnataka,India,Consumer,2025-08-11
CUST-00854,Sneha Kapoor,Female,32,Bengaluru,Karnataka,India,Corporate,2025-06-03
CUST-00855,Aditi Srinivasan,Female,49,Chennai,Tamil Nadu,India,Corporate,2022-05-29
CUST-00856,Siddharth Mukherjee,Male,53,Chennai,Tamil Nadu,India,Consumer,2024-05-30
CUST-00857,Yash Gupta,Male,28,Ahmedabad,Gujarat,India,Consumer,2024-02-11
CUST-00858,Divya Srinivasan,Female,30,Mumbai,Maharashtra,India,Consumer,2023-01-08
CUST-00859,Kriti Nair,Female,51,Visakhapatnam,Andhra Pradesh,India,Consumer,2023-05-27
CUST-00860,Shreya Srinivasan,Female,40,Coimbatore,Tamil Nadu,India,Consumer,2024-09-11
CUST-00861,Yash Pandey,Male,29,Surat,Gujarat,India,Small Business,2022-03-17
CUST-00862,Sneha Das,Female,20,Pune,Maharashtra,India,Consumer,2023-03-06
CUST-00863,Nisha Sharma,Female,39,Mumbai,Maharashtra,India,Consumer,2022-07-25
CUST-00864,Sneha Agarwal,Female,46,Delhi,Delhi,India,Consumer,2023-10-16
CUST-00865,Deepika Gupta,Female,31,Mumbai,Maharashtra,India,Corporate,2024-05-05
CUST-00866,Tanvi Reddy,Female,32,Delhi,Delhi,India,Consumer,2022-10-11
CUST-00867,Karan Nair,Male,47,Bhubaneswar,Odisha,India,Consumer,2023-05-01
CUST-00868,Pooja Nair,Female,30,Pune,Maharashtra,India,Consumer,2025-10-21
CUST-00869,Vikas Reddy,Male,38,Coimbatore,Tamil Nadu,India,Small Business,2024-08-03
CUST-00870,Aashi Srinivasan,Other,51,Gurugram,Haryana,India,Consumer,2023-06-05
CUST-00871,Nisha Roy,Female,40,Kochi,Kerala,India,Consumer,2023-07-12
CUST-00872,Aryan Mehta,Male,45,Patna,Bihar,India,Consumer,2023-07-04
CUST-00873,Meera Bhat,Female,45,Bengaluru,Karnataka,India,Consumer,2022-10-09
CUST-00874,Anushka Chatterjee,Female,45,Delhi,Delhi,India,Consumer,2024-10-22
CUST-00875,Priya यादव,Female,38,Chennai,Tamil Nadu,India,Consumer,2022-01-28
CUST-00876,Ankit Das,Male,39,Chennai,Tamil Nadu,India,Consumer,2022-10-25
CUST-00877,Sneha Bhat,Female,20,Chennai,Tamil Nadu,India,Consumer,2024-06-19
CUST-00878,Vaishnavi Verma,Female,49,Pune,Maharashtra,India,Consumer,2023-11-05
CUST-00879,Manish Chatterjee,Male,31,Pune,Maharashtra,India,Corporate,2024-07-26
CUST-00880,Kunal Verma,Male,44,Gurugram,Haryana,India,Consumer,2022-01-10
CUST-00881,Sneha Iyer,Female,23,Mumbai,Maharashtra,India,Corporate,2025-10-19
CUST-00882,Riya Sharma,Female,39,Ahmedabad,Gujarat,India,Consumer,2022-01-20
CUST-00883,Sneha यादव,Female,48,Lucknow,Uttar Pradesh,India,Consumer,2022-02-19
CUST-00884,Aarav Shah,Male,52,Chandigarh,Chandigarh,India,Consumer,2022-04-24
CUST-00885,Isha Banerjee,Female,64,Raipur,Chhattisgarh,India,Consumer,2022-08-09
CUST-00886,Saanvi Kulkarni,Female,41,Siliguri,West Bengal,India,Corporate,2023-07-12
CUST-00887,Anushka Kulkarni,Female,25,Chennai,Tamil Nadu,India,Small Business,2024-11-15
CUST-00888,Meera Roy,Female,41,Bengaluru,Karnataka,India,Consumer,2022-05-28
CUST-00889,Saanvi Sharma,Female,43,Bengaluru,Karnataka,India,Small Business,2023-04-18
CUST-00890,Nisha Shah,Female,32,Mumbai,Maharashtra,India,Consumer,2025-05-09
CUST-00891,Priya Mehta,Female,23,Bengaluru,Karnataka,India,Consumer,2023-07-08
CUST-00892,Vaishnavi Bhat,Female,49,Coimbatore,Tamil Nadu,India,Consumer,2023-03-16
CUST-00893,Tanvi Agarwal,Female,25,Bengaluru,Karnataka,India,Corporate,2022-08-30
CUST-00894,Karan यादव,Male,40,Delhi,Delhi,India,Small Business,2023-09-12
CUST-00895,Karan Das,Male,24,Visakhapatnam,Andhra Pradesh,India,Consumer,2022-11-12
CUST-00896,Siddharth Srinivasan,Male,30,Mumbai,Maharashtra,India,Consumer,2024-05-10
CUST-00897,Pooja Jain,Female,39,Chennai,Tamil Nadu,India,Consumer,2024-11-21
CUST-00898,Priya Mishra,Female,42,Siliguri,West Bengal,India,Consumer,2025-10-23
CUST-00899,Yash Nair,Male,32,Pune,Maharashtra,India,Consumer,2022-10-23
CUST-00900,Karan Srinivasan,Male,28,Bengaluru,Karnataka,India,Corporate,2023-10-21
CUST-00901,Deepak Mehta,Male,24,Pune,Maharashtra,India,Consumer,2025-08-06
CUST-00902,Kunal Kapoor,Male,42,Bengaluru,Karnataka,India,Corporate,2023-03-11
CUST-00903,Nikhil Singh,Male,27,Bengaluru,Karnataka,India,Consumer,2022-12-23
CUST-00904,Anushka यादव,Female,35,Gurugram,Haryana,India,Consumer,2022-02-27
CUST-00905,Kriti Mishra,Female,38,Patna,Bihar,India,Consumer,2023-09-18
CUST-00906,Rishi Singh,Other,19,Chennai,Tamil Nadu,India,Consumer,2022-02-24
CUST-00907,Saanvi Singh,Female,45,Coimbatore,Tamil Nadu,India,Small Business,2023-08-26
CUST-00908,Aditya Singh,Male,38,Chennai,Tamil Nadu,India,Consumer,2023-10-19
CUST-00909,Aditi Patel,Female,30,Visakhapatnam,Andhra Pradesh,India,Consumer,2023-08-20
CUST-00910,Isha Shah,Female,30,Bengaluru,Karnataka,India,Consumer,2023-06-25
CUST-00911,Kavya Sharma,Female,48,Mumbai,Maharashtra,India,Consumer,2025-11-02
CUST-00912,Pooja Pandey,Female,32,Chandigarh,Chandigarh,India,Consumer,2022-02-09
CUST-00913,Kunal यादव,Male,48,Kolkata,West Bengal,India,Consumer,2023-09-30
CUST-00914,Ananya Shah,Female,59,Chennai,Tamil Nadu,India,Small Business,2022-05-05
CUST-00915,Vivek Jain,Male,34,Raipur,Chhattisgarh,India,Corporate,2025-10-16
CUST-00916,Tanvi Jain,Female,28,Jaipur,Rajasthan,India,Consumer,2025-10-23
CUST-00917,Aman Shah,Male,37,Mumbai,Maharashtra,India,Consumer,2025-04-23
CUST-00918,Sneha Chatterjee,Female,42,Kolkata,West Bengal,India,Consumer,2025-04-16
CUST-00919,Vaishnavi Das,Female,35,Kolkata,West Bengal,India,Consumer,2022-01-04
CUST-00920,Rahul Srinivasan,Male,38,Bengaluru,Karnataka,India,Consumer,2022-07-15
CUST-00921,Akash Agarwal,Male,28,Ahmedabad,Gujarat,India,Consumer,2022-10-14
CUST-00922,Kunal Pandey,Male,34,Hyderabad,Telangana,India,Consumer,2025-10-16
CUST-00923,Kavya Singh,Female,30,Kolkata,West Bengal,India,Consumer,2022-08-31
CUST-00924,Tanvi Kulkarni,Female,33,Chennai,Tamil Nadu,India,Small Business,2024-10-28
CUST-00925,Anjali यादव,Female,41,Chennai,Tamil Nadu,India,Consumer,2025-10-21
CUST-00926,Vaishnavi Chatterjee,Female,46,Hyderabad,Telangana,India,Consumer,2025-10-01
CUST-00927,Arjun Mukherjee,Male,36,Bhubaneswar,Odisha,India,Consumer,2023-04-14
CUST-00928,Aditi Verma,Female,42,Delhi,Delhi,India,Consumer,2025-08-28
CUST-00929,Aditi Patel,Female,41,Coimbatore,Tamil Nadu,India,Consumer,2023-08-06
CUST-00930,Tanvi Shah,Female,39,Gurugram,Haryana,India,Consumer,2022-10-29
CUST-00931,Kavya Roy,Female,30,Bengaluru,Karnataka,India,Consumer,2024-01-04
CUST-00932,Divya Nair,Female,52,Kolkata,West Bengal,India,Consumer,2024-10-30
CUST-00933,Kunal Pandey,Male,37,Delhi,Delhi,India,Consumer,2023-07-21
CUST-00934,Deepak Singh,Male,48,Delhi,Delhi,India,Consumer,2023-01-27
CUST-00935,Manish Verma,Male,38,Gurugram,Haryana,India,Small Business,2022-03-28
CUST-00936,Aditya Shah,Male,38,Hyderabad,Telangana,India,Consumer,2024-12-18
CUST-00937,Rohan Srinivasan,Male,35,Mumbai,Maharashtra,India,Corporate,2024-10-12
CUST-00938,Kavya Gupta,Female,43,Surat,Gujarat,India,Consumer,2023-07-25
CUST-00939,Aryan Gupta,Male,41,Patna,Bihar,India,Small Business,2024-12-14
CUST-00940,Isha Reddy,Female,29,Jaipur,Rajasthan,India,Consumer,2024-07-22
CUST-00941,Kavya Chatterjee,Female,29,Bhubaneswar,Odisha,India,Consumer,2022-07-25
CUST-00942,Ananya Pandey,Female,33,Indore,Madhya Pradesh,India,Consumer,2022-02-14
CUST-00943,Sneha Khanna,Female,44,Chandigarh,Chandigarh,India,Consumer,2024-01-07
CUST-00944,Deepika Singh,Female,23,Mumbai,Maharashtra,India,Consumer,2025-11-06
CUST-00945,Rahul Mukherjee,Male,50,Mumbai,Maharashtra,India,Small Business,2024-04-07
CUST-00946,Nikhil यादव,Male,20,Ahmedabad,Gujarat,India,Consumer,2022-01-14
CUST-00947,Deepak Kulkarni,Male,35,Ahmedabad,Gujarat,India,Small Business,2024-11-06
CUST-00948,Vikas Mehta,Male,31,Mumbai,Maharashtra,India,Consumer,2024-08-30
CUST-00949,Divya Kulkarni,Female,43,Gurugram,Haryana,India,Consumer,2023-06-02
CUST-00950,Arjun Mehta,Male,57,Delhi,Delhi,India,Consumer,2022-04-24
CUST-00951,Rohan Reddy,Male,35,Coimbatore,Tamil Nadu,India,Consumer,2022-06-17
CUST-00952,Kavya Roy,Female,37,Mumbai,Maharashtra,India,Consumer,2022-02-26
CUST-00953,Vivek Das,Male,42,Mumbai,Maharashtra,India,Consumer,2023-05-26
CUST-00954,Neha Mishra,Female,55,Patna,Bihar,India,Consumer,2025-01-05
CUST-00955,Akash यादव,Male,26,Bengaluru,Karnataka,India,Small Business,2022-08-10
CUST-00956,Aarav Mishra,Male,46,Chennai,Tamil Nadu,India,Consumer,2025-07-08
CUST-00957,Sneha Das,Female,43,Mumbai,Maharashtra,India,Small Business,2024-09-23
CUST-00958,Harsh Banerjee,Male,40,Goa,Goa,India,Consumer,2024-02-12
CUST-00959,Rohan Mehta,Male,34,Pune,Maharashtra,India,Consumer,2022-06-16
CUST-00960,Meera Srinivasan,Female,57,Coimbatore,Tamil Nadu,India,Consumer,2023-10-16
CUST-00961,Anushka Sharma,Female,27,Ahmedabad,Gujarat,India,Corporate,2025-02-04
CUST-00962,Karan Srinivasan,Male,39,Surat,Gujarat,India,Consumer,2024-06-03
CUST-00963,Samarth Verma,Other,53,Coimbatore,Tamil Nadu,India,Small Business,2024-07-05
CUST-00964,Saanvi Chatterjee,Female,52,Coimbatore,Tamil Nadu,India,Consumer,2022-08-30
CUST-00965,Sneha Das,Female,45,Indore,Madhya Pradesh,India,Consumer,2024-10-20
CUST-00966,Aryan Singh,Male,31,Chandigarh,Chandigarh,India,Consumer,2024-07-23
CUST-00967,Deepak Shah,Male,33,Pune,Maharashtra,India,Consumer,2025-07-20
CUST-00968,Arjun Sharma,Male,36,Jaipur,Rajasthan,India,Consumer,2024-12-27
CUST-00969,Tanvi Mishra,Female,37,Bengaluru,Karnataka,India,Consumer,2023-11-03
CUST-00970,Tanvi Gupta,Female,30,Mumbai,Maharashtra,India,Consumer,2023-08-20
CUST-00971,Vivek Kapoor,Male,45,Mumbai,Maharashtra,India,Consumer,2025-05-01
CUST-00972,Dev Mishra,Male,22,Ahmedabad,Gujarat,India,Consumer,2025-02-22
CUST-00973,Shreya Agarwal,Female,58,Visakhapatnam,Andhra Pradesh,India,Consumer,2025-10-27
CUST-00974,Kavya Nair,Female,31,Surat,Gujarat,India,Consumer,2023-03-11
CUST-00975,Aryan Jain,Male,30,Bengaluru,Karnataka,India,Small Business,2025-05-17
CUST-00976,Kriti Das,Female,36,Kochi,Kerala,India,Consumer,2024-12-11
CUST-00977,Manish Sharma,Male,26,Bengaluru,Karnataka,India,Consumer,2025-08-26
CUST-00978,Nisha Iyer,Female,34,Gurugram,Haryana,India,Corporate,2022-10-20
CUST-00979,Tanvi Kapoor,Female,51,Jaipur,Rajasthan,India,Corporate,2024-01-08
CUST-00980,Saanvi Kapoor,Female,45,Bengaluru,Karnataka,India,Small Business,2022-05-11
CUST-00981,Aryan Singh,Male,39,Chandigarh,Chandigarh,India,Consumer,2024-07-06
CUST-00982,Arjun Srinivasan,Male,26,Guwahati,Assam,India,Small Business,2023-06-29
CUST-00983,Kavya Kapoor,Female,42,Visakhapatnam,Andhra Pradesh,India,Small Business,2022-09-15
CUST-00984,Samarth Kapoor,Other,26,Hyderabad,Telangana,India,Corporate,2025-06-01
CUST-00985,Shreya Mukherjee,Female,56,Chennai,Tamil Nadu,India,Consumer,2025-03-15
CUST-00986,Aman Banerjee,Male,50,Mumbai,Maharashtra,India,Consumer,2025-12-14
CUST-00987,Aanya Das,Female,30,Bhubaneswar,Odisha,India,Corporate,2022-12-18
CUST-00988,Yash Pandey,Male,36,Ahmedabad,Gujarat,India,Consumer,2024-06-25
CUST-00989,Priya Pandey,Female,20,Ranchi,Jharkhand,India,Consumer,2023-04-27
CUST-00990,Shreya Reddy,Female,27,Kolkata,West Bengal,India,Consumer,2022-08-18
CUST-00991,Tanvi Srinivasan,Female,51,Mumbai,Maharashtra,India,Consumer,2025-12-16
CUST-00992,Arjun Mukherjee,Male,47,Ahmedabad,Gujarat,India,Consumer,2025-11-03
CUST-00993,Saanvi Verma,Female,32,Mumbai,Maharashtra,India,Consumer,2023-01-18
CUST-00994,Akash Chatterjee,Male,46,Lucknow,Uttar Pradesh,India,Consumer,2023-02-28
CUST-00995,Aanya Verma,Female,29,Lucknow,Uttar Pradesh,India,Consumer,2025-11-27
CUST-00996,Shreya Khanna,Female,43,Delhi,Delhi,India,Consumer,2024-09-04
CUST-00997,Vivek Roy,Male,53,Guwahati,Assam,India,Consumer,2025-09-13
CUST-00998,Kriti Iyer,Female,33,Indore,Madhya Pradesh,India,Consumer,2023-03-28
CUST-00999,Nikhil Bhat,Male,38,Chennai,Tamil Nadu,India,Small Business,2024-01-27
CUST-01000,Manish Reddy,Male,34,Bengaluru,Karnataka,India,Small Business,2024-10-04
CUST-01001,Deepika Gupta,Female,40,Kolkata,West Bengal,India,Consumer,2024-07-07
CUST-01002,Kunal Gupta,Male,31,Mumbai,Maharashtra,India,Consumer,2022-06-01
CUST-01003,Deepika यादव,Female,49,Srinagar,Jammu and Kashmir,India,Consumer,2022-01-02
CUST-01004,Ananya Pandey,Female,32,Pune,Maharashtra,India,Consumer,2025-11-20
CUST-01005,Deepika Roy,Female,40,Delhi,Delhi,India,Small Business,2023-04-01
CUST-01006,Sandeep Singh,Male,23,Mumbai,Maharashtra,India,Small Business,2024-06-08
CUST-01007,Nisha Kulkarni,Female,29,Lucknow,Uttar Pradesh,India,Consumer,2023-07-24
CUST-01008,Kriti Shah,Female,57,Delhi,Delhi,India,Consumer,2022-12-31
CUST-01009,Shreya Shah,Female,34,Bengaluru,Karnataka,India,Consumer,2025-09-17
CUST-01010,Aashi Agarwal,Other,44,Ahmedabad,Gujarat,India,Corporate,2023-07-29
CUST-01011,Aditya Shah,Male,20,Coimbatore,Tamil Nadu,India,Small Business,2025-04-12
CUST-01012,Isha Iyer,Female,52,Lucknow,Uttar Pradesh,India,Consumer,2022-12-20
CUST-01013,Nisha Jain,Female,30,Hyderabad,Telangana,India,Consumer,2024-08-24
CUST-01014,Siddharth Jain,Male,29,Bengaluru,Karnataka,India,Small Business,2022-07-28
CUST-01015,Arjun Nair,Male,35,Ahmedabad,Gujarat,India,Consumer,2023-02-02
CUST-01016,Kavya Banerjee,Female,23,Siliguri,West Bengal,India,Consumer,2022-09-12
CUST-01017,Aarav Roy,Male,32,Delhi,Delhi,India,Corporate,2025-04-16
CUST-01018,Aditi Singh,Female,34,Chennai,Tamil Nadu,India,Consumer,2023-05-22
CUST-01019,Manish Mehta,Male,36,Gurugram,Haryana,India,Consumer,2022-11-02
CUST-01020,Aryan Gupta,Male,43,Chandigarh,Chandigarh,India,Corporate,2023-08-29
CUST-01021,Nisha Mukherjee,Female,36,Gurugram,Haryana,India,Consumer,2025-04-21
CUST-01022,Pooja Chatterjee,Female,34,Jaipur,Rajasthan,India,Consumer,2022-11-18
CUST-01023,Aanya Banerjee,Female,22,Bengaluru,Karnataka,India,Consumer,2024-12-16
CUST-01024,Akash Agarwal,Male,32,Chennai,Tamil Nadu,India,Consumer,2024-07-02
CUST-01025,Vivek Roy,Male,38,Gurugram,Haryana,India,Consumer,2025-06-29
CUST-01026,Akash Agarwal,Male,23,Lucknow,Uttar Pradesh,India,Consumer,2025-10-13
CUST-01027,Sneha Reddy,Female,51,Hyderabad,Telangana,India,Small Business,2025-04-12
CUST-01028,Sandeep Roy,Male,41,Delhi,Delhi,India,Corporate,2025-04-21
CUST-01029,Isha Shah,Female,55,Mumbai,Maharashtra,India,Consumer,2022-12-12
CUST-01030,Deepak Patel,Male,52,Ahmedabad,Gujarat,India,Corporate,2023-11-01
CUST-01031,Pooja Kapoor,Female,54,Bengaluru,Karnataka,India,Corporate,2023-04-20
CUST-01032,Shreya Roy,Female,39,Mumbai,Maharashtra,India,Small Business,2022-06-08
CUST-01033,Sandeep Patel,Male,62,Visakhapatnam,Andhra Pradesh,India,Consumer,2025-02-19
CUST-01034,Vaishnavi Chatterjee,Female,43,Delhi,Delhi,India,Consumer,2024-11-12
CUST-01035,Manish Mukherjee,Male,56,Kochi,Kerala,India,Corporate,2023-11-07
CUST-01036,Riya Chatterjee,Female,21,Kolkata,West Bengal,India,Consumer,2023-05-31
CUST-01037,Aman Das,Male,38,Ahmedabad,Gujarat,India,Corporate,2023-01-22
CUST-01038,Vivek Mukherjee,Male,42,Kolkata,West Bengal,India,Corporate,2024-03-18
CUST-01039,Nikhil Singh,Male,50,Chennai,Tamil Nadu,India,Consumer,2022-10-15
CUST-01040,Rahul यादव,Male,62,Indore,Madhya Pradesh,India,Consumer,2022-06-24
CUST-01041,Isha Bhat,Female,38,Mumbai,Maharashtra,India,Corporate,2022-11-05
CUST-01042,Riya Patel,Female,34,Pune,Maharashtra,India,Consumer,2024-01-20
CUST-01043,Arjun Banerjee,Male,31,Delhi,Delhi,India,Small Business,2023-11-26
CUST-01044,Yash Bhat,Male,44,Mumbai,Maharashtra,India,Consumer,2025-06-17
CUST-01045,Sneha Mehta,Female,33,Jaipur,Rajasthan,India,Consumer,2023-07-21
CUST-01046,Vivek Pandey,Male,26,Hyderabad,Telangana,India,Small Business,2024-08-10
CUST-01047,Vikas Khanna,Male,22,Raipur,Chhattisgarh,India,Small Business,2022-06-05
CUST-01048,Neha Das,Female,23,Kolkata,West Bengal,India,Consumer,2023-02-11
CUST-01049,Neha Singh,Female,37,Patna,Bihar,India,Consumer,2023-11-17
CUST-01050,Pooja Mukherjee,Female,25,Mumbai,Maharashtra,India,Consumer,2025-04-19
CUST-01051,Tanvi यादव,Female,37,Hyderabad,Telangana,India,Consumer,2024-04-21
CUST-01052,Arjun Mehta,Male,36,Ahmedabad,Gujarat,India,Small Business,2023-07-07
CUST-01053,Sneha Kapoor,Female,36,Pune,Maharashtra,India,Corporate,2024-08-05
CUST-01054,Kavya Mehta,Female,53,Bengaluru,Karnataka,India,Small Business,2022-09-20
CUST-01055,Nisha Gupta,Female,27,Lucknow,Uttar Pradesh,India,Consumer,2024-08-12
CUST-01056,Aarav Khanna,Male,29,Bengaluru,Karnataka,India,Corporate,2022-10-29
CUST-01057,Aditi Nair,Female,35,Surat,Gujarat,India,Small Business,2023-12-16
CUST-01058,Akash Khanna,Male,27,Delhi,Delhi,India,Consumer,2022-10-25
CUST-01059,Saanvi Verma,Female,38,Lucknow,Uttar Pradesh,India,Consumer,2025-04-13
CUST-01060,Kavya Nair,Female,31,Bengaluru,Karnataka,India,Small Business,2022-04-27
CUST-01061,Yash Mishra,Male,24,Mumbai,Maharashtra,India,Consumer,2023-04-14
CUST-01062,Akash Roy,Male,27,Ahmedabad,Gujarat,India,Consumer,2025-10-21
CUST-01063,Tanvi Banerjee,Female,57,Gurugram,Haryana,India,Small Business,2025-11-05
CUST-01064,Anushka Patel,Female,53,Delhi,Delhi,India,Consumer,2023-09-27
CUST-01065,Isha Mishra,Female,29,Guwahati,Assam,India,Consumer,2024-08-27
CUST-01066,Vivek Nair,Male,28,Ahmedabad,Gujarat,India,Consumer,2022-10-13
CUST-01067,Arjun Gupta,Male,48,Kolkata,West Bengal,India,Consumer,2025-01-04
CUST-01068,Priya Pandey,Female,34,Pune,Maharashtra,India,Consumer,2022-01-29
CUST-01069,Neha Singh,Female,50,Delhi,Delhi,India,Consumer,2024-04-04
CUST-01070,Anjali Agarwal,Female,31,Delhi,Delhi,India,Consumer,2022-03-23
CUST-01071,Dev Singh,Male,32,Chandigarh,Chandigarh,India,Small Business,2022-04-19
CUST-01072,Kunal Das,Male,26,Mumbai,Maharashtra,India,Consumer,2025-03-30
CUST-01073,Ananya Mishra,Female,30,Pune,Maharashtra,India,Small Business,2025-12-16
CUST-01074,Aditi Roy,Female,32,Goa,Goa,India,Consumer,2023-05-03
CUST-01075,Saanvi Mishra,Female,48,Bengaluru,Karnataka,India,Small Business,2025-10-12
CUST-01076,Mohit यादव,Male,32,Delhi,Delhi,India,Consumer,2024-02-13
CUST-01077,Suman Iyer,Other,37,Patna,Bihar,India,Consumer,2024-12-14
CUST-01078,Priya Shah,Female,53,Lucknow,Uttar Pradesh,India,Consumer,2025-09-26
CUST-01079,Deepak Pandey,Male,34,Kolkata,West Bengal,India,Corporate,2023-06-09
CUST-01080,Aditya Bhat,Male,40,Gurugram,Haryana,India,Consumer,2025-07-09
CUST-01081,Rahul Shah,Male,41,Delhi,Delhi,India,Consumer,2025-09-27
CUST-01082,Kavya Roy,Female,55,Delhi,Delhi,India,Small Business,2022-01-29
CUST-01083,Ankit Roy,Male,25,Bengaluru,Karnataka,India,Corporate,2025-05-03
CUST-01084,Kavya Srinivasan,Female,35,Mumbai,Maharashtra,India,Consumer,2022-06-05
CUST-01085,Deepika यादव,Female,48,Pune,Maharashtra,India,Consumer,2025-01-06
CUST-01086,Anushka Verma,Female,61,Raipur,Chhattisgarh,India,Small Business,2023-08-21
CUST-01087,Isha Patel,Female,51,Mumbai,Maharashtra,India,Consumer,2025-06-20
CUST-01088,Nikhil Banerjee,Male,26,Srinagar,Jammu and Kashmir,India,Consumer,2025-10-27
CUST-01089,Vivek Iyer,Male,31,Kolkata,West Bengal,India,Consumer,2025-03-26
CUST-01090,Aryan Agarwal,Male,22,Delhi,Delhi,India,Consumer,2022-06-28
CUST-01091,Shreya Kulkarni,Female,22,Lucknow,Uttar Pradesh,India,Consumer,2022-11-22
CUST-01092,Aarav Singh,Male,35,Delhi,Delhi,India,Corporate,2023-02-12
CUST-01093,Nisha Jain,Female,30,Surat,Gujarat,India,Consumer,2023-01-13
CUST-01094,Divya Shah,Female,33,Mumbai,Maharashtra,India,Consumer,2023-01-01
CUST-01095,Manish Iyer,Male,37,Hyderabad,Telangana,India,Consumer,2024-08-16
CUST-01096,Pooja Chatterjee,Female,43,Visakhapatnam,Andhra Pradesh,India,Consumer,2025-07-03
CUST-01097,Ananya Kapoor,Female,33,Jaipur,Rajasthan,India,Consumer,2023-12-26
CUST-01098,Vaishnavi Khanna,Female,39,Mumbai,Maharashtra,India,Corporate,2024-03-13
CUST-01099,Anushka Bhat,Female,42,Surat,Gujarat,India,Small Business,2024-10-07
CUST-01100,Arjun Verma,Male,54,Kolkata,West Bengal,India,Consumer,2023-05-26
CUST-01101,Anjali Reddy,Female,30,Gurugram,Haryana,India,Small Business,2022-11-30
CUST-01102,Isha Mishra,Female,42,Guwahati,Assam,India,Corporate,2022-06-21
CUST-01103,Kavya Reddy,Female,25,Lucknow,Uttar Pradesh,India,Consumer,2023-12-08
CUST-01104,Harsh Agarwal,Male,46,Mumbai,Maharashtra,India,Consumer,2025-04-23
CUST-01105,Tanay Gupta,Other,38,Ahmedabad,Gujarat,India,Consumer,2022-11-06
CUST-01106,Vivek Bhat,Male,39,Patna,Bihar,India,Consumer,2022-12-12
CUST-01107,Tanvi Agarwal,Female,27,Ahmedabad,Gujarat,India,Small Business,2024-12-04
CUST-01108,Ankit Kapoor,Male,35,Guwahati,Assam,India,Corporate,2023-10-19
CUST-01109,Anjali Jain,Female,54,Bengaluru,Karnataka,India,Corporate,2024-11-23
CUST-01110,Harsh Shah,Male,38,Indore,Madhya Pradesh,India,Consumer,2024-04-04
CUST-01111,Riya Shah,Female,44,Raipur,Chhattisgarh,India,Small Business,2024-06-21
CUST-01112,Aditi Nair,Female,22,Siliguri,West Bengal,India,Consumer,2022-03-10
CUST-01113,Mohit Kulkarni,Male,29,Ahmedabad,Gujarat,India,Consumer,2024-02-09
CUST-01114,Mohit Agarwal,Male,40,Gurugram,Haryana,India,Consumer,2024-07-13
CUST-01115,Sneha Bhat,Female,59,Kolkata,West Bengal,India,Consumer,2023-11-28
CUST-01116,Deepika Reddy,Female,47,Mumbai,Maharashtra,India,Corporate,2023-04-23
CUST-01117,Saanvi Shah,Female,40,Lucknow,Uttar Pradesh,India,Consumer,2024-04-28
CUST-01118,Meera Khanna,Female,22,Srinagar,Jammu and Kashmir,India,Small Business,2022-11-11
CUST-01119,Deepak Kulkarni,Male,41,Chennai,Tamil Nadu,India,Consumer,2025-04-08
CUST-01120,Ananya Banerjee,Female,29,Hyderabad,Telangana,India,Consumer,2023-10-05
CUST-01121,Vikas Das,Male,50,Hyderabad,Telangana,India,Consumer,2022-10-29
CUST-01122,Divya Agarwal,Female,58,Bengaluru,Karnataka,India,Consumer,2024-01-12
CUST-01123,Rohan Kapoor,Male,45,Delhi,Delhi,India,Corporate,2022-06-14
CUST-01124,Akash Iyer,Male,20,Gurugram,Haryana,India,Small Business,2023-09-29
CUST-01125,Mohit Sharma,Male,37,Bengaluru,Karnataka,India,Consumer,2022-09-05
CUST-01126,Shreya Sharma,Female,55,Pune,Maharashtra,India,Corporate,2022-12-06
CUST-01127,Harsh Agarwal,Male,38,Lucknow,Uttar Pradesh,India,Consumer,2025-05-14
CUST-01128,Aman Singh,Male,34,Pune,Maharashtra,India,Consumer,2024-11-28
CUST-01129,Aditi Jain,Female,36,Bengaluru,Karnataka,India,Consumer,2023-05-08
CUST-01130,Aarav Kapoor,Male,30,Hyderabad,Telangana,India,Small Business,2023-09-22
CUST-01131,Saanvi Khanna,Female,58,Hyderabad,Telangana,India,Small Business,2023-03-04
CUST-01132,Saanvi Agarwal,Female,43,Kolkata,West Bengal,India,Consumer,2023-08-28
CUST-01133,Karan Khanna,Male,38,Delhi,Delhi,India,Consumer,2023-04-07
CUST-01134,Aarav Mehta,Male,22,Siliguri,West Bengal,India,Corporate,2025-02-21
CUST-01135,Meera Kulkarni,Female,61,Delhi,Delhi,India,Consumer,2022-09-09
CUST-01136,Meera Jain,Female,51,Ahmedabad,Gujarat,India,Consumer,2022-09-13
CUST-01137,Pooja Roy,Female,31,Surat,Gujarat,India,Consumer,2025-08-18
CUST-01138,Anushka Mehta,Female,32,Chennai,Tamil Nadu,India,Consumer,2024-05-28
CUST-01139,Aryan Roy,Male,25,Hyderabad,Telangana,India,Consumer,2023-08-22
CUST-01140,Arjun Mishra,Male,25,Chennai,Tamil Nadu,India,Consumer,2024-05-17
CUST-01141,Saanvi Singh,Female,47,Mumbai,Maharashtra,India,Small Business,2022-12-10
CUST-01142,Meera Iyer,Female,24,Gurugram,Haryana,India,Small Business,2022-02-27
CUST-01143,Kriti Sharma,Female,37,Kolkata,West Bengal,India,Corporate,2025-02-15
CUST-01144,Kavya Reddy,Female,60,Surat,Gujarat,India,Consumer,2024-05-11
CUST-01145,Aarav Pandey,Male,31,Kolkata,West Bengal,India,Consumer,2023-11-01
CUST-01146,Aarav Das,Male,36,Bhubaneswar,Odisha,India,Small Business,2022-07-04
CUST-01147,Nikhil Chatterjee,Male,50,Bengaluru,Karnataka,India,Consumer,2023-12-27
CUST-01148,Deepak Banerjee,Male,25,Mumbai,Maharashtra,India,Consumer,2022-11-07
CUST-01149,Ananya Jain,Female,27,Bengaluru,Karnataka,India,Corporate,2022-11-23
CUST-01150,Isha Jain,Female,20,Gurugram,Haryana,India,Consumer,2022-08-09
CUST-01151,Divya Agarwal,Female,34,Jaipur,Rajasthan,India,Small Business,2024-10-30
CUST-01152,Kriti यादव,Female,47,Delhi,Delhi,India,Small Business,2023-09-19
CUST-01153,Kunal यादव,Male,54,Hyderabad,Telangana,India,Consumer,2024-01-03
CUST-01154,Noor Agarwal,Other,25,Chandigarh,Chandigarh,India,Consumer,2022-09-22
CUST-01155,Vikas Kulkarni,Male,25,Goa,Goa,India,Corporate,2025-10-30
CUST-01156,Aditya Pandey,Male,36,Mumbai,Maharashtra,India,Consumer,2023-10-24
CUST-01157,Manish Das,Male,41,Hyderabad,Telangana,India,Small Business,2024-02-27
CUST-01158,Priya Jain,Female,30,Hyderabad,Telangana,India,Consumer,2022-05-09
CUST-01159,Aditya यादव,Male,34,Kolkata,West Bengal,India,Small Business,2022-11-14
CUST-01160,Deepika Srinivasan,Female,32,Hyderabad,Telangana,India,Consumer,2024-09-03
CUST-01161,Vaishnavi Iyer,Female,45,Bhubaneswar,Odisha,India,Corporate,2023-01-02
CUST-01162,Pranav Pandey,Male,49,Kochi,Kerala,India,Consumer,2025-06-08
CUST-01163,Vaishnavi Chatterjee,Female,25,Mumbai,Maharashtra,India,Consumer,2022-09-22
CUST-01164,Riya Jain,Female,27,Coimbatore,Tamil Nadu,India,Consumer,2023-07-04
CUST-01165,Sandeep Srinivasan,Male,44,Kochi,Kerala,India,Consumer,2024-07-05
CUST-01166,Karan Agarwal,Male,47,Patna,Bihar,India,Small Business,2022-01-02
CUST-01167,Deepika Singh,Female,47,Chennai,Tamil Nadu,India,Consumer,2023-08-13
CUST-01168,Anjali Mishra,Female,44,Hyderabad,Telangana,India,Small Business,2024-01-07
CUST-01169,Rohan Jain,Male,30,Ahmedabad,Gujarat,India,Consumer,2023-09-23
CUST-01170,Aditi Verma,Female,30,Ahmedabad,Gujarat,India,Consumer,2024-11-29
CUST-01171,Rahul Kapoor,Male,37,Ahmedabad,Gujarat,India,Consumer,2024-11-18
CUST-01172,Harsh Reddy,Male,33,Kochi,Kerala,India,Consumer,2022-11-13
CUST-01173,Isha Mehta,Female,54,Jaipur,Rajasthan,India,Consumer,2023-08-22
CUST-01174,Pooja Bhat,Female,32,Surat,Gujarat,India,Consumer,2022-04-12
CUST-01175,Sneha Chatterjee,Female,58,Gurugram,Haryana,India,Consumer,2023-08-17
CUST-01176,Akash Patel,Male,46,Bengaluru,Karnataka,India,Small Business,2022-11-01
CUST-01177,Neha Reddy,Female,33,Lucknow,Uttar Pradesh,India,Small Business,2025-08-20
CUST-01178,Anjali Verma,Female,45,Raipur,Chhattisgarh,India,Small Business,2023-06-05
CUST-01179,Mohit Mishra,Male,33,Lucknow,Uttar Pradesh,India,Consumer,2023-09-06
CUST-01180,Ankit Verma,Male,24,Bengaluru,Karnataka,India,Small Business,2023-04-07
CUST-01181,Deepak Verma,Male,42,Mumbai,Maharashtra,India,Consumer,2023-05-10
CUST-01182,Tanvi Bhat,Female,50,Chennai,Tamil Nadu,India,Small Business,2023-11-20
CUST-01183,Tanvi Agarwal,Female,35,Bengaluru,Karnataka,India,Consumer,2025-03-13
CUST-01184,Sneha Mishra,Female,39,Chandigarh,Chandigarh,India,Corporate,2023-06-04
CUST-01185,Riya Sharma,Female,53,Ranchi,Jharkhand,India,Consumer,2023-08-14
CUST-01186,Deepak Mehta,Male,51,Srinagar,Jammu and Kashmir,India,Consumer,2025-03-29
CUST-01187,Pranav Bhat,Male,32,Ahmedabad,Gujarat,India,Consumer,2024-03-28
CUST-01188,Mohit Shah,Male,45,Bengaluru,Karnataka,India,Consumer,2022-02-07
CUST-01189,Tanvi Das,Female,59,Delhi,Delhi,India,Consumer,2024-07-07
CUST-01190,Vaishnavi Pandey,Female,39,Mumbai,Maharashtra,India,Consumer,2022-12-28
CUST-01191,Anushka Srinivasan,Female,32,Bengaluru,Karnataka,India,Consumer,2025-07-08
CUST-01192,Nikhil Patel,Male,30,Bengaluru,Karnataka,India,Consumer,2025-06-05
CUST-01193,Deepak Sharma,Male,23,Gurugram,Haryana,India,Consumer,2024-07-03
CUST-01194,Anjali Jain,Female,57,Hyderabad,Telangana,India,Corporate,2023-09-17
CUST-01195,Naman Kapoor,Other,52,Ahmedabad,Gujarat,India,Consumer,2023-06-11
CUST-01196,Sandeep Agarwal,Male,37,Guwahati,Assam,India,Consumer,2025-09-24
CUST-01197,Divya Srinivasan,Female,32,Kolkata,West Bengal,India,Consumer,2024-01-04
CUST-01198,Saanvi यादव,Female,59,Kolkata,West Bengal,India,Consumer,2023-02-21
CUST-01199,Rohan Shah,Male,37,Patna,Bihar,India,Consumer,2023-07-10
CUST-01200,Priya Iyer,Female,39,Chandigarh,Chandigarh,India,Consumer,2023-03-06
CUST-01201,Siddharth Gupta,Male,39,Kolkata,West Bengal,India,Consumer,2024-02-23
CUST-01202,Ananya Iyer,Female,45,Hyderabad,Telangana,India,Small Business,2023-03-18
CUST-01203,Aadi Verma,Other,22,Mumbai,Maharashtra,India,Consumer,2024-11-03
CUST-01204,Saanvi Mukherjee,Female,51,Gurugram,Haryana,India,Consumer,2025-08-03
CUST-01205,Meera Shah,Female,44,Chennai,Tamil Nadu,India,Small Business,2022-01-29
CUST-01206,Tanvi Roy,Female,32,Hyderabad,Telangana,India,Consumer,2024-06-16
CUST-01207,Karan Mishra,Male,46,Delhi,Delhi,India,Small Business,2024-11-04
CUST-01208,Saanvi Das,Female,22,Delhi,Delhi,India,Consumer,2024-06-07
CUST-01209,Kriti Pandey,Female,32,Guwahati,Assam,India,Consumer,2022-08-17
CUST-01210,Anjali Verma,Female,23,Kolkata,West Bengal,India,Consumer,2022-07-28
CUST-01211,Kavya Khanna,Female,30,Mumbai,Maharashtra,India,Consumer,2025-11-13
CUST-01212,Aryan Khanna,Male,30,Lucknow,Uttar Pradesh,India,Consumer,2023-03-03
CUST-01213,Divya Srinivasan,Female,46,Jaipur,Rajasthan,India,Consumer,2025-08-16
CUST-01214,Isha Mukherjee,Female,39,Surat,Gujarat,India,Consumer,2023-04-01
CUST-01215,Neha Sharma,Female,32,Ranchi,Jharkhand,India,Small Business,2022-04-03
CUST-01216,Anjali Mehta,Female,35,Pune,Maharashtra,India,Consumer,2024-07-11
CUST-01217,Ananya Mukherjee,Female,50,Goa,Goa,India,Small Business,2025-08-23
CUST-01218,Ankit Singh,Male,56,Bengaluru,Karnataka,India,Consumer,2024-02-06
CUST-01219,Harsh Kapoor,Male,36,Bengaluru,Karnataka,India,Consumer,2025-08-07
CUST-01220,Ananya Shah,Female,58,Jaipur,Rajasthan,India,Consumer,2022-07-12
CUST-01221,Aditya Mehta,Male,22,Bengaluru,Karnataka,India,Corporate,2024-09-13
CUST-01222,Noor Chatterjee,Other,41,Bengaluru,Karnataka,India,Small Business,2024-04-11
CUST-01223,Sandeep यादव,Male,28,Kochi,Kerala,India,Consumer,2022-05-14
CUST-01224,Kriti Srinivasan,Female,26,Kolkata,West Bengal,India,Small Business,2022-09-19
CUST-01225,Anjali Roy,Female,40,Surat,Gujarat,India,Consumer,2022-08-14
CUST-01226,Priya Banerjee,Female,56,Kolkata,West Bengal,India,Consumer,2023-10-01
CUST-01227,Aman Kulkarni,Male,44,Bengaluru,Karnataka,India,Consumer,2022-11-02
CUST-01228,Sneha Kapoor,Female,31,Jaipur,Rajasthan,India,Consumer,2024-01-02
CUST-01229,Arjun Patel,Male,50,Delhi,Delhi,India,Corporate,2022-03-31
CUST-01230,Divya Mishra,Female,38,Patna,Bihar,India,Consumer,2025-09-01
CUST-01231,Pranav Verma,Male,37,Bhubaneswar,Odisha,India,Corporate,2024-10-10
CUST-01232,Aadi Das,Other,27,Bengaluru,Karnataka,India,Consumer,2024-05-24
CUST-01233,Tanvi Kapoor,Female,37,Mumbai,Maharashtra,India,Consumer,2023-12-22
CUST-01234,Nikhil Patel,Male,49,Patna,Bihar,India,Consumer,2025-01-30
CUST-01235,Mohit Bhat,Male,33,Raipur,Chhattisgarh,India,Consumer,2022-03-12
CUST-01236,Kriti Patel,Female,36,Mumbai,Maharashtra,India,Consumer,2022-04-18
CUST-01237,Aman Patel,Male,61,Kolkata,West Bengal,India,Consumer,2025-04-28
CUST-01238,Vivek Bhat,Male,31,Bengaluru,Karnataka,India,Small Business,2025-02-12
CUST-01239,Devansh Kapoor,Other,46,Mumbai,Maharashtra,India,Small Business,2024-07-12
CUST-01240,Anjali Chatterjee,Female,44,Indore,Madhya Pradesh,India,Consumer,2022-08-10
CUST-01241,Nisha Chatterjee,Female,31,Surat,Gujarat,India,Consumer,2022-08-02
CUST-01242,Mohit Kulkarni,Male,26,Lucknow,Uttar Pradesh,India,Small Business,2025-07-21
CUST-01243,Aman Singh,Male,32,Pune,Maharashtra,India,Consumer,2025-11-30
CUST-01244,Rahul Kulkarni,Male,31,Kolkata,West Bengal,India,Small Business,2022-06-28
CUST-01245,Aditya Verma,Male,29,Ranchi,Jharkhand,India,Consumer,2025-10-01
CUST-01246,Vaishnavi Gupta,Female,24,Mumbai,Maharashtra,India,Consumer,2025-12-01
CUST-01247,Neha Banerjee,Female,33,Patna,Bihar,India,Consumer,2024-06-22
CUST-01248,Siddharth Agarwal,Male,57,Gurugram,Haryana,India,Consumer,2023-07-20
CUST-01249,Harsh Iyer,Male,33,Bhubaneswar,Odisha,India,Small Business,2023-02-25
CUST-01250,Mohit Jain,Male,46,Kolkata,West Bengal,India,Consumer,2025-07-24
CUST-01251,Ananya Mehta,Female,21,Raipur,Chhattisgarh,India,Corporate,2025-08-05
CUST-01252,Dev Mehta,Male,36,Hyderabad,Telangana,India,Consumer,2022-09-03
CUST-01253,Pooja Khanna,Female,39,Mumbai,Maharashtra,India,Consumer,2023-11-10
CUST-01254,Kavya Iyer,Female,35,Patna,Bihar,India,Consumer,2024-09-21
CUST-01255,Deepak Khanna,Male,35,Bengaluru,Karnataka,India,Consumer,2023-07-28
CUST-01256,Ananya Shah,Female,34,Mumbai,Maharashtra,India,Small Business,2023-03-18
CUST-01257,Pooja Khanna,Female,62,Bengaluru,Karnataka,India,Small Business,2024-06-12
CUST-01258,Divya Roy,Female,47,Indore,Madhya Pradesh,India,Consumer,2025-01-18
CUST-01259,Karan Singh,Male,31,Bengaluru,Karnataka,India,Small Business,2025-01-27
CUST-01260,Vikas Nair,Male,28,Hyderabad,Telangana,India,Corporate,2023-12-14
CUST-01261,Noor Reddy,Other,32,Mumbai,Maharashtra,India,Small Business,2022-07-26
CUST-01262,Isha Reddy,Female,30,Delhi,Delhi,India,Consumer,2024-12-17
CUST-01263,Kavya Nair,Female,43,Kochi,Kerala,India,Consumer,2023-04-14
CUST-01264,Tanvi यादव,Female,35,Kolkata,West Bengal,India,Consumer,2024-03-14
CUST-01265,Isha Khanna,Female,27,Coimbatore,Tamil Nadu,India,Consumer,2025-02-20
CUST-01266,Akash Khanna,Male,34,Bhubaneswar,Odisha,India,Small Business,2024-11-08
CUST-01267,Aditya Iyer,Male,24,Mumbai,Maharashtra,India,Consumer,2025-03-10
CUST-01268,Divya Khanna,Female,34,Lucknow,Uttar Pradesh,India,Consumer,2024-05-10
CUST-01269,Sneha Khanna,Female,47,Surat,Gujarat,India,Consumer,2025-04-26
CUST-01270,Tanvi Mishra,Female,37,Chennai,Tamil Nadu,India,Consumer,2025-11-23
CUST-01271,Anjali Das,Female,28,Delhi,Delhi,India,Consumer,2025-02-17
CUST-01272,Shreya Pandey,Female,32,Delhi,Delhi,India,Small Business,2023-06-01
CUST-01273,Aarav Pandey,Male,35,Chennai,Tamil Nadu,India,Corporate,2024-05-24
CUST-01274,Aryan Gupta,Male,24,Lucknow,Uttar Pradesh,India,Consumer,2024-10-12
CUST-01275,Dev Nair,Male,28,Bengaluru,Karnataka,India,Small Business,2024-09-18
CUST-01276,Anushka Das,Female,25,Visakhapatnam,Andhra Pradesh,India,Consumer,2023-02-01
CUST-01277,Kriti Pandey,Female,34,Bengaluru,Karnataka,India,Consumer,2022-07-26
CUST-01278,Meera Agarwal,Female,55,Bengaluru,Karnataka,India,Corporate,2023-08-14
CUST-01279,Arjun Shah,Male,38,Chennai,Tamil Nadu,India,Consumer,2024-12-09
CUST-01280,Pranav Mishra,Male,48,Guwahati,Assam,India,Consumer,2025-05-02
CUST-01281,Vikas Kapoor,Male,28,Ahmedabad,Gujarat,India,Consumer,2024-04-05
CUST-01282,Divya Patel,Female,38,Jaipur,Rajasthan,India,Consumer,2022-08-28
CUST-01283,Priya Gupta,Female,45,Bhubaneswar,Odisha,India,Corporate,2025-08-13
CUST-01284,Priya Khanna,Female,48,Delhi,Delhi,India,Corporate,2022-04-20
CUST-01285,Anjali Roy,Female,31,Delhi,Delhi,India,Consumer,2022-05-12
CUST-01286,Aditya Mehta,Male,26,Chennai,Tamil Nadu,India,Consumer,2023-04-27
CUST-01287,Deepika Mukherjee,Female,23,Kolkata,West Bengal,India,Consumer,2022-07-17
CUST-01288,Aarya Mehta,Other,48,Kochi,Kerala,India,Consumer,2024-05-11
CUST-01289,Kavya Mishra,Female,37,Gurugram,Haryana,India,Corporate,2022-01-18
CUST-01290,Neha Srinivasan,Female,33,Coimbatore,Tamil Nadu,India,Consumer,2023-08-04
CUST-01291,Aryan Verma,Male,39,Hyderabad,Telangana,India,Consumer,2023-05-21
CUST-01292,Pranav Nair,Male,30,Delhi,Delhi,India,Consumer,2025-06-02
CUST-01293,Priya Shah,Female,33,Gurugram,Haryana,India,Consumer,2023-02-10
CUST-01294,Deepak Roy,Male,44,Ahmedabad,Gujarat,India,Consumer,2022-02-01
CUST-01295,Pooja Iyer,Female,48,Kolkata,West Bengal,India,Consumer,2024-08-04
CUST-01296,Akash Iyer,Male,41,Mumbai,Maharashtra,India,Consumer,2025-07-18
CUST-01297,Arjun Mukherjee,Male,36,Ahmedabad,Gujarat,India,Small Business,2025-05-28
CUST-01298,Aman Nair,Male,40,Kochi,Kerala,India,Consumer,2023-03-21
CUST-01299,Vikas Kapoor,Male,31,Delhi,Delhi,India,Consumer,2025-08-16
CUST-01300,Arjun यादव,Male,34,Pune,Maharashtra,India,Consumer,2023-07-30
CUST-01301,Vikas Iyer,Male,58,Gurugram,Haryana,India,Consumer,2024-05-09
CUST-01302,Deepika Chatterjee,Female,39,Delhi,Delhi,India,Consumer,2025-07-11
CUST-01303,Mohit Singh,Male,36,Pune,Maharashtra,India,Small Business,2022-11-29
CUST-01304,Pranav Patel,Male,48,Ahmedabad,Gujarat,India,Consumer,2025-11-17
CUST-01305,Vikas Roy,Male,23,Mumbai,Maharashtra,India,Consumer,2022-04-03
CUST-01306,Rahul Reddy,Male,37,Raipur,Chhattisgarh,India,Consumer,2024-03-05
CUST-01307,Karan Kapoor,Male,38,Pune,Maharashtra,India,Corporate,2024-10-03
CUST-01308,Aanya Das,Female,27,Gurugram,Haryana,India,Consumer,2024-01-11
CUST-01309,Riya Pandey,Female,44,Lucknow,Uttar Pradesh,India,Corporate,2024-04-08
CUST-01310,Anjali Mehta,Female,27,Jaipur,Rajasthan,India,Consumer,2025-02-14
CUST-01311,Arjun Mishra,Male,53,Chandigarh,Chandigarh,India,Small Business,2025-07-02
CUST-01312,Vikas Reddy,Male,43,Indore,Madhya Pradesh,India,Consumer,2022-11-22
CUST-01313,Deepak Iyer,Male,23,Bengaluru,Karnataka,India,Corporate,2022-03-12
CUST-01314,Ananya Chatterjee,Female,38,Surat,Gujarat,India,Consumer,2023-08-20
CUST-01315,Anushka Gupta,Female,37,Bengaluru,Karnataka,India,Consumer,2022-07-23
CUST-01316,Siddharth Iyer,Male,52,Pune,Maharashtra,India,Consumer,2023-04-27
CUST-01317,Rahul Pandey,Male,43,Mumbai,Maharashtra,India,Consumer,2023-10-28
CUST-01318,Anushka Iyer,Female,38,Mumbai,Maharashtra,India,Corporate,2022-09-22
CUST-01319,Vikas Shah,Male,39,Chandigarh,Chandigarh,India,Consumer,2023-05-22
CUST-01320,Karan Nair,Male,33,Raipur,Chhattisgarh,India,Small Business,2023-03-11
CUST-01321,Shreya Mehta,Female,41,Mumbai,Maharashtra,India,Consumer,2024-12-29
CUST-01322,Deepak यादव,Male,46,Ahmedabad,Gujarat,India,Corporate,2024-08-15
CUST-01323,Neha Verma,Female,61,Chandigarh,Chandigarh,India,Consumer,2025-05-05
CUST-01324,Aanya यादव,Female,45,Chennai,Tamil Nadu,India,Consumer,2024-10-12
CUST-01325,Arjun Pandey,Male,54,Pune,Maharashtra,India,Consumer,2025-06-08
CUST-01326,Saanvi Das,Female,36,Jaipur,Rajasthan,India,Consumer,2025-05-22
CUST-01327,Sneha Patel,Female,33,Delhi,Delhi,India,Consumer,2024-04-18
CUST-01328,Vaishnavi Sharma,Female,42,Kolkata,West Bengal,India,Consumer,2024-11-24
CUST-01329,Isha Srinivasan,Female,34,Kolkata,West Bengal,India,Consumer,2022-08-18
CUST-01330,Divya Das,Female,42,Chennai,Tamil Nadu,India,Consumer,2022-03-21
CUST-01331,Aman Iyer,Male,33,Chennai,Tamil Nadu,India,Consumer,2023-06-21
CUST-01332,Aman Nair,Male,26,Delhi,Delhi,India,Consumer,2023-06-30
CUST-01333,Saanvi Roy,Female,22,Delhi,Delhi,India,Consumer,2023-12-18
CUST-01334,Rohan Reddy,Male,36,Ahmedabad,Gujarat,India,Consumer,2025-02-07
CUST-01335,Meera Kulkarni,Female,36,Kolkata,West Bengal,India,Small Business,2023-04-14
CUST-01336,Rohan Nair,Male,54,Gurugram,Haryana,India,Consumer,2025-03-21
CUST-01337,Riya Pandey,Female,40,Kolkata,West Bengal,India,Small Business,2024-01-06
CUST-01338,Pooja Roy,Female,33,Chennai,Tamil Nadu,India,Consumer,2025-03-28
CUST-01339,Aarav Chatterjee,Male,41,Bengaluru,Karnataka,India,Consumer,2022-09-23
CUST-01340,Pooja Srinivasan,Female,27,Kolkata,West Bengal,India,Consumer,2025-01-03
CUST-01341,Dev Srinivasan,Male,47,Bhubaneswar,Odisha,India,Small Business,2024-06-30
CUST-01342,Kavya Mishra,Female,31,Ahmedabad,Gujarat,India,Small Business,2025-11-01
CUST-01343,Samarth Nair,Other,46,Surat,Gujarat,India,Consumer,2022-09-25
CUST-01344,Ananya यादव,Female,41,Surat,Gujarat,India,Consumer,2025-12-20
CUST-01345,Vikas Mishra,Male,33,Bhubaneswar,Odisha,India,Consumer,2022-08-30
CUST-01346,Divya Mehta,Female,60,Gurugram,Haryana,India,Small Business,2022-12-16
CUST-01347,Rahul Nair,Male,51,Srinagar,Jammu and Kashmir,India,Corporate,2023-09-15
CUST-01348,Vikas Sharma,Male,41,Bengaluru,Karnataka,India,Consumer,2023-11-02
CUST-01349,Kunal Srinivasan,Male,37,Kolkata,West Bengal,India,Consumer,2023-10-05
CUST-01350,Rohan Roy,Male,47,Hyderabad,Telangana,India,Consumer,2023-05-05
CUST-01351,Yash Roy,Male,37,Bengaluru,Karnataka,India,Consumer,2024-04-23
CUST-01352,Sandeep Gupta,Male,29,Kochi,Kerala,India,Corporate,2025-06-21
CUST-01353,Aditi Reddy,Female,29,Gurugram,Haryana,India,Corporate,2024-04-28
CUST-01354,Nikhil Sharma,Male,31,Chennai,Tamil Nadu,India,Consumer,2025-07-31
CUST-01355,Ankit Nair,Male,43,Pune,Maharashtra,India,Corporate,2022-05-23
CUST-01356,Divya Chatterjee,Female,56,Hyderabad,Telangana,India,Consumer,2025-03-22
CUST-01357,Nikhil यादव,Male,40,Bengaluru,Karnataka,India,Consumer,2024-12-05
CUST-01358,Arjun Shah,Male,32,Mumbai,Maharashtra,India,Corporate,2025-11-01
CUST-01359,Aanya Kapoor,Female,38,Kolkata,West Bengal,India,Consumer,2023-09-12
CUST-01360,Kriti Kapoor,Female,28,Pune,Maharashtra,India,Consumer,2023-07-16
CUST-01361,Isha Singh,Female,35,Ahmedabad,Gujarat,India,Corporate,2025-07-25
CUST-01362,Shreya Singh,Female,38,Mumbai,Maharashtra,India,Small Business,2024-09-12
CUST-01363,Akash Mishra,Male,43,Bengaluru,Karnataka,India,Consumer,2023-07-10
CUST-01364,Aanya Mishra,Female,34,Mumbai,Maharashtra,India,Corporate,2024-09-30
CUST-01365,Aditi Verma,Female,28,Gurugram,Haryana,India,Consumer,2023-04-16
CUST-01366,Karan Nair,Male,34,Chennai,Tamil Nadu,India,Consumer,2023-02-13
CUST-01367,Divya Roy,Female,59,Bhubaneswar,Odisha,India,Consumer,2022-08-18
CUST-01368,Sneha Banerjee,Female,37,Delhi,Delhi,India,Consumer,2024-07-14
CUST-01369,Aanya Mehta,Female,30,Coimbatore,Tamil Nadu,India,Consumer,2024-01-16
CUST-01370,Saanvi Kapoor,Female,49,Kolkata,West Bengal,India,Corporate,2023-08-10
CUST-01371,Meera Shah,Female,24,Lucknow,Uttar Pradesh,India,Consumer,2023-02-24
CUST-01372,Rahul Khanna,Male,30,Coimbatore,Tamil Nadu,India,Small Business,2022-06-08
CUST-01373,Dev Nair,Male,43,Chennai,Tamil Nadu,India,Consumer,2024-05-03
CUST-01374,Kunal Pandey,Male,59,Surat,Gujarat,India,Small Business,2022-12-21
CUST-01375,Mohit Pandey,Male,25,Kolkata,West Bengal,India,Consumer,2023-06-23
CUST-01376,Anushka Das,Female,31,Chennai,Tamil Nadu,India,Small Business,2022-07-03
CUST-01377,Aditya Chatterjee,Male,38,Coimbatore,Tamil Nadu,India,Consumer,2025-03-26
CUST-01378,Neha Verma,Female,37,Surat,Gujarat,India,Consumer,2023-10-23
CUST-01379,Anjali Mehta,Female,52,Pune,Maharashtra,India,Consumer,2024-01-27
CUST-01380,Anushka यादव,Female,29,Bengaluru,Karnataka,India,Consumer,2022-01-30
CUST-01381,Anushka Srinivasan,Female,25,Kolkata,West Bengal,India,Consumer,2024-07-03
CUST-01382,Pooja Bhat,Female,24,Mumbai,Maharashtra,India,Consumer,2023-06-27
CUST-01383,Vikas Shah,Male,24,Patna,Bihar,India,Small Business,2023-12-06
CUST-01384,Neha Gupta,Female,24,Raipur,Chhattisgarh,India,Consumer,2024-10-08
CUST-01385,Riya Reddy,Female,46,Bengaluru,Karnataka,India,Consumer,2023-04-10
CUST-01386,Ananya Shah,Female,28,Kochi,Kerala,India,Corporate,2022-03-22
CUST-01387,Neha यादव,Female,29,Mumbai,Maharashtra,India,Corporate,2023-03-10
CUST-01388,Neha Roy,Female,62,Gurugram,Haryana,India,Consumer,2022-02-17
CUST-01389,Akash Iyer,Male,58,Siliguri,West Bengal,India,Consumer,2024-01-28
CUST-01390,Aashi Mehta,Other,38,Mumbai,Maharashtra,India,Corporate,2024-02-01
CUST-01391,Anushka Sharma,Female,37,Gurugram,Haryana,India,Consumer,2022-06-13
CUST-01392,Riya Kulkarni,Female,36,Gurugram,Haryana,India,Consumer,2023-05-15
CUST-01393,Ananya Mishra,Female,27,Chennai,Tamil Nadu,India,Consumer,2025-11-18
CUST-01394,Anushka Nair,Female,44,Kolkata,West Bengal,India,Consumer,2022-07-05
CUST-01395,Vikas Jain,Male,31,Delhi,Delhi,India,Small Business,2025-03-25
CUST-01396,Deepika Kapoor,Female,33,Hyderabad,Telangana,India,Small Business,2022-03-25
CUST-01397,Sandeep Banerjee,Male,43,Ranchi,Jharkhand,India,Consumer,2023-10-31
CUST-01398,Nikhil Verma,Male,50,Ahmedabad,Gujarat,India,Consumer,2023-01-20
CUST-01399,Aditya Kulkarni,Male,28,Mumbai,Maharashtra,India,Consumer,2024-10-11
CUST-01400,Isha Chatterjee,Female,31,Hyderabad,Telangana,India,Consumer,2024-06-05
CUST-01401,Mohit Iyer,Male,22,Gurugram,Haryana,India,Corporate,2024-10-04
CUST-01402,Arjun Roy,Male,34,Delhi,Delhi,India,Small Business,2023-06-06
CUST-01403,Ankit Iyer,Male,32,Kochi,Kerala,India,Consumer,2022-09-21
CUST-01404,Pooja Shah,Female,54,Visakhapatnam,Andhra Pradesh,India,Small Business,2023-08-08
CUST-01405,Rahul Mishra,Male,42,Surat,Gujarat,India,Consumer,2023-03-15
CUST-01406,Sandeep Chatterjee,Male,41,Hyderabad,Telangana,India,Consumer,2022-06-30
CUST-01407,Kunal Nair,Male,59,Srinagar,Jammu and Kashmir,India,Small Business,2024-02-16
CUST-01408,Arjun Banerjee,Male,28,Delhi,Delhi,India,Consumer,2022-05-14
CUST-01409,Neha Agarwal,Female,57,Mumbai,Maharashtra,India,Consumer,2022-03-21
CUST-01410,Dev Iyer,Male,34,Gurugram,Haryana,India,Consumer,2024-05-21
CUST-01411,Nisha Gupta,Female,40,Indore,Madhya Pradesh,India,Consumer,2025-01-17
CUST-01412,Rohan Jain,Male,32,Hyderabad,Telangana,India,Consumer,2022-07-24
CUST-01413,Aanya Nair,Female,27,Hyderabad,Telangana,India,Small Business,2025-09-20
CUST-01414,Anushka Chatterjee,Female,59,Lucknow,Uttar Pradesh,India,Consumer,2023-02-25
CUST-01415,Pooja Bhat,Female,40,Delhi,Delhi,India,Consumer,2025-09-08
CUST-01416,Arjun यादव,Male,34,Gurugram,Haryana,India,Consumer,2022-12-14
CUST-01417,Siddharth Reddy,Male,53,Delhi,Delhi,India,Consumer,2022-04-14
CUST-01418,Anushka Khanna,Female,31,Mumbai,Maharashtra,India,Consumer,2023-03-13
CUST-01419,Aarav Khanna,Male,53,Chennai,Tamil Nadu,India,Consumer,2024-12-27
CUST-01420,Divya Nair,Female,36,Surat,Gujarat,India,Consumer,2022-12-29
CUST-01421,Aryan Pandey,Male,49,Kolkata,West Bengal,India,Consumer,2025-03-23
CUST-01422,Saanvi Singh,Female,52,Kolkata,West Bengal,India,Consumer,2022-01-13
CUST-01423,Ankit Nair,Male,27,Gurugram,Haryana,India,Consumer,2025-04-19
CUST-01424,Sandeep Shah,Male,56,Kolkata,West Bengal,India,Corporate,2023-06-16
CUST-01425,Ananya Shah,Female,38,Mumbai,Maharashtra,India,Consumer,2025-09-13
CUST-01426,Isha Patel,Female,29,Bhubaneswar,Odisha,India,Consumer,2025-08-05
CUST-01427,Riya Mukherjee,Female,32,Delhi,Delhi,India,Corporate,2023-07-23
CUST-01428,Aditi Jain,Female,38,Kolkata,West Bengal,India,Consumer,2023-07-08
CUST-01429,Harsh Gupta,Male,43,Ahmedabad,Gujarat,India,Consumer,2025-11-05
CUST-01430,Tanvi Bhat,Female,28,Mumbai,Maharashtra,India,Consumer,2024-12-17
CUST-01431,Karan Reddy,Male,47,Chennai,Tamil Nadu,India,Small Business,2024-07-13
CUST-01432,Anushka Mehta,Female,43,Patna,Bihar,India,Corporate,2024-03-11
CUST-01433,Riya यादव,Female,29,Hyderabad,Telangana,India,Consumer,2022-12-08
CUST-01434,Priya Mukherjee,Female,58,Bengaluru,Karnataka,India,Small Business,2022-05-08
CUST-01435,Aarav Kapoor,Male,45,Delhi,Delhi,India,Consumer,2025-07-24
CUST-01436,Rahul यादव,Male,20,Gurugram,Haryana,India,Consumer,2022-04-24
CUST-01437,Aman Mishra,Male,56,Pune,Maharashtra,India,Consumer,2025-08-15
CUST-01438,Meera Patel,Female,56,Bhubaneswar,Odisha,India,Small Business,2024-11-21
CUST-01439,Riya Roy,Female,39,Chandigarh,Chandigarh,India,Small Business,2023-11-01
CUST-01440,Harsh Agarwal,Male,29,Lucknow,Uttar Pradesh,India,Consumer,2023-11-16
CUST-01441,Aarav Mukherjee,Male,54,Pune,Maharashtra,India,Consumer,2023-09-02
CUST-01442,Nisha Das,Female,50,Kolkata,West Bengal,India,Consumer,2024-01-09
CUST-01443,Manish Singh,Male,40,Delhi,Delhi,India,Consumer,2022-06-07
CUST-01444,Saanvi Mehta,Female,34,Jaipur,Rajasthan,India,Consumer,2023-11-16
CUST-01445,Rohan Verma,Male,44,Chennai,Tamil Nadu,India,Consumer,2024-01-10
CUST-01446,Aman Agarwal,Male,43,Chennai,Tamil Nadu,India,Consumer,2024-07-09
CUST-01447,Arjun Patel,Male,19,Pune,Maharashtra,India,Consumer,2023-08-18
CUST-01448,Ankit Khanna,Male,35,Bhubaneswar,Odisha,India,Consumer,2023-11-11
CUST-01449,Aditi Shah,Female,42,Kochi,Kerala,India,Small Business,2022-03-24
CUST-01450,Deepak Khanna,Male,25,Mumbai,Maharashtra,India,Corporate,2024-03-25
CUST-01451,Neha Nair,Female,26,Chennai,Tamil Nadu,India,Small Business,2025-06-12
CUST-01452,Nikhil यादव,Male,26,Chennai,Tamil Nadu,India,Consumer,2023-06-13
CUST-01453,Kiran Das,Other,34,Patna,Bihar,India,Consumer,2024-12-29
CUST-01454,Manish Khanna,Male,49,Indore,Madhya Pradesh,India,Consumer,2023-03-06
CUST-01455,Aditya Srinivasan,Male,54,Delhi,Delhi,India,Consumer,2023-12-13
CUST-01456,Divya Das,Female,45,Chennai,Tamil Nadu,India,Consumer,2022-03-19
CUST-01457,Anjali Patel,Female,37,Gurugram,Haryana,India,Small Business,2025-10-14
CUST-01458,Aditya Reddy,Male,49,Bengaluru,Karnataka,India,Consumer,2024-07-11
CUST-01459,Aditya Kapoor,Male,50,Patna,Bihar,India,Consumer,2022-12-20
CUST-01460,Arjun Gupta,Male,38,Bengaluru,Karnataka,India,Consumer,2022-03-09
CUST-01461,Ankit Mehta,Male,20,Pune,Maharashtra,India,Consumer,2025-01-16
CUST-01462,Saanvi Iyer,Female,28,Hyderabad,Telangana,India,Small Business,2022-03-21
CUST-01463,Aditi Khanna,Female,35,Ahmedabad,Gujarat,India,Consumer,2022-05-09
CUST-01464,Harsh Mehta,Male,43,Kolkata,West Bengal,India,Consumer,2024-05-11
CUST-01465,Akash Singh,Male,25,Ahmedabad,Gujarat,India,Corporate,2025-07-03
CUST-01466,Nikhil Kulkarni,Male,48,Lucknow,Uttar Pradesh,India,Consumer,2025-01-05
CUST-01467,Anushka Jain,Female,38,Mumbai,Maharashtra,India,Consumer,2025-11-25
CUST-01468,Riya Iyer,Female,32,Jaipur,Rajasthan,India,Consumer,2024-01-16
CUST-01469,Nikhil Mukherjee,Male,23,Mumbai,Maharashtra,India,Consumer,2024-12-31
CUST-01470,Deepak Mishra,Male,37,Mumbai,Maharashtra,India,Consumer,2023-03-11
CUST-01471,Manish Srinivasan,Male,42,Mumbai,Maharashtra,India,Consumer,2023-03-26
CUST-01472,Aanya Verma,Female,31,Mumbai,Maharashtra,India,Corporate,2022-09-02
CUST-01473,Arjun Das,Male,32,Delhi,Delhi,India,Consumer,2025-10-29
CUST-01474,Ankit Banerjee,Male,28,Pune,Maharashtra,India,Small Business,2025-07-03
CUST-01475,Karan Patel,Male,36,Kolkata,West Bengal,India,Corporate,2022-11-21
CUST-01476,Arjun Chatterjee,Male,43,Mumbai,Maharashtra,India,Consumer,2023-12-17
CUST-01477,Aditya Verma,Male,55,Ahmedabad,Gujarat,India,Consumer,2025-11-03
CUST-01478,Isha यादव,Female,56,Bengaluru,Karnataka,India,Consumer,2022-01-11
CUST-01479,Kavya Nair,Female,36,Mumbai,Maharashtra,India,Corporate,2023-11-09
CUST-01480,Isha Mehta,Female,32,Delhi,Delhi,India,Consumer,2022-02-22
CUST-01481,Sandeep Bhat,Male,51,Mumbai,Maharashtra,India,Consumer,2023-03-05
CUST-01482,Mohit Banerjee,Male,39,Gurugram,Haryana,India,Consumer,2022-03-07
CUST-01483,Ahan Shah,Other,51,Patna,Bihar,India,Consumer,2023-07-04
CUST-01484,Sandeep Mishra,Male,25,Pune,Maharashtra,India,Consumer,2025-05-23
CUST-01485,Kunal Bhat,Male,53,Ahmedabad,Gujarat,India,Consumer,2024-08-28
CUST-01486,Deepak Verma,Male,44,Delhi,Delhi,India,Consumer,2022-09-14
CUST-01487,Vaishnavi Chatterjee,Female,32,Surat,Gujarat,India,Consumer,2022-01-17
CUST-01488,Vivek Nair,Male,45,Pune,Maharashtra,India,Consumer,2023-10-31
CUST-01489,Saanvi Kulkarni,Female,29,Chennai,Tamil Nadu,India,Consumer,2024-11-13
CUST-01490,Harsh यादव,Male,48,Chandigarh,Chandigarh,India,Consumer,2025-07-01
CUST-01491,Dev Chatterjee,Male,43,Delhi,Delhi,India,Consumer,2024-12-11
CUST-01492,Shreya Kapoor,Female,27,Jaipur,Rajasthan,India,Consumer,2023-12-07
CUST-01493,Deepika Khanna,Female,52,Surat,Gujarat,India,Consumer,2025-07-03
CUST-01494,Ananya Sharma,Female,50,Kolkata,West Bengal,India,Corporate,2024-03-02
CUST-01495,Avni Chatterjee,Other,27,Kolkata,West Bengal,India,Small Business,2023-01-16
CUST-01496,Avni Banerjee,Other,39,Lucknow,Uttar Pradesh,India,Consumer,2024-09-12
CUST-01497,Yash Banerjee,Male,24,Mumbai,Maharashtra,India,Consumer,2023-09-06
CUST-01498,Deepika Gupta,Female,26,Delhi,Delhi,India,Consumer,2022-12-01
CUST-01499,Karan Chatterjee,Male,29,Delhi,Delhi,India,Consumer,2023-05-12
CUST-01500,Tanvi Sharma,Female,55,Pune,Maharashtra,India,Small Business,2023-06-02
CUST-01501,Riya Nair,Female,45,Chennai,Tamil Nadu,India,Consumer,2024-02-25
CUST-01502,Sandeep Shah,Male,40,Gurugram,Haryana,India,Small Business,2025-12-19
CUST-01503,Aarav Singh,Male,33,Ahmedabad,Gujarat,India,Small Business,2024-07-29
CUST-01504,Pooja Verma,Female,30,Jaipur,Rajasthan,India,Corporate,2024-05-06
CUST-01505,Anjali Srinivasan,Female,47,Indore,Madhya Pradesh,India,Consumer,2023-12-19
CUST-01506,Vaishnavi Gupta,Female,32,Bengaluru,Karnataka,India,Consumer,2025-12-25
CUST-01507,Neha Roy,Female,39,Delhi,Delhi,India,Corporate,2024-03-23
CUST-01508,Manish Agarwal,Male,56,Kolkata,West Bengal,India,Corporate,2024-08-04
CUST-01509,Rahul Srinivasan,Male,34,Mumbai,Maharashtra,India,Consumer,2024-12-11
CUST-01510,Sandeep Srinivasan,Male,29,Bhubaneswar,Odisha,India,Consumer,2025-08-19
CUST-01511,Sandeep Gupta,Male,28,Pune,Maharashtra,India,Consumer,2022-03-09
CUST-01512,Aman Iyer,Male,32,Kolkata,West Bengal,India,Small Business,2024-01-07
CUST-01513,Neha Banerjee,Female,35,Bengaluru,Karnataka,India,Consumer,2022-03-19
CUST-01514,Karan Mukherjee,Male,54,Delhi,Delhi,India,Consumer,2025-11-07
CUST-01515,Isha Das,Female,32,Surat,Gujarat,India,Consumer,2025-12-08
CUST-01516,Vaishnavi Mehta,Female,39,Pune,Maharashtra,India,Consumer,2025-01-12
CUST-01517,Manish Srinivasan,Male,39,Bengaluru,Karnataka,India,Consumer,2025-02-13
CUST-01518,Aryan Patel,Male,45,Kolkata,West Bengal,India,Consumer,2023-03-21
CUST-01519,Anushka Pandey,Female,27,Hyderabad,Telangana,India,Small Business,2023-04-29
CUST-01520,Dev Kapoor,Male,28,Raipur,Chhattisgarh,India,Corporate,2025-03-05
CUST-01521,Kriti Verma,Female,39,Delhi,Delhi,India,Consumer,2023-07-25
CUST-01522,Pooja Sharma,Female,30,Chennai,Tamil Nadu,India,Consumer,2024-05-19
CUST-01523,Siddharth Bhat,Male,33,Kolkata,West Bengal,India,Consumer,2022-11-21
CUST-01524,Shreya Mishra,Female,34,Delhi,Delhi,India,Consumer,2025-04-03
CUST-01525,Vikas Roy,Male,41,Chennai,Tamil Nadu,India,Consumer,2025-08-01
CUST-01526,Neha Patel,Female,41,Delhi,Delhi,India,Small Business,2022-12-31
CUST-01527,Pranav Roy,Male,30,Ahmedabad,Gujarat,India,Consumer,2022-03-16
CUST-01528,Aanya Kulkarni,Female,42,Srinagar,Jammu and Kashmir,India,Small Business,2022-12-10
CUST-01529,Sneha Mishra,Female,29,Gurugram,Haryana,India,Consumer,2022-08-21
CUST-01530,Aanya Sharma,Female,51,Surat,Gujarat,India,Consumer,2022-05-25
CUST-01531,Kriti Kapoor,Female,24,Delhi,Delhi,India,Consumer,2025-09-22
CUST-01532,Pooja Mukherjee,Female,33,Srinagar,Jammu and Kashmir,India,Small Business,2025-05-29
CUST-01533,Yash Chatterjee,Male,62,Pune,Maharashtra,India,Small Business,2025-01-13
CUST-01534,Karan Kapoor,Male,42,Mumbai,Maharashtra,India,Consumer,2023-10-12
CUST-01535,Rahul Mukherjee,Male,45,Hyderabad,Telangana,India,Corporate,2022-02-09
CUST-01536,Sandeep Verma,Male,53,Gurugram,Haryana,India,Consumer,2023-10-17
CUST-01537,Rohan Roy,Male,24,Chennai,Tamil Nadu,India,Corporate,2024-07-22
CUST-01538,Aarav Nair,Male,25,Jaipur,Rajasthan,India,Small Business,2025-04-16
CUST-01539,Kriti Srinivasan,Female,22,Bengaluru,Karnataka,India,Consumer,2025-02-13
CUST-01540,Nisha Gupta,Female,40,Lucknow,Uttar Pradesh,India,Corporate,2025-05-27
CUST-01541,Karan Verma,Male,52,Lucknow,Uttar Pradesh,India,Consumer,2022-06-30
CUST-01542,Deepika Iyer,Female,43,Hyderabad,Telangana,India,Consumer,2024-05-17
CUST-01543,Divya Mukherjee,Female,51,Kolkata,West Bengal,India,Consumer,2025-02-23
CUST-01544,Pranav Khanna,Male,24,Jaipur,Rajasthan,India,Small Business,2024-08-24
CUST-01545,Kavya Das,Female,34,Kochi,Kerala,India,Consumer,2023-03-18
CUST-01546,Arjun Kapoor,Male,45,Gurugram,Haryana,India,Consumer,2022-02-04
CUST-01547,Ananya Srinivasan,Female,32,Delhi,Delhi,India,Consumer,2023-05-12
CUST-01548,Karan Sharma,Male,24,Lucknow,Uttar Pradesh,India,Consumer,2022-04-20
CUST-01549,Deepak Chatterjee,Male,52,Chandigarh,Chandigarh,India,Consumer,2022-12-30
CUST-01550,Manish Nair,Male,41,Ahmedabad,Gujarat,India,Corporate,2023-05-21
CUST-01551,Aman Gupta,Male,34,Mumbai,Maharashtra,India,Consumer,2022-10-21
CUST-01552,Nisha Roy,Female,42,Jaipur,Rajasthan,India,Consumer,2023-09-06
CUST-01553,Pooja Srinivasan,Female,26,Pune,Maharashtra,India,Consumer,2025-07-04
CUST-01554,Priya Iyer,Female,38,Mumbai,Maharashtra,India,Consumer,2022-07-04
CUST-01555,Nisha Banerjee,Female,29,Delhi,Delhi,India,Consumer,2025-01-28
CUST-01556,Vivek Roy,Male,30,Chandigarh,Chandigarh,India,Consumer,2023-12-29
CUST-01557,Aditya Kulkarni,Male,33,Hyderabad,Telangana,India,Small Business,2025-04-19
CUST-01558,Shreya Iyer,Female,46,Bengaluru,Karnataka,India,Consumer,2024-04-23
CUST-01559,Meera Sharma,Female,61,Surat,Gujarat,India,Consumer,2025-04-25
CUST-01560,Kavya Verma,Female,59,Lucknow,Uttar Pradesh,India,Corporate,2024-12-23
CUST-01561,Aditya Singh,Male,42,Lucknow,Uttar Pradesh,India,Consumer,2023-04-17
CUST-01562,Tanvi Srinivasan,Female,29,Surat,Gujarat,India,Consumer,2023-03-17
CUST-01563,Nisha Shah,Female,39,Bengaluru,Karnataka,India,Small Business,2025-07-16
CUST-01564,Karan Mukherjee,Male,48,Delhi,Delhi,India,Consumer,2024-10-06
CUST-01565,Vaishnavi Kulkarni,Female,23,Kolkata,West Bengal,India,Consumer,2022-11-20
CUST-01566,Aanya Kulkarni,Female,56,Surat,Gujarat,India,Consumer,2023-05-24
CUST-01567,Rohan Pandey,Male,32,Chennai,Tamil Nadu,India,Small Business,2025-11-22
CUST-01568,Dev Mehta,Male,37,Pune,Maharashtra,India,Small Business,2025-01-27
CUST-01569,Kavya Chatterjee,Female,32,Delhi,Delhi,India,Consumer,2024-01-03
CUST-01570,Deepika Srinivasan,Female,24,Hyderabad,Telangana,India,Small Business,2023-10-23
CUST-01571,Neha Nair,Female,41,Jaipur,Rajasthan,India,Consumer,2025-06-22
CUST-01572,Riya Iyer,Female,28,Chandigarh,Chandigarh,India,Consumer,2022-11-10
CUST-01573,Aanya Banerjee,Female,42,Chennai,Tamil Nadu,India,Consumer,2023-01-27
CUST-01574,Shreya Das,Female,32,Patna,Bihar,India,Small Business,2024-04-22
CUST-01575,Tanvi Bhat,Female,33,Gurugram,Haryana,India,Consumer,2022-02-06
CUST-01576,Saanvi Roy,Female,23,Kolkata,West Bengal,India,Corporate,2023-06-03
CUST-01577,Sneha Shah,Female,30,Gurugram,Haryana,India,Consumer,2022-06-23
CUST-01578,Aditya Mishra,Male,40,Chennai,Tamil Nadu,India,Consumer,2025-05-14
CUST-01579,Kavya Iyer,Female,23,Delhi,Delhi,India,Consumer,2025-01-17
CUST-01580,Naman Jain,Other,32,Goa,Goa,India,Consumer,2022-05-26
CUST-01581,Divya Srinivasan,Female,54,Delhi,Delhi,India,Corporate,2024-06-09
CUST-01582,Aman Reddy,Male,35,Kolkata,West Bengal,India,Consumer,2023-02-20
CUST-01583,Yash Khanna,Male,32,Pune,Maharashtra,India,Consumer,2024-05-05
CUST-01584,Nisha Roy,Female,41,Bengaluru,Karnataka,India,Consumer,2022-02-20
CUST-01585,Ira Srinivasan,Other,20,Kolkata,West Bengal,India,Small Business,2023-08-10
CUST-01586,Deepak Patel,Male,36,Gurugram,Haryana,India,Consumer,2025-04-08
CUST-01587,Kunal Pandey,Male,39,Bengaluru,Karnataka,India,Consumer,2024-09-14
CUST-01588,Deepika Reddy,Female,52,Kolkata,West Bengal,India,Consumer,2023-03-07
CUST-01589,Meera Roy,Female,36,Pune,Maharashtra,India,Consumer,2023-05-15
CUST-01590,Nisha Bhat,Female,50,Srinagar,Jammu and Kashmir,India,Small Business,2025-07-15
CUST-01591,Aditi यादव,Female,41,Pune,Maharashtra,India,Small Business,2024-02-22
CUST-01592,Vivek यादव,Male,55,Pune,Maharashtra,India,Consumer,2023-10-10
CUST-01593,Rohan यादव,Male,57,Lucknow,Uttar Pradesh,India,Consumer,2025-11-15
CUST-01594,Pranav Nair,Male,22,Gurugram,Haryana,India,Consumer,2024-01-30
CUST-01595,Harsh Verma,Male,50,Kolkata,West Bengal,India,Consumer,2023-06-04
CUST-01596,Ahan Das,Other,29,Bhubaneswar,Odisha,India,Small Business,2023-03-17
CUST-01597,Rohan Reddy,Male,28,Jaipur,Rajasthan,India,Consumer,2023-05-05
CUST-01598,Ananya Khanna,Female,42,Delhi,Delhi,India,Consumer,2024-03-26
CUST-01599,Saanvi यादव,Female,37,Bengaluru,Karnataka,India,Consumer,2025-11-23
CUST-01600,Vivek Banerjee,Male,48,Jaipur,Rajasthan,India,Consumer,2025-02-12
CUST-01601,Anjali यादव,Female,46,Chennai,Tamil Nadu,India,Consumer,2025-06-17
CUST-01602,Aarav Kulkarni,Male,55,Jaipur,Rajasthan,India,Consumer,2023-10-03
CUST-01603,Sneha Nair,Female,31,Delhi,Delhi,India,Consumer,2022-04-16
CUST-01604,Aanya Jain,Female,23,Delhi,Delhi,India,Consumer,2025-03-19
CUST-01605,Saanvi Verma,Female,48,Bengaluru,Karnataka,India,Consumer,2025-12-05
CUST-01606,Kunal Patel,Male,33,Chennai,Tamil Nadu,India,Consumer,2022-12-23
CUST-01607,Aryan Shah,Male,34,Kolkata,West Bengal,India,Small Business,2023-09-24
CUST-01608,Vikas Verma,Male,32,Bengaluru,Karnataka,India,Small Business,2022-10-30
CUST-01609,Akash Pandey,Male,26,Mumbai,Maharashtra,India,Corporate,2025-06-13
CUST-01610,Rahul Khanna,Male,39,Delhi,Delhi,India,Consumer,2022-02-07
CUST-01611,Nisha Roy,Female,27,Delhi,Delhi,India,Consumer,2025-11-24
CUST-01612,Siddharth Khanna,Male,26,Gurugram,Haryana,India,Consumer,2025-06-24
CUST-01613,Anushka Nair,Female,62,Ahmedabad,Gujarat,India,Small Business,2025-06-03
CUST-01614,Aditya Singh,Male,41,Ranchi,Jharkhand,India,Consumer,2023-07-10
CUST-01615,Ananya Pandey,Female,31,Hyderabad,Telangana,India,Small Business,2022-01-22
CUST-01616,Kavya Patel,Female,46,Hyderabad,Telangana,India,Consumer,2024-05-14
CUST-01617,Riya Nair,Female,51,Coimbatore,Tamil Nadu,India,Consumer,2025-09-25
CUST-01618,Kunal Khanna,Male,39,Chandigarh,Chandigarh,India,Consumer,2023-05-22
CUST-01619,Pranav Verma,Male,48,Bengaluru,Karnataka,India,Consumer,2022-10-31
CUST-01620,Shreya Verma,Female,56,Srinagar,Jammu and Kashmir,India,Consumer,2025-05-22
CUST-01621,Shreya यादव,Female,58,Surat,Gujarat,India,Small Business,2025-03-19
CUST-01622,Ankit Shah,Male,34,Delhi,Delhi,India,Small Business,2023-10-20
CUST-01623,Nikhil Chatterjee,Male,31,Mumbai,Maharashtra,India,Consumer,2023-03-28
CUST-01624,Mohit Srinivasan,Male,33,Patna,Bihar,India,Consumer,2024-12-04
CUST-01625,Saanvi Shah,Female,21,Kolkata,West Bengal,India,Small Business,2025-08-25
CUST-01626,Sneha Das,Female,57,Gurugram,Haryana,India,Small Business,2022-07-29
CUST-01627,Karan Kulkarni,Male,42,Chennai,Tamil Nadu,India,Consumer,2025-11-05
CUST-01628,Harsh Nair,Male,26,Gurugram,Haryana,India,Consumer,2024-04-03
CUST-01629,Aryan Roy,Male,29,Kochi,Kerala,India,Corporate,2023-11-27
CUST-01630,Meera Khanna,Female,50,Chennai,Tamil Nadu,India,Consumer,2024-03-27
CUST-01631,Anushka Iyer,Female,40,Lucknow,Uttar Pradesh,India,Consumer,2023-11-30
CUST-01632,Kriti Nair,Female,24,Gurugram,Haryana,India,Consumer,2024-01-20
CUST-01633,Saanvi Jain,Female,53,Delhi,Delhi,India,Consumer,2024-04-14
CUST-01634,Divya Iyer,Female,26,Delhi,Delhi,India,Consumer,2022-05-09
CUST-01635,Shreya Banerjee,Female,37,Mumbai,Maharashtra,India,Consumer,2022-11-13
CUST-01636,Pranav Shah,Male,33,Surat,Gujarat,India,Small Business,2025-02-19
CUST-01637,Tanvi Sharma,Female,33,Delhi,Delhi,India,Corporate,2025-03-23
CUST-01638,Pooja Agarwal,Female,41,Jaipur,Rajasthan,India,Consumer,2023-09-09
CUST-01639,Riya Khanna,Female,37,Jaipur,Rajasthan,India,Consumer,2024-03-05
CUST-01640,Harsh Kulkarni,Male,28,Chennai,Tamil Nadu,India,Corporate,2025-05-30
CUST-01641,Aditya Patel,Male,33,Mumbai,Maharashtra,India,Small Business,2025-01-20
CUST-01642,Divya Sharma,Female,24,Mumbai,Maharashtra,India,Consumer,2023-01-05
CUST-01643,Aditi Iyer,Female,33,Mumbai,Maharashtra,India,Small Business,2024-06-05
CUST-01644,Aryan Pandey,Male,29,Mumbai,Maharashtra,India,Corporate,2025-10-06
CUST-01645,Vivek Kapoor,Male,42,Goa,Goa,India,Small Business,2022-08-05
CUST-01646,Anjali Das,Female,21,Jaipur,Rajasthan,India,Consumer,2024-04-17
CUST-01647,Riya Roy,Female,25,Gurugram,Haryana,India,Corporate,2025-03-22
CUST-01648,Nikhil Agarwal,Male,43,Bengaluru,Karnataka,India,Consumer,2024-05-08
CUST-01649,Vaishnavi Shah,Female,25,Gurugram,Haryana,India,Consumer,2023-01-20
CUST-01650,Shreya Verma,Female,62,Ranchi,Jharkhand,India,Small Business,2023-06-24
CUST-01651,Arjun Roy,Male,30,Pune,Maharashtra,India,Consumer,2024-05-23
CUST-01652,Aanya Iyer,Female,32,Chennai,Tamil Nadu,India,Consumer,2023-09-05
CUST-01653,Shreya Jain,Female,24,Delhi,Delhi,India,Consumer,2023-03-26
CUST-01654,Tanvi Singh,Female,30,Bengaluru,Karnataka,India,Consumer,2025-11-16
CUST-01655,Vikas Das,Male,55,Indore,Madhya Pradesh,India,Consumer,2025-01-21
CUST-01656,Nisha Gupta,Female,41,Gurugram,Haryana,India,Small Business,2024-01-14
CUST-01657,Vivek Khanna,Male,42,Patna,Bihar,India,Consumer,2024-08-20
CUST-01658,Karan Khanna,Male,30,Delhi,Delhi,India,Consumer,2024-07-19
CUST-01659,Aditya Chatterjee,Male,28,Jaipur,Rajasthan,India,Consumer,2024-06-30
CUST-01660,Meera Mukherjee,Female,55,Hyderabad,Telangana,India,Consumer,2025-07-26
CUST-01661,Aditi Singh,Female,47,Mumbai,Maharashtra,India,Consumer,2025-04-17
CUST-01662,Karan Gupta,Male,57,Coimbatore,Tamil Nadu,India,Consumer,2025-11-23
CUST-01663,Aryan Gupta,Male,38,Srinagar,Jammu and Kashmir,India,Consumer,2022-04-03
CUST-01664,Deepika Verma,Female,35,Kolkata,West Bengal,India,Consumer,2023-09-18
CUST-01665,Yash Roy,Male,50,Surat,Gujarat,India,Consumer,2023-03-23
CUST-01666,Meera Singh,Female,43,Bhubaneswar,Odisha,India,Small Business,2022-03-15
CUST-01667,Priya Kapoor,Female,45,Delhi,Delhi,India,Small Business,2025-08-03
CUST-01668,Tanvi Mishra,Female,40,Kolkata,West Bengal,India,Consumer,2023-10-21
CUST-01669,Sneha Patel,Female,34,Chennai,Tamil Nadu,India,Consumer,2022-02-08
CUST-01670,Anushka Kulkarni,Female,38,Delhi,Delhi,India,Consumer,2022-03-03
CUST-01671,Rohan Das,Male,37,Bengaluru,Karnataka,India,Small Business,2023-10-29
CUST-01672,Divya Mukherjee,Female,30,Gurugram,Haryana,India,Consumer,2024-05-21
CUST-01673,Deepak Mehta,Male,47,Mumbai,Maharashtra,India,Consumer,2024-03-16
CUST-01674,Isha Shah,Female,30,Mumbai,Maharashtra,India,Corporate,2025-07-16
CUST-01675,Anjali Das,Female,31,Bengaluru,Karnataka,India,Consumer,2023-01-02
CUST-01676,Yash Kulkarni,Male,31,Mumbai,Maharashtra,India,Consumer,2024-08-23
CUST-01677,Yash Patel,Male,24,Lucknow,Uttar Pradesh,India,Consumer,2025-02-19
CUST-01678,Riya Roy,Female,38,Chennai,Tamil Nadu,India,Consumer,2025-11-12
CUST-01679,Tanvi Srinivasan,Female,56,Surat,Gujarat,India,Consumer,2023-08-11
CUST-01680,Priya Shah,Female,59,Bengaluru,Karnataka,India,Small Business,2025-12-10
CUST-01681,Siddharth Banerjee,Male,61,Delhi,Delhi,India,Consumer,2022-12-20
CUST-01682,Meera Reddy,Female,34,Ranchi,Jharkhand,India,Consumer,2023-05-17
CUST-01683,Vaishnavi यादव,Female,23,Delhi,Delhi,India,Consumer,2025-05-01
CUST-01684,Vikas Das,Male,32,Hyderabad,Telangana,India,Consumer,2023-09-21
CUST-01685,Akash Jain,Male,44,Jaipur,Rajasthan,India,Consumer,2025-07-26
CUST-01686,Pranav Gupta,Male,52,Delhi,Delhi,India,Corporate,2023-04-28
CUST-01687,Shreya Jain,Female,54,Kochi,Kerala,India,Consumer,2022-01-25
CUST-01688,Dev Kapoor,Male,29,Gurugram,Haryana,India,Consumer,2025-03-24
CUST-01689,Rahul Kulkarni,Male,38,Kolkata,West Bengal,India,Consumer,2024-04-16
CUST-01690,Vivek Mishra,Male,38,Delhi,Delhi,India,Consumer,2022-04-03
CUST-01691,Siddharth Bhat,Male,32,Delhi,Delhi,India,Small Business,2023-08-14
CUST-01692,Vaishnavi Roy,Female,27,Delhi,Delhi,India,Corporate,2022-01-22
CUST-01693,Nikhil Patel,Male,36,Bhubaneswar,Odisha,India,Consumer,2023-09-12
CUST-01694,Harsh Jain,Male,31,Ahmedabad,Gujarat,India,Consumer,2022-03-15
CUST-01695,Yash Kapoor,Male,37,Coimbatore,Tamil Nadu,India,Consumer,2024-02-08
CUST-01696,Sandeep Gupta,Male,45,Bhubaneswar,Odisha,India,Consumer,2025-04-08
CUST-01697,Priya Mukherjee,Female,53,Bhubaneswar,Odisha,India,Consumer,2022-01-06
CUST-01698,Saanvi Srinivasan,Female,32,Gurugram,Haryana,India,Small Business,2023-05-09
CUST-01699,Neha Reddy,Female,26,Chandigarh,Chandigarh,India,Small Business,2022-10-09
CUST-01700,Ankit Roy,Male,37,Hyderabad,Telangana,India,Consumer,2023-12-09
CUST-01701,Suman Agarwal,Other,44,Delhi,Delhi,India,Consumer,2024-11-24
CUST-01702,Tanvi Shah,Female,37,Coimbatore,Tamil Nadu,India,Small Business,2025-02-01
CUST-01703,Sandeep Khanna,Male,45,Visakhapatnam,Andhra Pradesh,India,Consumer,2022-04-03
CUST-01704,Divya Patel,Female,24,Surat,Gujarat,India,Corporate,2022-12-30
CUST-01705,Siddharth Patel,Male,47,Kolkata,West Bengal,India,Small Business,2022-12-05
CUST-01706,Meera Patel,Female,54,Mumbai,Maharashtra,India,Consumer,2022-01-22
CUST-01707,Akash Bhat,Male,23,Siliguri,West Bengal,India,Consumer,2024-01-10
CUST-01708,Saanvi Gupta,Female,27,Jaipur,Rajasthan,India,Small Business,2025-05-22
CUST-01709,Aanya Mishra,Female,33,Gurugram,Haryana,India,Consumer,2023-03-11
CUST-01710,Vaishnavi Kulkarni,Female,33,Ahmedabad,Gujarat,India,Small Business,2025-12-25
CUST-01711,Aarav Gupta,Male,34,Mumbai,Maharashtra,India,Consumer,2022-11-08
CUST-01712,Siddharth Chatterjee,Male,38,Surat,Gujarat,India,Consumer,2022-08-10
CUST-01713,Shreya Roy,Female,47,Jaipur,Rajasthan,India,Small Business,2024-08-21
CUST-01714,Sandeep Shah,Male,31,Indore,Madhya Pradesh,India,Consumer,2023-12-19
CUST-01715,Tanvi Gupta,Female,43,Mumbai,Maharashtra,India,Consumer,2022-03-31
CUST-01716,Kunal Chatterjee,Male,35,Patna,Bihar,India,Consumer,2025-12-22
CUST-01717,Shreya Reddy,Female,29,Delhi,Delhi,India,Consumer,2024-03-21
CUST-01718,Sandeep Srinivasan,Male,49,Jaipur,Rajasthan,India,Consumer,2023-01-19
CUST-01719,Saanvi Pandey,Female,24,Pune,Maharashtra,India,Consumer,2022-09-14
CUST-01720,Neha Khanna,Female,46,Hyderabad,Telangana,India,Consumer,2023-05-31
CUST-01721,Pooja Mishra,Female,34,Gurugram,Haryana,India,Small Business,2022-08-08
CUST-01722,Nisha Khanna,Female,27,Patna,Bihar,India,Corporate,2022-02-21
CUST-01723,Nisha Roy,Female,55,Visakhapatnam,Andhra Pradesh,India,Consumer,2024-01-09
CUST-01724,Tanvi Banerjee,Female,32,Delhi,Delhi,India,Consumer,2023-09-23
CUST-01725,Aarav Das,Male,27,Hyderabad,Telangana,India,Consumer,2025-03-10
CUST-01726,Neha Kulkarni,Female,28,Chandigarh,Chandigarh,India,Consumer,2024-03-01
CUST-01727,Aanya Patel,Female,35,Jaipur,Rajasthan,India,Consumer,2025-07-10
CUST-01728,Yash Kulkarni,Male,29,Gurugram,Haryana,India,Corporate,2023-10-29
CUST-01729,Manish Roy,Male,25,Bengaluru,Karnataka,India,Consumer,2024-09-19
CUST-01730,Anjali Das,Female,39,Mumbai,Maharashtra,India,Corporate,2023-12-25
CUST-01731,Kavya Pandey,Female,59,Mumbai,Maharashtra,India,Corporate,2024-03-03
CUST-01732,Vaishnavi Mukherjee,Female,45,Siliguri,West Bengal,India,Consumer,2025-12-15
CUST-01733,Mohit Nair,Male,46,Delhi,Delhi,India,Consumer,2023-08-14
CUST-01734,Deepika Nair,Female,35,Pune,Maharashtra,India,Corporate,2024-12-11
CUST-01735,Vikas Srinivasan,Male,53,Mumbai,Maharashtra,India,Consumer,2025-09-21
CUST-01736,Riya Shah,Female,39,Hyderabad,Telangana,India,Small Business,2024-06-29
CUST-01737,Vivek यादव,Male,35,Mumbai,Maharashtra,India,Corporate,2023-04-23
CUST-01738,Sneha Singh,Female,27,Siliguri,West Bengal,India,Consumer,2024-03-05
CUST-01739,Akash Mehta,Male,34,Bengaluru,Karnataka,India,Corporate,2024-06-28
CUST-01740,Vikas Patel,Male,20,Chennai,Tamil Nadu,India,Consumer,2024-03-06
CUST-01741,Pooja Mehta,Female,28,Mumbai,Maharashtra,India,Consumer,2025-04-29
CUST-01742,Vikas Mishra,Male,50,Bengaluru,Karnataka,India,Consumer,2024-04-18
CUST-01743,Kunal Pandey,Male,37,Indore,Madhya Pradesh,India,Consumer,2022-04-19
CUST-01744,Vaishnavi Mehta,Female,44,Pune,Maharashtra,India,Consumer,2024-04-01
CUST-01745,Neha Shah,Female,45,Delhi,Delhi,India,Small Business,2022-09-17
CUST-01746,Pooja Shah,Female,33,Delhi,Delhi,India,Consumer,2022-12-17
CUST-01747,Aanya Verma,Female,46,Patna,Bihar,India,Small Business,2025-03-02
CUST-01748,Karan Nair,Male,49,Pune,Maharashtra,India,Consumer,2023-07-07
CUST-01749,Ananya यादव,Female,43,Chennai,Tamil Nadu,India,Consumer,2023-12-01
CUST-01750,Vivek Mukherjee,Male,42,Ahmedabad,Gujarat,India,Small Business,2025-09-16
CUST-01751,Dev Gupta,Male,40,Patna,Bihar,India,Consumer,2024-10-05
CUST-01752,Kunal Sharma,Male,32,Siliguri,West Bengal,India,Consumer,2022-08-15
CUST-01753,Pranav Kapoor,Male,35,Mumbai,Maharashtra,India,Consumer,2023-05-23
CUST-01754,Priya Patel,Female,46,Ahmedabad,Gujarat,India,Corporate,2025-09-28
CUST-01755,Vikas Chatterjee,Male,32,Indore,Madhya Pradesh,India,Consumer,2025-03-02
CUST-01756,Tanvi Shah,Female,58,Mumbai,Maharashtra,India,Small Business,2024-02-29
CUST-01757,Arjun Patel,Male,35,Bengaluru,Karnataka,India,Consumer,2023-02-06
CUST-01758,Rahul Singh,Male,47,Mumbai,Maharashtra,India,Small Business,2025-11-24
CUST-01759,Yash Mukherjee,Male,39,Ahmedabad,Gujarat,India,Consumer,2025-08-24
CUST-01760,Neha Das,Female,32,Surat,Gujarat,India,Consumer,2023-08-15
CUST-01761,Rohan Das,Male,53,Chennai,Tamil Nadu,India,Consumer,2023-08-13
CUST-01762,Pranav Mehta,Male,42,Pune,Maharashtra,India,Consumer,2023-01-06
CUST-01763,Ankit Kulkarni,Male,29,Siliguri,West Bengal,India,Consumer,2023-06-28
CUST-01764,Tanvi Shah,Female,36,Kolkata,West Bengal,India,Consumer,2022-10-03
CUST-01765,Sneha Kulkarni,Female,36,Delhi,Delhi,India,Consumer,2025-07-22
CUST-01766,Tanvi Khanna,Female,32,Hyderabad,Telangana,India,Consumer,2023-11-02
CUST-01767,Aarav Shah,Male,28,Delhi,Delhi,India,Consumer,2024-06-25
CUST-01768,Aryan Pandey,Male,28,Mumbai,Maharashtra,India,Consumer,2022-03-27
CUST-01769,Deepika Mehta,Female,50,Bengaluru,Karnataka,India,Consumer,2024-08-15
CUST-01770,Priya Kulkarni,Female,43,Hyderabad,Telangana,India,Consumer,2025-08-20
CUST-01771,Nisha Singh,Female,35,Gurugram,Haryana,India,Consumer,2022-09-27
CUST-01772,Saanvi Agarwal,Female,31,Ahmedabad,Gujarat,India,Consumer,2024-08-14
CUST-01773,Rohan Mukherjee,Male,49,Chennai,Tamil Nadu,India,Consumer,2022-09-07
CUST-01774,Ananya Reddy,Female,51,Mumbai,Maharashtra,India,Consumer,2022-06-12
CUST-01775,Rahul यादव,Male,41,Bengaluru,Karnataka,India,Consumer,2023-12-13
CUST-01776,Aman Das,Male,25,Patna,Bihar,India,Consumer,2024-04-17
CUST-01777,Sandeep Khanna,Male,24,Mumbai,Maharashtra,India,Consumer,2025-01-13
CUST-01778,Ankit Khanna,Male,60,Surat,Gujarat,India,Small Business,2024-07-21
CUST-01779,Anushka Reddy,Female,28,Bhubaneswar,Odisha,India,Small Business,2023-05-09
CUST-01780,Akash Pandey,Male,31,Ahmedabad,Gujarat,India,Consumer,2024-02-03
CUST-01781,Akash Reddy,Male,58,Kolkata,West Bengal,India,Small Business,2025-02-05
CUST-01782,Nikhil Srinivasan,Male,29,Ahmedabad,Gujarat,India,Corporate,2025-06-29
CUST-01783,Kriti Mehta,Female,46,Bengaluru,Karnataka,India,Small Business,2023-02-11
CUST-01784,Saanvi Kapoor,Female,24,Hyderabad,Telangana,India,Consumer,2024-09-14
CUST-01785,Aditya Chatterjee,Male,27,Hyderabad,Telangana,India,Small Business,2024-07-22
CUST-01786,Anjali Mishra,Female,35,Bengaluru,Karnataka,India,Corporate,2022-08-21
CUST-01787,Ananya Jain,Female,22,Siliguri,West Bengal,India,Small Business,2023-09-15
CUST-01788,Neha Khanna,Female,34,Bhubaneswar,Odisha,India,Consumer,2022-04-04
CUST-01789,Riya यादव,Female,25,Raipur,Chhattisgarh,India,Consumer,2023-03-14
CUST-01790,Riya Banerjee,Female,25,Bengaluru,Karnataka,India,Small Business,2024-01-08
CUST-01791,Kunal Bhat,Male,34,Raipur,Chhattisgarh,India,Consumer,2025-06-21
CUST-01792,Aditya Banerjee,Male,42,Bengaluru,Karnataka,India,Consumer,2023-06-22
CUST-01793,Mohit Srinivasan,Male,33,Ahmedabad,Gujarat,India,Consumer,2023-04-26
CUST-01794,Mohit Pandey,Male,26,Mumbai,Maharashtra,India,Small Business,2025-11-29
CUST-01795,Pooja Verma,Female,34,Delhi,Delhi,India,Consumer,2025-10-04
CUST-01796,Tanvi Sharma,Female,39,Mumbai,Maharashtra,India,Small Business,2022-03-06
CUST-01797,Nisha Roy,Female,27,Surat,Gujarat,India,Consumer,2022-01-23
CUST-01798,Saanvi Das,Female,28,Delhi,Delhi,India,Consumer,2023-03-18
CUST-01799,Aditya Reddy,Male,27,Bengaluru,Karnataka,India,Small Business,2025-12-22
CUST-01800,Kavya Pandey,Female,45,Hyderabad,Telangana,India,Consumer,2025-11-20
CUST-01801,Manish Sharma,Male,25,Kolkata,West Bengal,India,Corporate,2023-08-30
CUST-01802,Sneha Shah,Female,34,Ahmedabad,Gujarat,India,Consumer,2022-09-26
CUST-01803,Aanya Agarwal,Female,49,Jaipur,Rajasthan,India,Consumer,2024-07-02
CUST-01804,Aryan Das,Male,51,Indore,Madhya Pradesh,India,Consumer,2023-07-09
CUST-01805,Neha Bhat,Female,23,Hyderabad,Telangana,India,Consumer,2023-05-12
CUST-01806,Vivek Iyer,Male,42,Bengaluru,Karnataka,India,Consumer,2024-05-15
CUST-01807,Deepak Agarwal,Male,51,Ahmedabad,Gujarat,India,Corporate,2024-11-06
CUST-01808,Vaishnavi Jain,Female,44,Gurugram,Haryana,India,Consumer,2024-11-21
CUST-01809,Aarav यादव,Male,26,Delhi,Delhi,India,Consumer,2024-03-25
CUST-01810,Sneha Pandey,Female,43,Pune,Maharashtra,India,Consumer,2023-04-03
CUST-01811,Manish Shah,Male,56,Raipur,Chhattisgarh,India,Small Business,2024-02-03
CUST-01812,Meera Chatterjee,Female,57,Kochi,Kerala,India,Consumer,2024-04-25
CUST-01813,Pranav Verma,Male,31,Delhi,Delhi,India,Consumer,2023-05-02
CUST-01814,Anushka Agarwal,Female,40,Visakhapatnam,Andhra Pradesh,India,Consumer,2024-10-23
CUST-01815,Ankit Srinivasan,Male,26,Gurugram,Haryana,India,Consumer,2023-09-19
CUST-01816,Aditi Mishra,Female,26,Bhubaneswar,Odisha,India,Consumer,2024-03-16
CUST-01817,Yash Nair,Male,54,Surat,Gujarat,India,Consumer,2022-09-30
CUST-01818,Aanya Mehta,Female,31,Kolkata,West Bengal,India,Consumer,2024-07-31
CUST-01819,Anjali Verma,Female,31,Delhi,Delhi,India,Corporate,2025-09-25
CUST-01820,Nisha Sharma,Female,43,Mumbai,Maharashtra,India,Consumer,2023-10-14
CUST-01821,Siddharth Agarwal,Male,48,Delhi,Delhi,India,Consumer,2022-11-12
CUST-01822,Aryan Srinivasan,Male,37,Kochi,Kerala,India,Consumer,2022-08-29
CUST-01823,Yash Chatterjee,Male,48,Ahmedabad,Gujarat,India,Consumer,2025-03-19
CUST-01824,Vikas Roy,Male,35,Delhi,Delhi,India,Corporate,2022-12-08
CUST-01825,Aman Sharma,Male,53,Bengaluru,Karnataka,India,Small Business,2024-10-01
CUST-01826,Ankit Bhat,Male,52,Chennai,Tamil Nadu,India,Consumer,2022-06-28
CUST-01827,Aman Shah,Male,35,Surat,Gujarat,India,Corporate,2024-10-03
CUST-01828,Sneha Singh,Female,52,Raipur,Chhattisgarh,India,Corporate,2024-01-31
CUST-01829,Harsh Khanna,Male,32,Ahmedabad,Gujarat,India,Consumer,2025-01-26
CUST-01830,Riya Mishra,Female,33,Ahmedabad,Gujarat,India,Corporate,2023-09-01
CUST-01831,Neha Mukherjee,Female,37,Pune,Maharashtra,India,Consumer,2024-01-03
CUST-01832,Rohan Nair,Male,52,Jaipur,Rajasthan,India,Consumer,2022-05-11
CUST-01833,Neha Agarwal,Female,38,Bengaluru,Karnataka,India,Consumer,2022-01-19
CUST-01834,Shreya Gupta,Female,32,Ahmedabad,Gujarat,India,Small Business,2024-02-20
CUST-01835,Deepika Patel,Female,27,Delhi,Delhi,India,Small Business,2023-02-10
CUST-01836,Vaishnavi Das,Female,35,Gurugram,Haryana,India,Consumer,2023-06-04
CUST-01837,Neha Roy,Female,38,Bengaluru,Karnataka,India,Corporate,2024-09-08
CUST-01838,Aditi Bhat,Female,42,Ahmedabad,Gujarat,India,Consumer,2022-05-01
CUST-01839,Vikas Patel,Male,54,Jaipur,Rajasthan,India,Consumer,2025-10-15
CUST-01840,Tanvi Pandey,Female,39,Delhi,Delhi,India,Consumer,2022-10-21
CUST-01841,Neha Iyer,Female,24,Goa,Goa,India,Consumer,2022-01-11
CUST-01842,Priya Srinivasan,Female,21,Surat,Gujarat,India,Small Business,2023-01-03
CUST-01843,Nikhil Kulkarni,Male,22,Kolkata,West Bengal,India,Consumer,2025-11-13
CUST-01844,Sneha Banerjee,Female,32,Kolkata,West Bengal,India,Consumer,2024-11-15
CUST-01845,Ananya Jain,Female,34,Bhubaneswar,Odisha,India,Consumer,2024-06-05
CUST-01846,Pooja Shah,Female,27,Kolkata,West Bengal,India,Small Business,2023-12-21
CUST-01847,Mohit Verma,Male,30,Gurugram,Haryana,India,Corporate,2024-11-13
CUST-01848,Sandeep Mishra,Male,32,Ranchi,Jharkhand,India,Consumer,2024-05-23
CUST-01849,Rohan Shah,Male,37,Pune,Maharashtra,India,Consumer,2024-02-18
CUST-01850,Anjali Khanna,Female,25,Kolkata,West Bengal,India,Consumer,2025-01-09
CUST-01851,Yash Mukherjee,Male,34,Kolkata,West Bengal,India,Small Business,2025-01-25
CUST-01852,Anushka Iyer,Female,22,Bengaluru,Karnataka,India,Consumer,2022-12-07
CUST-01853,Sandeep Roy,Male,46,Delhi,Delhi,India,Consumer,2024-09-01
CUST-01854,Vikas Agarwal,Male,58,Pune,Maharashtra,India,Consumer,2024-06-27
CUST-01855,Arjun Sharma,Male,48,Ahmedabad,Gujarat,India,Consumer,2024-01-11
CUST-01856,Vaishnavi Patel,Female,29,Mumbai,Maharashtra,India,Consumer,2025-11-04
CUST-01857,Vivek Mishra,Male,32,Surat,Gujarat,India,Consumer,2023-09-24
CUST-01858,Aditi Iyer,Female,28,Kolkata,West Bengal,India,Consumer,2024-01-10
CUST-01859,Rohan Srinivasan,Male,29,Mumbai,Maharashtra,India,Small Business,2025-06-18
CUST-01860,Vaishnavi Srinivasan,Female,26,Chennai,Tamil Nadu,India,Consumer,2022-12-30
CUST-01861,Aarav Mishra,Male,34,Kolkata,West Bengal,India,Consumer,2024-04-14
CUST-01862,Kunal Srinivasan,Male,48,Chennai,Tamil Nadu,India,Small Business,2024-09-05
CUST-01863,Aanya Verma,Female,50,Lucknow,Uttar Pradesh,India,Consumer,2025-04-23
CUST-01864,Anjali Shah,Female,39,Bengaluru,Karnataka,India,Small Business,2024-06-30
CUST-01865,Akash Verma,Male,59,Bhubaneswar,Odisha,India,Consumer,2023-07-12
CUST-01866,Rahul Reddy,Male,53,Mumbai,Maharashtra,India,Consumer,2025-06-25
CUST-01867,Sandeep यादव,Male,45,Ahmedabad,Gujarat,India,Consumer,2024-07-24
CUST-01868,Aditi Iyer,Female,58,Kolkata,West Bengal,India,Small Business,2022-03-04
CUST-01869,Aman Agarwal,Male,35,Kolkata,West Bengal,India,Consumer,2023-08-10
CUST-01870,Dev Mukherjee,Male,22,Mumbai,Maharashtra,India,Consumer,2023-04-25
CUST-01871,Mohit Gupta,Male,35,Mumbai,Maharashtra,India,Consumer,2025-05-06
CUST-01872,Kavya Nair,Female,27,Chennai,Tamil Nadu,India,Consumer,2025-07-03
CUST-01873,Mohit Chatterjee,Male,43,Delhi,Delhi,India,Small Business,2022-08-09
CUST-01874,Priya Agarwal,Female,56,Coimbatore,Tamil Nadu,India,Small Business,2022-09-15
CUST-01875,Tanvi Iyer,Female,28,Bengaluru,Karnataka,India,Consumer,2023-05-31
CUST-01876,Mohit Shah,Male,33,Kolkata,West Bengal,India,Consumer,2023-07-27
CUST-01877,Vikas Kulkarni,Male,46,Kolkata,West Bengal,India,Consumer,2025-04-10
CUST-01878,Tanvi Chatterjee,Female,29,Kolkata,West Bengal,India,Consumer,2024-03-30
CUST-01879,Anjali Bhat,Female,25,Pune,Maharashtra,India,Consumer,2022-12-09
CUST-01880,Deepika Mehta,Female,39,Coimbatore,Tamil Nadu,India,Small Business,2022-05-15
CUST-01881,Anushka Verma,Female,20,Bengaluru,Karnataka,India,Corporate,2024-03-18
CUST-01882,Anushka Gupta,Female,35,Bengaluru,Karnataka,India,Consumer,2023-08-15
CUST-01883,Nikhil Khanna,Male,30,Delhi,Delhi,India,Consumer,2022-07-12
CUST-01884,Pooja Pandey,Female,54,Gurugram,Haryana,India,Small Business,2025-04-02
CUST-01885,Shreya Patel,Female,44,Chandigarh,Chandigarh,India,Corporate,2022-10-09
CUST-01886,Aarav यादव,Male,43,Chandigarh,Chandigarh,India,Small Business,2022-01-14
CUST-01887,Aanya Reddy,Female,31,Bhubaneswar,Odisha,India,Consumer,2024-02-26
CUST-01888,Kavya Jain,Female,27,Pune,Maharashtra,India,Consumer,2024-06-04
CUST-01889,Divya Mehta,Female,41,Kochi,Kerala,India,Consumer,2023-04-15
CUST-01890,Riya Chatterjee,Female,46,Jaipur,Rajasthan,India,Consumer,2022-10-18
CUST-01891,Anushka Banerjee,Female,42,Bengaluru,Karnataka,India,Consumer,2025-12-21
CUST-01892,Dev यादव,Male,32,Mumbai,Maharashtra,India,Consumer,2023-03-31
CUST-01893,Suman Das,Other,58,Chandigarh,Chandigarh,India,Consumer,2022-07-18
CUST-01894,Aman Verma,Male,35,Mumbai,Maharashtra,India,Consumer,2024-10-27
CUST-01895,Shreya Verma,Female,35,Hyderabad,Telangana,India,Small Business,2022-10-21
CUST-01896,Anjali Iyer,Female,57,Bhubaneswar,Odisha,India,Consumer,2022-11-19
CUST-01897,Vaishnavi Chatterjee,Female,24,Delhi,Delhi,India,Consumer,2023-01-08
CUST-01898,Aryan Iyer,Male,61,Mumbai,Maharashtra,India,Consumer,2023-08-12
CUST-01899,Vikas Kapoor,Male,24,Patna,Bihar,India,Consumer,2024-02-26
CUST-01900,Sneha Kulkarni,Female,38,Chennai,Tamil Nadu,India,Consumer,2024-06-10
CUST-01901,Nikhil Mehta,Male,31,Delhi,Delhi,India,Consumer,2025-07-09
CUST-01902,Kavya Banerjee,Female,32,Mumbai,Maharashtra,India,Corporate,2023-06-15
CUST-01903,Shreya Chatterjee,Female,47,Gurugram,Haryana,India,Consumer,2024-07-27
CUST-01904,Nisha Chatterjee,Female,46,Chandigarh,Chandigarh,India,Consumer,2023-02-18
CUST-01905,Akash Srinivasan,Male,53,Chennai,Tamil Nadu,India,Consumer,2024-08-20
CUST-01906,Shreya Shah,Female,38,Indore,Madhya Pradesh,India,Consumer,2022-03-29
CUST-01907,Mohit Verma,Male,54,Guwahati,Assam,India,Consumer,2023-07-10
CUST-01908,Arjun Iyer,Male,29,Bengaluru,Karnataka,India,Corporate,2022-02-08
CUST-01909,Yash Das,Male,30,Visakhapatnam,Andhra Pradesh,India,Corporate,2025-03-03
CUST-01910,Kavya Nair,Female,22,Pune,Maharashtra,India,Consumer,2024-04-03
CUST-01911,Aditya Kapoor,Male,32,Bengaluru,Karnataka,India,Consumer,2023-05-10
CUST-01912,Meera Iyer,Female,23,Jaipur,Rajasthan,India,Consumer,2022-10-08
CUST-01913,Kunal Agarwal,Male,37,Delhi,Delhi,India,Consumer,2025-12-26
CUST-01914,Pooja Singh,Female,22,Gurugram,Haryana,India,Consumer,2025-08-21
CUST-01915,Aditi Reddy,Female,33,Raipur,Chhattisgarh,India,Small Business,2022-02-13
CUST-01916,Meera Sharma,Female,53,Mumbai,Maharashtra,India,Consumer,2025-06-20
CUST-01917,Ananya Gupta,Female,37,Chennai,Tamil Nadu,India,Small Business,2023-03-06
CUST-01918,Deepak Mehta,Male,46,Chandigarh,Chandigarh,India,Small Business,2023-12-29
CUST-01919,Harsh Reddy,Male,34,Bengaluru,Karnataka,India,Corporate,2022-12-18
CUST-01920,Riya Gupta,Female,28,Pune,Maharashtra,India,Corporate,2025-06-11
CUST-01921,Aanya Kulkarni,Female,29,Indore,Madhya Pradesh,India,Small Business,2023-10-29
CUST-01922,Nikhil Mehta,Male,34,Delhi,Delhi,India,Consumer,2022-12-13
CUST-01923,Aarav यादव,Male,46,Gurugram,Haryana,India,Consumer,2022-08-18
CUST-01924,Aman Kulkarni,Male,28,Mumbai,Maharashtra,India,Consumer,2023-06-26
CUST-01925,Aarav Mukherjee,Male,40,Delhi,Delhi,India,Consumer,2023-05-08
CUST-01926,Manish Bhat,Male,42,Indore,Madhya Pradesh,India,Consumer,2023-04-18
CUST-01927,Avni Verma,Other,30,Delhi,Delhi,India,Consumer,2025-09-19
CUST-01928,Neha Pandey,Female,35,Kolkata,West Bengal,India,Small Business,2024-08-22
CUST-01929,Harsh Khanna,Male,30,Coimbatore,Tamil Nadu,India,Consumer,2025-06-07
CUST-01930,Karan यादव,Male,47,Chennai,Tamil Nadu,India,Corporate,2025-03-28
CUST-01931,Shreya Mehta,Female,48,Kolkata,West Bengal,India,Consumer,2022-11-13
CUST-01932,Pranav Bhat,Male,40,Hyderabad,Telangana,India,Consumer,2024-08-03
CUST-01933,Shreya Sharma,Female,57,Guwahati,Assam,India,Consumer,2022-08-23
CUST-01934,Shreya यादव,Female,43,Bengaluru,Karnataka,India,Consumer,2024-10-24
CUST-01935,Aman Das,Male,28,Bhubaneswar,Odisha,India,Consumer,2023-03-18
CUST-01936,Meera Singh,Female,50,Bengaluru,Karnataka,India,Consumer,2023-09-16
CUST-01937,Akash Das,Male,31,Chennai,Tamil Nadu,India,Consumer,2022-04-20
CUST-01938,Tanvi Nair,Female,22,Mumbai,Maharashtra,India,Corporate,2025-03-18
CUST-01939,Ananya Singh,Female,25,Ahmedabad,Gujarat,India,Consumer,2024-12-13
CUST-01940,Nikhil Roy,Male,57,Jaipur,Rajasthan,India,Corporate,2022-12-20
CUST-01941,Siddharth Chatterjee,Male,41,Ahmedabad,Gujarat,India,Consumer,2023-02-20
CUST-01942,Akash Roy,Male,36,Mumbai,Maharashtra,India,Small Business,2025-11-12
CUST-01943,Tanvi Bhat,Female,42,Indore,Madhya Pradesh,India,Small Business,2025-03-05
CUST-01944,Aryan Banerjee,Male,32,Lucknow,Uttar Pradesh,India,Corporate,2025-11-18
CUST-01945,Anushka Reddy,Female,27,Gurugram,Haryana,India,Consumer,2022-12-12
CUST-01946,Devansh Reddy,Other,58,Gurugram,Haryana,India,Small Business,2022-09-30
CUST-01947,Manish Khanna,Male,24,Hyderabad,Telangana,India,Small Business,2023-05-27
CUST-01948,Kavya Shah,Female,29,Delhi,Delhi,India,Consumer,2022-08-14
CUST-01949,Sandeep Shah,Male,46,Pune,Maharashtra,India,Consumer,2022-05-08
CUST-01950,Aditi Verma,Female,40,Delhi,Delhi,India,Consumer,2024-02-03
CUST-01951,Vikas यादव,Male,44,Delhi,Delhi,India,Consumer,2022-01-16
CUST-01952,Rohan Singh,Male,49,Delhi,Delhi,India,Consumer,2022-04-05
CUST-01953,Divya Das,Female,29,Pune,Maharashtra,India,Consumer,2022-10-22
CUST-01954,Ananya Bhat,Female,28,Bhubaneswar,Odisha,India,Consumer,2025-12-25
CUST-01955,Meera Kulkarni,Female,48,Bengaluru,Karnataka,India,Consumer,2024-05-20
CUST-01956,Tanvi Gupta,Female,25,Ahmedabad,Gujarat,India,Consumer,2023-08-02
CUST-01957,Dev Jain,Male,45,Delhi,Delhi,India,Consumer,2023-05-09
CUST-01958,Akash Shah,Male,34,Mumbai,Maharashtra,India,Consumer,2022-10-21
CUST-01959,Deepak Roy,Male,31,Delhi,Delhi,India,Consumer,2025-11-25
CUST-01960,Dev Srinivasan,Male,26,Hyderabad,Telangana,India,Corporate,2024-11-03
CUST-01961,Pranav Kapoor,Male,45,Delhi,Delhi,India,Corporate,2024-06-13
CUST-01962,Deepika Agarwal,Female,32,Bengaluru,Karnataka,India,Consumer,2023-07-21
CUST-01963,Pranav Banerjee,Male,26,Mumbai,Maharashtra,India,Corporate,2022-12-07
CUST-01964,Priya Roy,Female,44,Indore,Madhya Pradesh,India,Consumer,2023-01-26
CUST-01965,Dev Mukherjee,Male,37,Ahmedabad,Gujarat,India,Consumer,2025-05-28
CUST-01966,Aditi यादव,Female,45,Raipur,Chhattisgarh,India,Consumer,2025-10-31
CUST-01967,Mohit Sharma,Male,29,Hyderabad,Telangana,India,Consumer,2025-08-17
CUST-01968,Dev Srinivasan,Male,60,Delhi,Delhi,India,Consumer,2025-01-09
CUST-01969,Ananya Mukherjee,Female,26,Goa,Goa,India,Corporate,2024-03-04
CUST-01970,Pranav Mishra,Male,22,Ahmedabad,Gujarat,India,Consumer,2022-06-19
CUST-01971,Priya Jain,Female,29,Surat,Gujarat,India,Consumer,2022-10-28
CUST-01972,Rahul Khanna,Male,26,Guwahati,Assam,India,Corporate,2022-02-21
CUST-01973,Rohan Mishra,Male,22,Mumbai,Maharashtra,India,Consumer,2023-03-25
CUST-01974,Aditya Khanna,Male,42,Mumbai,Maharashtra,India,Consumer,2022-04-28
CUST-01975,Riya Sharma,Female,33,Mumbai,Maharashtra,India,Corporate,2022-07-22
CUST-01976,Dev Mishra,Male,41,Hyderabad,Telangana,India,Consumer,2024-02-19
CUST-01977,Aryan Agarwal,Male,38,Kolkata,West Bengal,India,Consumer,2023-11-01
CUST-01978,Deepika Mukherjee,Female,35,Bengaluru,Karnataka,India,Consumer,2024-02-13
CUST-01979,Meera Iyer,Female,55,Bengaluru,Karnataka,India,Small Business,2023-03-11
CUST-01980,Meera Bhat,Female,38,Bhubaneswar,Odisha,India,Consumer,2023-10-31
CUST-01981,Kunal Banerjee,Male,52,Mumbai,Maharashtra,India,Consumer,2022-05-21
CUST-01982,Divya Iyer,Female,43,Delhi,Delhi,India,Consumer,2024-06-16
CUST-01983,Aditi Verma,Female,50,Siliguri,West Bengal,India,Consumer,2024-03-26
CUST-01984,Priya Verma,Female,56,Jaipur,Rajasthan,India,Consumer,2022-07-23
CUST-01985,Dev Chatterjee,Male,60,Lucknow,Uttar Pradesh,India,Small Business,2022-12-02
CUST-01986,Nikhil Verma,Male,57,Delhi,Delhi,India,Consumer,2023-05-07
CUST-01987,Mohit Chatterjee,Male,33,Chennai,Tamil Nadu,India,Consumer,2022-04-23
CUST-01988,Akash Khanna,Male,42,Ahmedabad,Gujarat,India,Consumer,2023-10-09
CUST-01989,Ananya Mukherjee,Female,52,Ahmedabad,Gujarat,India,Consumer,2025-08-29
CUST-01990,Ananya Banerjee,Female,35,Indore,Madhya Pradesh,India,Consumer,2023-07-28
CUST-01991,Kriti यादव,Female,23,Surat,Gujarat,India,Corporate,2023-04-27
CUST-01992,Mohit यादव,Male,44,Delhi,Delhi,India,Consumer,2022-06-17
CUST-01993,Kavya यादव,Female,53,Coimbatore,Tamil Nadu,India,Small Business,2024-12-10
CUST-01994,Ankit Mishra,Male,46,Mumbai,Maharashtra,India,Consumer,2025-06-25
CUST-01995,Pooja Das,Female,29,Mumbai,Maharashtra,India,Consumer,2024-08-20
CUST-01996,Shreya Agarwal,Female,26,Ahmedabad,Gujarat,India,Consumer,2023-12-21
CUST-01997,Tanvi Verma,Female,43,Chandigarh,Chandigarh,India,Corporate,2022-09-08
CUST-01998,Harsh Pandey,Male,52,Delhi,Delhi,India,Consumer,2024-06-12
CUST-01999,Yash Reddy,Male,37,Delhi,Delhi,India,Consumer,2024-09-15
CUST-02000,Saanvi Reddy,Female,37,Pune,Maharashtra,India,Consumer,2025-07-29
CUST-02001,Isha Jain,Female,44,Bengaluru,Karnataka,India,Consumer,2025-06-27
CUST-02002,Anushka Reddy,Female,35,Lucknow,Uttar Pradesh,India,Consumer,2024-12-14
CUST-02003,Nikhil Srinivasan,Male,34,Patna,Bihar,India,Small Business,2022-12-03
CUST-02004,Divya Verma,Female,28,Mumbai,Maharashtra,India,Corporate,2022-04-14
CUST-02005,Saanvi Patel,Female,42,Kolkata,West Bengal,India,Small Business,2022-02-15
CUST-02006,Aditi Reddy,Female,30,Lucknow,Uttar Pradesh,India,Consumer,2024-04-12
CUST-02007,Aditya Verma,Male,44,Mumbai,Maharashtra,India,Corporate,2022-07-11
CUST-02008,Karan Mishra,Male,50,Raipur,Chhattisgarh,India,Consumer,2025-12-02
CUST-02009,Harsh Singh,Male,25,Pune,Maharashtra,India,Corporate,2022-11-14
CUST-02010,Pooja Verma,Female,37,Jaipur,Rajasthan,India,Consumer,2022-05-27
CUST-02011,Vivek Sharma,Male,43,Hyderabad,Telangana,India,Corporate,2025-08-06
CUST-02012,Pooja Mishra,Female,44,Bengaluru,Karnataka,India,Consumer,2025-12-24
CUST-02013,Sandeep Kulkarni,Male,34,Bengaluru,Karnataka,India,Consumer,2022-05-04
CUST-02014,Harsh Khanna,Male,37,Chandigarh,Chandigarh,India,Small Business,2024-02-13
CUST-02015,Riya Kapoor,Female,41,Ahmedabad,Gujarat,India,Consumer,2023-02-19
CUST-02016,Anjali Roy,Female,29,Kolkata,West Bengal,India,Consumer,2023-09-27
CUST-02017,Akash Singh,Male,39,Chennai,Tamil Nadu,India,Small Business,2023-06-13
CUST-02018,Kavya Agarwal,Female,36,Visakhapatnam,Andhra Pradesh,India,Consumer,2022-09-01
CUST-02019,Meera Srinivasan,Female,35,Bhubaneswar,Odisha,India,Consumer,2023-01-12
CUST-02020,Riya Khanna,Female,38,Delhi,Delhi,India,Consumer,2025-07-25
CUST-02021,Aryan Bhat,Male,32,Kolkata,West Bengal,India,Consumer,2022-07-15
CUST-02022,Rahul Patel,Male,49,Kochi,Kerala,India,Consumer,2024-08-19
CUST-02023,Aryan Verma,Male,45,Gurugram,Haryana,India,Small Business,2025-02-19
CUST-02024,Anjali Mukherjee,Female,58,Delhi,Delhi,India,Consumer,2023-04-15
CUST-02025,Meera Mehta,Female,36,Raipur,Chhattisgarh,India,Consumer,2022-02-16
CUST-02026,Dev Jain,Male,32,Mumbai,Maharashtra,India,Consumer,2024-01-08
CUST-02027,Ananya Sharma,Female,36,Bengaluru,Karnataka,India,Corporate,2022-09-15
CUST-02028,Vivek Agarwal,Male,27,Bhubaneswar,Odisha,India,Consumer,2024-03-23
CUST-02029,Kavya Jain,Female,38,Mumbai,Maharashtra,India,Small Business,2023-04-24
CUST-02030,Vikas Das,Male,33,Mumbai,Maharashtra,India,Consumer,2025-01-15
CUST-02031,Nikhil Iyer,Male,34,Jaipur,Rajasthan,India,Consumer,2025-10-13
CUST-02032,Isha Chatterjee,Female,56,Delhi,Delhi,India,Consumer,2022-01-13
CUST-02033,Sandeep Sharma,Male,36,Bengaluru,Karnataka,India,Consumer,2024-03-18
CUST-02034,Nisha Sharma,Female,37,Delhi,Delhi,India,Consumer,2025-12-02
CUST-02035,Harsh Khanna,Male,47,Indore,Madhya Pradesh,India,Consumer,2023-07-23
CUST-02036,Sandeep यादव,Male,51,Jaipur,Rajasthan,India,Corporate,2024-07-09
CUST-02037,Saanvi Gupta,Female,41,Guwahati,Assam,India,Consumer,2025-02-28
CUST-02038,Meera Verma,Female,30,Mumbai,Maharashtra,India,Small Business,2022-02-06
CUST-02039,Vivek Gupta,Male,40,Bengaluru,Karnataka,India,Consumer,2024-06-01
CUST-02040,Priya Agarwal,Female,26,Chennai,Tamil Nadu,India,Consumer,2023-05-27
CUST-02041,Nikhil Mehta,Male,38,Delhi,Delhi,India,Consumer,2023-02-11
CUST-02042,Aryan यादव,Male,24,Delhi,Delhi,India,Corporate,2022-04-01
CUST-02043,Isha Verma,Female,44,Indore,Madhya Pradesh,India,Small Business,2025-10-14
CUST-02044,Deepika Gupta,Female,38,Chennai,Tamil Nadu,India,Small Business,2022-01-30
CUST-02045,Priya Patel,Female,30,Delhi,Delhi,India,Consumer,2024-08-11
CUST-02046,Ananya Mehta,Female,52,Ahmedabad,Gujarat,India,Consumer,2022-11-26
CUST-02047,Vaishnavi Patel,Female,35,Lucknow,Uttar Pradesh,India,Consumer,2025-05-07
CUST-02048,Dev Singh,Male,34,Mumbai,Maharashtra,India,Consumer,2023-03-06
CUST-02049,Aditi Gupta,Female,53,Raipur,Chhattisgarh,India,Consumer,2024-08-11
CUST-02050,Meera Nair,Female,39,Indore,Madhya Pradesh,India,Consumer,2025-01-20
CUST-02051,Aanya Iyer,Female,33,Delhi,Delhi,India,Consumer,2022-10-03
CUST-02052,Aman Banerjee,Male,26,Gurugram,Haryana,India,Consumer,2025-10-20
CUST-02053,Akash Chatterjee,Male,34,Kolkata,West Bengal,India,Consumer,2023-06-14
CUST-02054,Karan Jain,Male,41,Chennai,Tamil Nadu,India,Corporate,2023-08-15
CUST-02055,Siddharth Reddy,Male,31,Bengaluru,Karnataka,India,Consumer,2022-07-22
CUST-02056,Meera Mishra,Female,24,Bengaluru,Karnataka,India,Small Business,2022-06-06
CUST-02057,Priya Roy,Female,39,Bhubaneswar,Odisha,India,Consumer,2025-01-28
CUST-02058,Tanvi Mehta,Female,28,Bhubaneswar,Odisha,India,Consumer,2022-01-02
CUST-02059,Nisha Roy,Female,23,Lucknow,Uttar Pradesh,India,Consumer,2025-08-28
CUST-02060,Karan Kapoor,Male,44,Delhi,Delhi,India,Consumer,2023-05-18
CUST-02061,Nisha Chatterjee,Female,29,Guwahati,Assam,India,Small Business,2024-06-28
CUST-02062,Pranav Sharma,Male,30,Pune,Maharashtra,India,Consumer,2024-05-29
CUST-02063,Aarya Agarwal,Other,39,Jaipur,Rajasthan,India,Consumer,2023-04-28
CUST-02064,Sneha Gupta,Female,49,Mumbai,Maharashtra,India,Consumer,2025-05-29
CUST-02065,Akash यादव,Male,46,Bengaluru,Karnataka,India,Consumer,2023-11-01
CUST-02066,Harsh Mehta,Male,24,Surat,Gujarat,India,Corporate,2024-11-07
CUST-02067,Aditya Mishra,Male,31,Mumbai,Maharashtra,India,Small Business,2023-03-23
CUST-02068,Priya Jain,Female,27,Hyderabad,Telangana,India,Consumer,2025-09-12
CUST-02069,Aanya Singh,Female,42,Delhi,Delhi,India,Consumer,2025-06-15
CUST-02070,Arjun Patel,Male,37,Bengaluru,Karnataka,India,Small Business,2023-12-05
CUST-02071,Aman Kapoor,Male,56,Chennai,Tamil Nadu,India,Consumer,2022-03-06
CUST-02072,Deepak Shah,Male,34,Pune,Maharashtra,India,Consumer,2025-11-17
CUST-02073,Aryan Kapoor,Male,32,Srinagar,Jammu and Kashmir,India,Consumer,2025-10-02
CUST-02074,Anjali Bhat,Female,40,Pune,Maharashtra,India,Consumer,2022-09-29
CUST-02075,Divya Chatterjee,Female,32,Delhi,Delhi,India,Consumer,2024-12-27
CUST-02076,Anjali Khanna,Female,33,Gurugram,Haryana,India,Consumer,2022-02-07
CUST-02077,Anushka यादव,Female,37,Pune,Maharashtra,India,Consumer,2024-03-15
CUST-02078,Deepika Mishra,Female,55,Coimbatore,Tamil Nadu,India,Consumer,2023-11-12
CUST-02079,Ankit Srinivasan,Male,24,Bengaluru,Karnataka,India,Consumer,2024-08-26
CUST-02080,Aditi Sharma,Female,56,Ahmedabad,Gujarat,India,Consumer,2024-12-29
CUST-02081,Aarav Srinivasan,Male,35,Bengaluru,Karnataka,India,Consumer,2025-04-07
CUST-02082,Anjali Mukherjee,Female,49,Hyderabad,Telangana,India,Consumer,2023-05-16
CUST-02083,Aryan Singh,Male,43,Bengaluru,Karnataka,India,Consumer,2022-09-04
CUST-02084,Meera Patel,Female,55,Patna,Bihar,India,Consumer,2022-08-25
CUST-02085,Karan Mehta,Male,32,Gurugram,Haryana,India,Corporate,2024-12-29
CUST-02086,Sneha Reddy,Female,34,Gurugram,Haryana,India,Small Business,2024-11-17
CUST-02087,Rohan यादव,Male,64,Bengaluru,Karnataka,India,Consumer,2023-12-28
CUST-02088,Nisha Chatterjee,Female,49,Kochi,Kerala,India,Small Business,2024-02-17
CUST-02089,Sneha Srinivasan,Female,30,Mumbai,Maharashtra,India,Consumer,2022-10-25
CUST-02090,Kavya Mukherjee,Female,22,Pune,Maharashtra,India,Consumer,2024-12-31
CUST-02091,Aanya Srinivasan,Female,20,Pune,Maharashtra,India,Consumer,2025-11-17
CUST-02092,Divya Srinivasan,Female,43,Patna,Bihar,India,Consumer,2022-07-15
CUST-02093,Vaishnavi Das,Female,44,Kolkata,West Bengal,India,Consumer,2024-02-06
CUST-02094,Priya Shah,Female,30,Mumbai,Maharashtra,India,Consumer,2024-09-18
CUST-02095,Yash Verma,Male,43,Delhi,Delhi,India,Small Business,2024-06-27
CUST-02096,Aanya Singh,Female,30,Hyderabad,Telangana,India,Corporate,2024-07-13
CUST-02097,Siddharth Jain,Male,35,Ahmedabad,Gujarat,India,Corporate,2025-07-17
CUST-02098,Riya Shah,Female,45,Visakhapatnam,Andhra Pradesh,India,Consumer,2022-08-28
CUST-02099,Siddharth Shah,Male,35,Chennai,Tamil Nadu,India,Consumer,2025-08-05
CUST-02100,Nikhil Kapoor,Male,45,Mumbai,Maharashtra,India,Small Business,2023-05-24
CUST-02101,Harsh Kapoor,Male,44,Mumbai,Maharashtra,India,Consumer,2023-07-11
CUST-02102,Tanvi Reddy,Female,30,Bengaluru,Karnataka,India,Consumer,2025-05-11
CUST-02103,Kriti यादव,Female,52,Ranchi,Jharkhand,India,Consumer,2025-06-02
CUST-02104,Anjali Jain,Female,49,Raipur,Chhattisgarh,India,Consumer,2023-05-01
CUST-02105,Vivek Khanna,Male,34,Ahmedabad,Gujarat,India,Consumer,2024-09-12
CUST-02106,Sneha Agarwal,Female,27,Delhi,Delhi,India,Small Business,2025-08-27
CUST-02107,Pooja Shah,Female,36,Chennai,Tamil Nadu,India,Consumer,2023-03-06
CUST-02108,Pranav Roy,Male,33,Delhi,Delhi,India,Consumer,2023-07-12
CUST-02109,Neha Verma,Female,50,Delhi,Delhi,India,Small Business,2023-12-19
CUST-02110,Vaishnavi Iyer,Female,28,Hyderabad,Telangana,India,Consumer,2024-06-30
CUST-02111,Ankit Mishra,Male,48,Pune,Maharashtra,India,Small Business,2022-05-20
CUST-02112,Kunal Pandey,Male,36,Chandigarh,Chandigarh,India,Consumer,2023-05-12
CUST-02113,Vivek Das,Male,20,Mumbai,Maharashtra,India,Consumer,2025-08-06
CUST-02114,Vivek Kulkarni,Male,46,Delhi,Delhi,India,Consumer,2022-01-13
CUST-02115,Deepika Gupta,Female,20,Delhi,Delhi,India,Consumer,2023-05-16
CUST-02116,Riya Shah,Female,52,Gurugram,Haryana,India,Small Business,2023-12-02
CUST-02117,Aditya Kapoor,Male,37,Hyderabad,Telangana,India,Consumer,2022-05-14
CUST-02118,Rahul Kulkarni,Male,28,Bhubaneswar,Odisha,India,Consumer,2023-09-08
CUST-02119,Shreya Gupta,Female,22,Hyderabad,Telangana,India,Consumer,2022-04-11
CUST-02120,Arjun Singh,Male,29,Jaipur,Rajasthan,India,Consumer,2022-10-14
CUST-02121,Kunal Das,Male,32,Hyderabad,Telangana,India,Small Business,2023-03-04
CUST-02122,Kavya Srinivasan,Female,29,Lucknow,Uttar Pradesh,India,Consumer,2024-12-10
CUST-02123,Neha Srinivasan,Female,22,Mumbai,Maharashtra,India,Consumer,2023-06-10
CUST-02124,Sandeep Gupta,Male,40,Chennai,Tamil Nadu,India,Consumer,2024-04-04
CUST-02125,Ankit Banerjee,Male,39,Siliguri,West Bengal,India,Corporate,2025-01-28
CUST-02126,Saanvi Agarwal,Female,33,Mumbai,Maharashtra,India,Small Business,2025-01-15
CUST-02127,Meera Kapoor,Female,46,Chandigarh,Chandigarh,India,Consumer,2024-03-03
CUST-02128,Priya Chatterjee,Female,24,Pune,Maharashtra,India,Corporate,2023-04-05
CUST-02129,Siddharth Singh,Male,33,Kolkata,West Bengal,India,Consumer,2023-06-28
CUST-02130,Aryan Verma,Male,56,Pune,Maharashtra,India,Consumer,2022-07-20
CUST-02131,Isha Das,Female,57,Pune,Maharashtra,India,Consumer,2024-12-24
CUST-02132,Saanvi Nair,Female,48,Chennai,Tamil Nadu,India,Consumer,2022-09-07
CUST-02133,Deepika Mishra,Female,34,Kolkata,West Bengal,India,Consumer,2022-07-22
CUST-02134,Vaishnavi Banerjee,Female,35,Guwahati,Assam,India,Small Business,2022-09-15
CUST-02135,Pooja Jain,Female,36,Chennai,Tamil Nadu,India,Corporate,2022-04-29
CUST-02136,Rahul Verma,Male,58,Delhi,Delhi,India,Consumer,2025-04-15
CUST-02137,Mohit Kapoor,Male,35,Kolkata,West Bengal,India,Small Business,2022-06-15
CUST-02138,Siddharth Das,Male,22,Gurugram,Haryana,India,Consumer,2025-11-02
CUST-02139,Divya Mukherjee,Female,32,Patna,Bihar,India,Corporate,2022-11-23
CUST-02140,Akash Nair,Male,40,Raipur,Chhattisgarh,India,Consumer,2024-05-26
CUST-02141,Vaishnavi Verma,Female,26,Srinagar,Jammu and Kashmir,India,Consumer,2024-05-06
CUST-02142,Meera Kapoor,Female,28,Mumbai,Maharashtra,India,Consumer,2023-03-20
CUST-02143,Tanvi Verma,Female,31,Ahmedabad,Gujarat,India,Consumer,2022-05-08
CUST-02144,Anushka Bhat,Female,45,Chennai,Tamil Nadu,India,Small Business,2024-07-21
CUST-02145,Pooja Roy,Female,50,Patna,Bihar,India,Consumer,2022-04-19
CUST-02146,Kriti Reddy,Female,29,Chandigarh,Chandigarh,India,Consumer,2022-12-15
CUST-02147,Isha Khanna,Female,38,Mumbai,Maharashtra,India,Consumer,2023-07-28
CUST-02148,Deepika Chatterjee,Female,28,Surat,Gujarat,India,Corporate,2025-02-20
CUST-02149,Harsh Verma,Male,36,Bengaluru,Karnataka,India,Small Business,2025-06-07
CUST-02150,Neha यादव,Female,30,Delhi,Delhi,India,Small Business,2023-02-20
CUST-02151,Ankit Mishra,Male,36,Mumbai,Maharashtra,India,Consumer,2022-05-21
CUST-02152,Sandeep Sharma,Male,27,Delhi,Delhi,India,Consumer,2022-04-24
CUST-02153,Priya Bhat,Female,38,Pune,Maharashtra,India,Consumer,2024-10-03
CUST-02154,Aarav Sharma,Male,49,Kolkata,West Bengal,India,Consumer,2022-07-27
CUST-02155,Anjali यादव,Female,27,Delhi,Delhi,India,Consumer,2024-02-08
CUST-02156,Manish Nair,Male,34,Delhi,Delhi,India,Small Business,2025-04-15
CUST-02157,Priya Iyer,Female,39,Hyderabad,Telangana,India,Consumer,2024-09-18
CUST-02158,Vikas Pandey,Male,47,Bhubaneswar,Odisha,India,Consumer,2025-01-14
CUST-02159,Vikas यादव,Male,44,Bengaluru,Karnataka,India,Consumer,2023-01-28
CUST-02160,Rishi Reddy,Other,29,Ahmedabad,Gujarat,India,Consumer,2022-04-28
CUST-02161,Kavya Nair,Female,29,Gurugram,Haryana,India,Consumer,2024-09-14
CUST-02162,Tanvi Agarwal,Female,37,Coimbatore,Tamil Nadu,India,Small Business,2025-12-12
CUST-02163,Divya Srinivasan,Female,51,Delhi,Delhi,India,Consumer,2024-04-18
CUST-02164,Nikhil यादव,Male,23,Surat,Gujarat,India,Small Business,2025-10-21
CUST-02165,Nikhil Srinivasan,Male,35,Gurugram,Haryana,India,Small Business,2025-04-27
CUST-02166,Neha Roy,Female,57,Ranchi,Jharkhand,India,Consumer,2025-12-10
CUST-02167,Anjali Banerjee,Female,48,Bengaluru,Karnataka,India,Consumer,2022-12-11
CUST-02168,Shreya Chatterjee,Female,38,Delhi,Delhi,India,Consumer,2024-06-20
CUST-02169,Akash यादव,Male,34,Delhi,Delhi,India,Small Business,2025-02-02
CUST-02170,Neha Jain,Female,42,Mumbai,Maharashtra,India,Small Business,2022-05-12
CUST-02171,Aarav Banerjee,Male,31,Mumbai,Maharashtra,India,Consumer,2024-02-17
CUST-02172,Siddharth Mehta,Male,53,Kochi,Kerala,India,Small Business,2025-06-21
CUST-02173,Aditi Jain,Female,32,Kolkata,West Bengal,India,Consumer,2025-03-11
CUST-02174,Anushka Agarwal,Female,28,Chandigarh,Chandigarh,India,Consumer,2022-09-18
CUST-02175,Vivek Shah,Male,33,Mumbai,Maharashtra,India,Consumer,2025-04-08
CUST-02176,Priya Gupta,Female,32,Mumbai,Maharashtra,India,Consumer,2023-12-27
CUST-02177,Nisha Kulkarni,Female,30,Ahmedabad,Gujarat,India,Small Business,2024-06-08
CUST-02178,Vikas Reddy,Male,39,Kolkata,West Bengal,India,Consumer,2022-09-17
CUST-02179,Aditi Chatterjee,Female,32,Jaipur,Rajasthan,India,Consumer,2022-03-07
CUST-02180,Nisha Mishra,Female,48,Bengaluru,Karnataka,India,Small Business,2023-12-16
CUST-02181,Aditi Reddy,Female,53,Bengaluru,Karnataka,India,Consumer,2025-07-04
CUST-02182,Ira Jain,Other,23,Delhi,Delhi,India,Consumer,2023-07-07
CUST-02183,Dev Sharma,Male,35,Hyderabad,Telangana,India,Small Business,2024-02-01
CUST-02184,Tanvi Mishra,Female,51,Mumbai,Maharashtra,India,Consumer,2022-07-30
CUST-02185,Aditi Kulkarni,Female,39,Jaipur,Rajasthan,India,Consumer,2024-07-27
CUST-02186,Arjun Roy,Male,44,Bengaluru,Karnataka,India,Consumer,2023-08-25
CUST-02187,Vikas Iyer,Male,54,Mumbai,Maharashtra,India,Small Business,2023-06-25
CUST-02188,Meera Mishra,Female,31,Bengaluru,Karnataka,India,Consumer,2023-10-26
CUST-02189,Karan Nair,Male,30,Coimbatore,Tamil Nadu,India,Small Business,2025-06-28
CUST-02190,Ananya Mishra,Female,31,Delhi,Delhi,India,Consumer,2025-12-04
CUST-02191,Aman Bhat,Male,37,Gurugram,Haryana,India,Consumer,2024-07-30
CUST-02192,Karan Kulkarni,Male,44,Bengaluru,Karnataka,India,Consumer,2025-08-08
CUST-02193,Siddharth Agarwal,Male,39,Lucknow,Uttar Pradesh,India,Consumer,2022-12-02
CUST-02194,Kriti Das,Female,27,Lucknow,Uttar Pradesh,India,Consumer,2024-03-17
CUST-02195,Aditi Verma,Female,31,Jaipur,Rajasthan,India,Small Business,2024-01-15
CUST-02196,Isha Roy,Female,35,Jaipur,Rajasthan,India,Consumer,2022-01-09
CUST-02197,Neha Khanna,Female,43,Gurugram,Haryana,India,Consumer,2025-04-11
CUST-02198,Shreya Bhat,Female,33,Bengaluru,Karnataka,India,Consumer,2024-08-03
CUST-02199,Kavya Shah,Female,47,Delhi,Delhi,India,Small Business,2024-08-15
CUST-02200,Shreya Mehta,Female,20,Raipur,Chhattisgarh,India,Small Business,2022-12-05
CUST-02201,Aditya Jain,Male,31,Indore,Madhya Pradesh,India,Consumer,2022-07-30
CUST-02202,Isha Verma,Female,39,Coimbatore,Tamil Nadu,India,Consumer,2025-04-02
CUST-02203,Aanya Pandey,Female,38,Pune,Maharashtra,India,Small Business,2024-11-08
CUST-02204,Kunal Gupta,Male,56,Kochi,Kerala,India,Small Business,2025-02-03
CUST-02205,Yash Mukherjee,Male,53,Hyderabad,Telangana,India,Consumer,2023-07-03
CUST-02206,Harsh Khanna,Male,24,Siliguri,West Bengal,India,Consumer,2025-03-09
CUST-02207,Tanvi Mukherjee,Female,58,Kolkata,West Bengal,India,Consumer,2022-01-21
CUST-02208,Aditi Das,Female,40,Mumbai,Maharashtra,India,Consumer,2023-08-10
CUST-02209,Anushka Bhat,Female,47,Goa,Goa,India,Consumer,2025-11-21
CUST-02210,Sandeep Roy,Male,30,Pune,Maharashtra,India,Consumer,2025-09-22
CUST-02211,Aman Kulkarni,Male,25,Hyderabad,Telangana,India,Consumer,2025-01-23
CUST-02212,Kunal Gupta,Male,31,Hyderabad,Telangana,India,Consumer,2025-10-12
CUST-02213,Vikas Chatterjee,Male,27,Indore,Madhya Pradesh,India,Consumer,2023-09-18
CUST-02214,Ananya Mehta,Female,36,Delhi,Delhi,India,Consumer,2022-08-08
CUST-02215,Ananya Pandey,Female,44,Ahmedabad,Gujarat,India,Consumer,2024-05-10
CUST-02216,Vaishnavi Roy,Female,35,Bengaluru,Karnataka,India,Consumer,2024-03-19
CUST-02217,Priya Patel,Female,32,Delhi,Delhi,India,Small Business,2022-10-20
CUST-02218,Vaishnavi Bhat,Female,52,Siliguri,West Bengal,India,Small Business,2024-03-07
CUST-02219,Aanya Verma,Female,62,Coimbatore,Tamil Nadu,India,Small Business,2023-08-10
CUST-02220,Aman Kulkarni,Male,39,Kochi,Kerala,India,Consumer,2023-08-24
CUST-02221,Vikas Gupta,Male,28,Delhi,Delhi,India,Corporate,2023-12-06
CUST-02222,Rahul Srinivasan,Male,48,Jaipur,Rajasthan,India,Small Business,2024-04-28
CUST-02223,Mohit Khanna,Male,33,Bengaluru,Karnataka,India,Consumer,2025-11-22
CUST-02224,Manish Shah,Male,34,Visakhapatnam,Andhra Pradesh,India,Consumer,2023-09-20
CUST-02225,Deepika Verma,Female,43,Chennai,Tamil Nadu,India,Consumer,2024-10-09
CUST-02226,Anjali Das,Female,26,Bengaluru,Karnataka,India,Consumer,2023-04-13
CUST-02227,Kavya Banerjee,Female,38,Jaipur,Rajasthan,India,Consumer,2025-05-17
CUST-02228,Manish Bhat,Male,39,Hyderabad,Telangana,India,Consumer,2023-06-03
CUST-02229,Anushka Roy,Female,43,Jaipur,Rajasthan,India,Small Business,2024-11-06
CUST-02230,Karan Patel,Male,33,Kolkata,West Bengal,India,Small Business,2024-07-31
CUST-02231,Aditi Pandey,Female,52,Chennai,Tamil Nadu,India,Consumer,2024-07-28
CUST-02232,Akash Srinivasan,Male,36,Jaipur,Rajasthan,India,Consumer,2024-03-22
CUST-02233,Aryan Gupta,Male,31,Bengaluru,Karnataka,India,Consumer,2022-11-13
CUST-02234,Aditya Mukherjee,Male,38,Bengaluru,Karnataka,India,Consumer,2024-07-14
CUST-02235,Akash Jain,Male,32,Indore,Madhya Pradesh,India,Small Business,2023-08-28
CUST-02236,Tanvi Banerjee,Female,43,Patna,Bihar,India,Small Business,2025-10-11
CUST-02237,Aditi Sharma,Female,25,Mumbai,Maharashtra,India,Consumer,2023-11-06
CUST-02238,Aanya Mishra,Female,48,Hyderabad,Telangana,India,Consumer,2024-09-25
CUST-02239,Kunal Chatterjee,Male,54,Coimbatore,Tamil Nadu,India,Consumer,2022-09-25
CUST-02240,Harsh Iyer,Male,38,Kochi,Kerala,India,Consumer,2022-10-26
CUST-02241,Aryan Singh,Male,43,Chennai,Tamil Nadu,India,Corporate,2022-02-15
CUST-02242,Kriti Sharma,Female,30,Indore,Madhya Pradesh,India,Corporate,2022-08-31
CUST-02243,Priya Gupta,Female,53,Gurugram,Haryana,India,Consumer,2022-06-12
CUST-02244,Kavya Iyer,Female,22,Hyderabad,Telangana,India,Small Business,2024-01-04
CUST-02245,Dev Srinivasan,Male,45,Chennai,Tamil Nadu,India,Consumer,2025-04-09
CUST-02246,Vivek Kulkarni,Male,44,Hyderabad,Telangana,India,Small Business,2022-01-26
CUST-02247,Siddharth Patel,Male,31,Hyderabad,Telangana,India,Consumer,2022-12-01
CUST-02248,Aanya Pandey,Female,34,Bengaluru,Karnataka,India,Consumer,2024-04-13
CUST-02249,Shreya Verma,Female,39,Lucknow,Uttar Pradesh,India,Consumer,2023-09-12
CUST-02250,Riya Singh,Female,57,Jaipur,Rajasthan,India,Consumer,2023-02-13
CUST-02251,Vikas Pandey,Male,33,Ahmedabad,Gujarat,India,Consumer,2024-08-17
CUST-02252,Kriti Shah,Female,39,Kochi,Kerala,India,Small Business,2025-03-21
CUST-02253,Deepika Iyer,Female,31,Bengaluru,Karnataka,India,Consumer,2023-01-02
CUST-02254,Divya Khanna,Female,51,Kochi,Kerala,India,Consumer,2025-04-11
CUST-02255,Mohit Agarwal,Male,22,Ahmedabad,Gujarat,India,Consumer,2024-11-28
CUST-02256,Harsh Singh,Male,52,Mumbai,Maharashtra,India,Consumer,2024-05-09
CUST-02257,Aanya Banerjee,Female,48,Lucknow,Uttar Pradesh,India,Consumer,2024-08-04
CUST-02258,Vaishnavi Khanna,Female,29,Surat,Gujarat,India,Consumer,2022-02-07
CUST-02259,Rohan Singh,Male,48,Chennai,Tamil Nadu,India,Small Business,2022-08-21
CUST-02260,Saanvi Pandey,Female,54,Mumbai,Maharashtra,India,Small Business,2025-01-06
CUST-02261,Shreya यादव,Female,54,Delhi,Delhi,India,Consumer,2023-11-15
CUST-02262,Kriti Singh,Female,29,Mumbai,Maharashtra,India,Small Business,2025-10-12
CUST-02263,Neha Patel,Female,20,Mumbai,Maharashtra,India,Consumer,2024-06-15
CUST-02264,Ahan Shah,Other,32,Gurugram,Haryana,India,Consumer,2024-05-29
CUST-02265,Riya Pandey,Female,28,Pune,Maharashtra,India,Consumer,2023-05-31
CUST-02266,Kavya Roy,Female,62,Pune,Maharashtra,India,Consumer,2023-06-11
CUST-02267,Meera Verma,Female,24,Kolkata,West Bengal,India,Consumer,2023-01-19
CUST-02268,Sneha यादव,Female,37,Bengaluru,Karnataka,India,Consumer,2022-12-04
CUST-02269,Tanvi Roy,Female,28,Kolkata,West Bengal,India,Consumer,2025-06-13
CUST-02270,Saanvi Mehta,Female,43,Kolkata,West Bengal,India,Consumer,2025-07-16
CUST-02271,Tanvi Mukherjee,Female,26,Bengaluru,Karnataka,India,Consumer,2024-11-05
CUST-02272,Aditi Bhat,Female,56,Gurugram,Haryana,India,Consumer,2025-05-07
CUST-02273,Manish Pandey,Male,24,Delhi,Delhi,India,Consumer,2022-06-17
CUST-02274,Vikas Sharma,Male,26,Patna,Bihar,India,Consumer,2025-12-16
CUST-02275,Tanvi Mehta,Female,32,Mumbai,Maharashtra,India,Consumer,2024-09-30
CUST-02276,Anushka Banerjee,Female,44,Mumbai,Maharashtra,India,Small Business,2023-03-04
CUST-02277,Shreya Verma,Female,47,Raipur,Chhattisgarh,India,Consumer,2025-02-01
CUST-02278,Rahul Verma,Male,22,Kolkata,West Bengal,India,Consumer,2024-12-22
CUST-02279,Riya Iyer,Female,33,Pune,Maharashtra,India,Consumer,2022-02-07
CUST-02280,Anjali Bhat,Female,32,Pune,Maharashtra,India,Small Business,2024-03-14
CUST-02281,Akash Mehta,Male,30,Kolkata,West Bengal,India,Corporate,2023-09-25
CUST-02282,Akash Shah,Male,29,Delhi,Delhi,India,Consumer,2025-09-07
CUST-02283,Vaishnavi Iyer,Female,45,Delhi,Delhi,India,Consumer,2025-07-24
CUST-02284,Manish Shah,Male,43,Bengaluru,Karnataka,India,Consumer,2023-04-30
CUST-02285,Nikhil Nair,Male,38,Ahmedabad,Gujarat,India,Consumer,2023-12-30
CUST-02286,Anjali Singh,Female,36,Delhi,Delhi,India,Small Business,2023-02-26
CUST-02287,Harsh Roy,Male,35,Jaipur,Rajasthan,India,Consumer,2024-03-11
CUST-02288,Harsh Chatterjee,Male,34,Mumbai,Maharashtra,India,Consumer,2024-06-19
CUST-02289,Vaishnavi Sharma,Female,37,Lucknow,Uttar Pradesh,India,Consumer,2024-06-07
CUST-02290,Riya Agarwal,Female,25,Mumbai,Maharashtra,India,Consumer,2023-02-17
CUST-02291,Rohan Mukherjee,Male,44,Pune,Maharashtra,India,Consumer,2025-01-23
CUST-02292,Tanvi Mukherjee,Female,35,Mumbai,Maharashtra,India,Consumer,2024-12-01
CUST-02293,Aanya Roy,Female,51,Mumbai,Maharashtra,India,Consumer,2025-03-31
CUST-02294,Arjun Nair,Male,34,Delhi,Delhi,India,Consumer,2024-04-24
CUST-02295,Avni Kapoor,Other,46,Kolkata,West Bengal,India,Small Business,2024-09-23
CUST-02296,Kriti Kapoor,Female,35,Delhi,Delhi,India,Consumer,2022-07-17
CUST-02297,Anjali Iyer,Female,22,Delhi,Delhi,India,Small Business,2024-03-27
CUST-02298,Akash Mishra,Male,32,Kochi,Kerala,India,Consumer,2022-07-24
CUST-02299,Sandeep Sharma,Male,56,Coimbatore,Tamil Nadu,India,Consumer,2024-05-18
CUST-02300,Aryan Mukherjee,Male,43,Delhi,Delhi,India,Small Business,2024-06-05
CUST-02301,Aman Khanna,Male,51,Kolkata,West Bengal,India,Consumer,2022-02-15
CUST-02302,Vivek Nair,Male,36,Delhi,Delhi,India,Consumer,2022-12-14
CUST-02303,Meera Bhat,Female,48,Delhi,Delhi,India,Consumer,2024-06-14
CUST-02304,Harsh Gupta,Male,46,Indore,Madhya Pradesh,India,Consumer,2024-11-16
CUST-02305,Neha Pandey,Female,54,Delhi,Delhi,India,Consumer,2023-10-01
CUST-02306,Sneha Singh,Female,43,Gurugram,Haryana,India,Consumer,2022-04-24
CUST-02307,Neha Sharma,Female,35,Surat,Gujarat,India,Corporate,2024-08-14
CUST-02308,Aanya Iyer,Female,25,Delhi,Delhi,India,Consumer,2024-06-07
CUST-02309,Divya Srinivasan,Female,50,Lucknow,Uttar Pradesh,India,Corporate,2022-01-08
CUST-02310,Karan Das,Male,25,Bengaluru,Karnataka,India,Consumer,2023-07-17
CUST-02311,Vikas Kulkarni,Male,43,Delhi,Delhi,India,Consumer,2023-05-11
CUST-02312,Rohan Kulkarni,Male,44,Lucknow,Uttar Pradesh,India,Consumer,2024-02-22
CUST-02313,Siddharth Mehta,Male,44,Bengaluru,Karnataka,India,Consumer,2024-09-05
CUST-02314,Akash Nair,Male,56,Hyderabad,Telangana,India,Small Business,2023-01-23
CUST-02315,Tanvi Chatterjee,Female,42,Kolkata,West Bengal,India,Consumer,2022-06-04
CUST-02316,Rishi Nair,Other,33,Coimbatore,Tamil Nadu,India,Corporate,2022-09-20
CUST-02317,Shreya Kapoor,Female,57,Mumbai,Maharashtra,India,Small Business,2022-08-25
CUST-02318,Arjun Roy,Male,37,Bhubaneswar,Odisha,India,Corporate,2025-09-10
CUST-02319,Sneha Agarwal,Female,38,Mumbai,Maharashtra,India,Small Business,2025-02-23
CUST-02320,Shreya Reddy,Female,48,Coimbatore,Tamil Nadu,India,Consumer,2025-05-09
CUST-02321,Deepika Srinivasan,Female,38,Kolkata,West Bengal,India,Consumer,2025-08-07
CUST-02322,Dev Banerjee,Male,47,Siliguri,West Bengal,India,Consumer,2022-04-27
CUST-02323,Riya Singh,Female,24,Visakhapatnam,Andhra Pradesh,India,Small Business,2022-04-21
CUST-02324,Kriti Nair,Female,36,Pune,Maharashtra,India,Consumer,2025-11-03
CUST-02325,Vivek Kulkarni,Male,47,Gurugram,Haryana,India,Consumer,2022-08-02
CUST-02326,Anushka Mukherjee,Female,22,Chennai,Tamil Nadu,India,Consumer,2025-02-16
CUST-02327,Riya Nair,Female,48,Jaipur,Rajasthan,India,Consumer,2025-03-10
CUST-02328,Karan Patel,Male,35,Lucknow,Uttar Pradesh,India,Consumer,2024-01-03
CUST-02329,Aditi Mehta,Female,23,Surat,Gujarat,India,Consumer,2022-12-25
CUST-02330,Deepika यादव,Female,30,Chennai,Tamil Nadu,India,Consumer,2024-07-16
CUST-02331,Ankit Gupta,Male,45,Delhi,Delhi,India,Consumer,2024-02-02
CUST-02332,Pooja Khanna,Female,41,Patna,Bihar,India,Small Business,2023-09-02
CUST-02333,Deepika Singh,Female,36,Coimbatore,Tamil Nadu,India,Consumer,2023-02-25
CUST-02334,Sandeep Das,Male,56,Surat,Gujarat,India,Small Business,2022-05-28
CUST-02335,Kriti Jain,Female,32,Chennai,Tamil Nadu,India,Consumer,2024-04-27
CUST-02336,Dev Khanna,Male,40,Bengaluru,Karnataka,India,Corporate,2022-12-28
CUST-02337,Neha Nair,Female,33,Bengaluru,Karnataka,India,Consumer,2024-01-30
CUST-02338,Tanvi Jain,Female,44,Delhi,Delhi,India,Consumer,2025-02-11
CUST-02339,Yash Gupta,Male,23,Delhi,Delhi,India,Consumer,2024-11-01
CUST-02340,Karan Roy,Male,28,Mumbai,Maharashtra,India,Consumer,2025-06-09
CUST-02341,Aarav Reddy,Male,44,Kolkata,West Bengal,India,Consumer,2024-03-07
CUST-02342,Nikhil Khanna,Male,38,Pune,Maharashtra,India,Consumer,2024-07-24
CUST-02343,Sandeep Roy,Male,52,Kolkata,West Bengal,India,Small Business,2023-02-06
CUST-02344,Akash Iyer,Male,41,Bengaluru,Karnataka,India,Consumer,2024-06-19
CUST-02345,Akash Jain,Male,51,Surat,Gujarat,India,Consumer,2025-08-26
CUST-02346,Shreya Patel,Female,34,Indore,Madhya Pradesh,India,Consumer,2025-10-23
CUST-02347,Akash Chatterjee,Male,44,Chennai,Tamil Nadu,India,Consumer,2025-09-22
CUST-02348,Kriti Nair,Female,45,Bengaluru,Karnataka,India,Small Business,2024-03-05
CUST-02349,Aryan Roy,Male,28,Delhi,Delhi,India,Corporate,2022-05-20
CUST-02350,Karan Srinivasan,Male,29,Jaipur,Rajasthan,India,Consumer,2024-02-24
CUST-02351,Neha Srinivasan,Female,38,Mumbai,Maharashtra,India,Consumer,2024-07-26
CUST-02352,Dev Iyer,Male,23,Bhubaneswar,Odisha,India,Consumer,2024-07-25
CUST-02353,Samarth Khanna,Other,54,Jaipur,Rajasthan,India,Consumer,2023-10-07
CUST-02354,Vaishnavi Mukherjee,Female,30,Mumbai,Maharashtra,India,Small Business,2025-06-24
CUST-02355,Isha Agarwal,Female,22,Raipur,Chhattisgarh,India,Consumer,2022-02-07
CUST-02356,Saanvi Gupta,Female,35,Visakhapatnam,Andhra Pradesh,India,Consumer,2023-03-18
CUST-02357,Karan Bhat,Male,35,Kolkata,West Bengal,India,Consumer,2023-06-10
CUST-02358,Anjali Verma,Female,35,Lucknow,Uttar Pradesh,India,Consumer,2023-06-28
CUST-02359,Harsh Jain,Male,40,Pune,Maharashtra,India,Corporate,2022-01-17
CUST-02360,Akash Kapoor,Male,40,Gurugram,Haryana,India,Corporate,2024-09-17
CUST-02361,Nikhil Roy,Male,32,Mumbai,Maharashtra,India,Consumer,2023-03-27
CUST-02362,Shreya Bhat,Female,44,Bhubaneswar,Odisha,India,Corporate,2024-06-23
CUST-02363,Meera Das,Female,28,Gurugram,Haryana,India,Consumer,2023-07-02
CUST-02364,Pooja Srinivasan,Female,41,Chennai,Tamil Nadu,India,Consumer,2024-12-10
CUST-02365,Aman Jain,Male,29,Bhubaneswar,Odisha,India,Consumer,2023-07-19
CUST-02366,Deepika Das,Female,38,Ahmedabad,Gujarat,India,Consumer,2022-09-22
CUST-02367,Manish Nair,Male,30,Jaipur,Rajasthan,India,Consumer,2024-07-27
CUST-02368,Sneha Jain,Female,38,Goa,Goa,India,Corporate,2023-09-29
CUST-02369,Kriti Khanna,Female,37,Jaipur,Rajasthan,India,Consumer,2023-07-16
CUST-02370,Noor Mukherjee,Other,39,Mumbai,Maharashtra,India,Consumer,2024-11-19
CUST-02371,Isha Verma,Female,34,Guwahati,Assam,India,Consumer,2023-11-15
CUST-02372,Rahul Kapoor,Male,49,Gurugram,Haryana,India,Consumer,2025-04-04
CUST-02373,Deepak Srinivasan,Male,30,Ahmedabad,Gujarat,India,Consumer,2025-09-29
CUST-02374,Tanvi Verma,Female,35,Mumbai,Maharashtra,India,Consumer,2022-08-15
CUST-02375,Anushka Kulkarni,Female,32,Kochi,Kerala,India,Consumer,2022-05-21
CUST-02376,Vivek Mishra,Male,46,Kolkata,West Bengal,India,Consumer,2023-02-04
CUST-02377,Kunal Srinivasan,Male,41,Raipur,Chhattisgarh,India,Consumer,2024-07-21
CUST-02378,Isha Mukherjee,Female,29,Bengaluru,Karnataka,India,Corporate,2024-06-14
CUST-02379,Shreya Mukherjee,Female,36,Bhubaneswar,Odisha,India,Consumer,2025-01-19
CUST-02380,Meera Iyer,Female,32,Lucknow,Uttar Pradesh,India,Consumer,2023-01-22
CUST-02381,Mohit Roy,Male,26,Mumbai,Maharashtra,India,Consumer,2025-01-12
CUST-02382,Vaishnavi Bhat,Female,40,Bhubaneswar,Odisha,India,Consumer,2024-03-10
CUST-02383,Aditi Patel,Female,46,Lucknow,Uttar Pradesh,India,Consumer,2025-08-19
CUST-02384,Arjun Singh,Male,49,Bengaluru,Karnataka,India,Consumer,2025-09-04
CUST-02385,Anjali Mukherjee,Female,32,Ahmedabad,Gujarat,India,Consumer,2025-02-08
CUST-02386,Vivek यादव,Male,28,Delhi,Delhi,India,Consumer,2025-06-29
CUST-02387,Isha Verma,Female,50,Kochi,Kerala,India,Consumer,2024-12-16
CUST-02388,Aditya Srinivasan,Male,34,Mumbai,Maharashtra,India,Consumer,2025-01-18
CUST-02389,Mohit Pandey,Male,25,Ahmedabad,Gujarat,India,Small Business,2022-03-09
CUST-02390,Anushka Bhat,Female,29,Hyderabad,Telangana,India,Corporate,2023-08-11
CUST-02391,Kunal Nair,Male,30,Kolkata,West Bengal,India,Consumer,2025-02-10
CUST-02392,Nisha Shah,Female,43,Patna,Bihar,India,Consumer,2025-01-26
CUST-02393,Yash Jain,Male,59,Bengaluru,Karnataka,India,Corporate,2022-01-06
CUST-02394,Vivek Roy,Male,56,Bengaluru,Karnataka,India,Consumer,2024-09-08
CUST-02395,Vaishnavi Pandey,Female,51,Kochi,Kerala,India,Consumer,2022-02-14
CUST-02396,Harsh Verma,Male,35,Delhi,Delhi,India,Consumer,2024-05-05
CUST-02397,Ankit यादव,Male,57,Chennai,Tamil Nadu,India,Consumer,2025-03-19
CUST-02398,Ananya Das,Female,36,Mumbai,Maharashtra,India,Consumer,2024-02-21
CUST-02399,Arjun Shah,Male,25,Hyderabad,Telangana,India,Consumer,2023-01-04
CUST-02400,Riya Das,Female,31,Ahmedabad,Gujarat,India,Consumer,2025-01-19
CUST-02401,Riya Mukherjee,Female,35,Mumbai,Maharashtra,India,Small Business,2022-08-04
CUST-02402,Aanya Srinivasan,Female,29,Hyderabad,Telangana,India,Corporate,2025-11-06
CUST-02403,Yash Agarwal,Male,45,Jaipur,Rajasthan,India,Consumer,2024-02-09
CUST-02404,Sandeep Shah,Male,44,Chandigarh,Chandigarh,India,Consumer,2024-04-24
CUST-02405,Manish Sharma,Male,40,Mumbai,Maharashtra,India,Small Business,2022-01-08
CUST-02406,Deepak Mukherjee,Male,24,Chandigarh,Chandigarh,India,Small Business,2023-01-10
CUST-02407,Aanya Patel,Female,35,Ahmedabad,Gujarat,India,Consumer,2024-10-06
CUST-02408,Karan Iyer,Male,31,Hyderabad,Telangana,India,Small Business,2022-07-02
CUST-02409,Deepika Roy,Female,38,Delhi,Delhi,India,Consumer,2023-03-09
CUST-02410,Shreya Kulkarni,Female,43,Chennai,Tamil Nadu,India,Consumer,2025-03-27
CUST-02411,Rahul Kapoor,Male,32,Delhi,Delhi,India,Small Business,2025-08-28
CUST-02412,Anushka Jain,Female,61,Jaipur,Rajasthan,India,Consumer,2022-03-25
CUST-02413,Aditi Nair,Female,34,Lucknow,Uttar Pradesh,India,Small Business,2025-08-25
CUST-02414,Manish Gupta,Male,47,Goa,Goa,India,Consumer,2024-09-21
CUST-02415,Ira Gupta,Other,23,Mumbai,Maharashtra,India,Consumer,2022-09-16
CUST-02416,Yash यादव,Male,38,Mumbai,Maharashtra,India,Consumer,2022-03-16
CUST-02417,Sneha Mukherjee,Female,33,Delhi,Delhi,India,Consumer,2024-06-08
CUST-02418,Riya Roy,Female,28,Gurugram,Haryana,India,Consumer,2023-07-20
CUST-02419,Vivek Mukherjee,Male,51,Ahmedabad,Gujarat,India,Small Business,2025-05-09
CUST-02420,Ira Jain,Other,28,Kolkata,West Bengal,India,Consumer,2023-10-30
CUST-02421,Shreya Jain,Female,41,Indore,Madhya Pradesh,India,Consumer,2022-12-20
CUST-02422,Harsh Bhat,Male,46,Mumbai,Maharashtra,India,Corporate,2025-10-29
CUST-02423,Deepak Sharma,Male,23,Bengaluru,Karnataka,India,Consumer,2024-09-28
CUST-02424,Tanvi Chatterjee,Female,33,Ahmedabad,Gujarat,India,Consumer,2024-11-04
CUST-02425,Sneha Singh,Female,22,Hyderabad,Telangana,India,Consumer,2023-03-30
CUST-02426,Meera Verma,Female,40,Mumbai,Maharashtra,India,Consumer,2025-12-19
CUST-02427,Nikhil यादव,Male,42,Jaipur,Rajasthan,India,Consumer,2025-03-20
CUST-02428,Aarya Jain,Other,41,Hyderabad,Telangana,India,Consumer,2024-08-19
CUST-02429,Ananya Patel,Female,41,Bengaluru,Karnataka,India,Consumer,2024-01-19
CUST-02430,Shreya Reddy,Female,24,Kolkata,West Bengal,India,Corporate,2023-10-14
CUST-02431,Sandeep Chatterjee,Male,39,Bengaluru,Karnataka,India,Consumer,2022-11-06
CUST-02432,Sandeep Khanna,Male,61,Jaipur,Rajasthan,India,Consumer,2025-04-12
CUST-02433,Deepika Roy,Female,35,Ahmedabad,Gujarat,India,Consumer,2025-08-14
CUST-02434,Mohit Bhat,Male,27,Siliguri,West Bengal,India,Consumer,2022-01-12
CUST-02435,Tanvi Verma,Female,39,Mumbai,Maharashtra,India,Consumer,2023-05-23
CUST-02436,Nisha Khanna,Female,40,Kolkata,West Bengal,India,Consumer,2022-08-12
CUST-02437,Aman Nair,Male,48,Ahmedabad,Gujarat,India,Consumer,2023-07-18
CUST-02438,Sandeep Iyer,Male,41,Mumbai,Maharashtra,India,Consumer,2024-02-23
CUST-02439,Sneha Kulkarni,Female,53,Ranchi,Jharkhand,India,Corporate,2022-06-15
CUST-02440,Ananya Patel,Female,35,Goa,Goa,India,Consumer,2025-02-18
CUST-02441,Riya Singh,Female,27,Bengaluru,Karnataka,India,Consumer,2025-10-01
CUST-02442,Anjali Bhat,Female,50,Bengaluru,Karnataka,India,Consumer,2025-02-12
CUST-02443,Manish Singh,Male,31,Hyderabad,Telangana,India,Consumer,2023-06-10
CUST-02444,Sneha Mukherjee,Female,45,Ahmedabad,Gujarat,India,Consumer,2024-04-27
CUST-02445,Nisha Chatterjee,Female,46,Chennai,Tamil Nadu,India,Corporate,2022-08-25
CUST-02446,Kavya Iyer,Female,39,Coimbatore,Tamil Nadu,India,Consumer,2022-01-26
CUST-02447,Aarav Pandey,Male,33,Coimbatore,Tamil Nadu,India,Small Business,2023-03-07
CUST-02448,Divya Agarwal,Female,40,Indore,Madhya Pradesh,India,Consumer,2022-12-09
CUST-02449,Riya Srinivasan,Female,38,Lucknow,Uttar Pradesh,India,Consumer,2024-10-05
CUST-02450,Aditi Agarwal,Female,44,Chandigarh,Chandigarh,India,Small Business,2022-12-29
CUST-02451,Siddharth Agarwal,Male,26,Bengaluru,Karnataka,India,Consumer,2023-06-02
CUST-02452,Riya Bhat,Female,27,Indore,Madhya Pradesh,India,Consumer,2024-05-28
CUST-02453,Shreya Chatterjee,Female,37,Chennai,Tamil Nadu,India,Corporate,2025-04-23
CUST-02454,Akash Bhat,Male,44,Gurugram,Haryana,India,Consumer,2022-02-23
CUST-02455,Sandeep Agarwal,Male,33,Kolkata,West Bengal,India,Consumer,2023-09-30
CUST-02456,Deepak Roy,Male,31,Mumbai,Maharashtra,India,Consumer,2023-11-26
CUST-02457,Sneha Banerjee,Female,40,Lucknow,Uttar Pradesh,India,Consumer,2024-07-13
CUST-02458,Pooja Mehta,Female,51,Patna,Bihar,India,Consumer,2025-10-16
CUST-02459,Saanvi Khanna,Female,23,Gurugram,Haryana,India,Consumer,2025-01-11
CUST-02460,Saanvi Shah,Female,56,Bengaluru,Karnataka,India,Consumer,2024-12-27
CUST-02461,Anushka Chatterjee,Female,36,Raipur,Chhattisgarh,India,Consumer,2024-12-18
CUST-02462,Shiv Roy,Other,31,Lucknow,Uttar Pradesh,India,Consumer,2022-01-25
CUST-02463,Pooja Verma,Female,29,Ahmedabad,Gujarat,India,Small Business,2022-06-15
CUST-02464,Riya Gupta,Female,58,Pune,Maharashtra,India,Consumer,2022-05-16
CUST-02465,Sandeep Jain,Male,34,Mumbai,Maharashtra,India,Small Business,2022-02-20
CUST-02466,Vikas Shah,Male,41,Jaipur,Rajasthan,India,Corporate,2025-05-02
CUST-02467,Sneha Singh,Female,26,Jaipur,Rajasthan,India,Consumer,2025-09-26
CUST-02468,Sneha Kapoor,Female,34,Delhi,Delhi,India,Small Business,2025-09-03
CUST-02469,Rohan Agarwal,Male,33,Delhi,Delhi,India,Corporate,2022-01-12
CUST-02470,Vivek Mehta,Male,30,Kolkata,West Bengal,India,Consumer,2022-01-09
CUST-02471,Pranav Shah,Male,28,Hyderabad,Telangana,India,Consumer,2025-07-14
CUST-02472,Aditi Kapoor,Female,41,Pune,Maharashtra,India,Consumer,2025-06-03
CUST-02473,Vivek Mukherjee,Male,28,Pune,Maharashtra,India,Consumer,2022-10-14
CUST-02474,Aman Kapoor,Male,34,Gurugram,Haryana,India,Consumer,2025-05-24
CUST-02475,Aarav Khanna,Male,43,Raipur,Chhattisgarh,India,Consumer,2024-12-08
CUST-02476,Aashi Singh,Other,52,Patna,Bihar,India,Consumer,2024-10-19
CUST-02477,Pooja Bhat,Female,42,Mumbai,Maharashtra,India,Consumer,2022-02-08
CUST-02478,Vivek Roy,Male,26,Mumbai,Maharashtra,India,Corporate,2022-03-15
CUST-02479,Aanya Mehta,Female,40,Hyderabad,Telangana,India,Consumer,2022-11-05
CUST-02480,Aditya Khanna,Male,45,Visakhapatnam,Andhra Pradesh,India,Consumer,2024-07-16
CUST-02481,Vaishnavi Mishra,Female,49,Hyderabad,Telangana,India,Small Business,2024-12-09
CUST-02482,Yash Mehta,Male,26,Surat,Gujarat,India,Small Business,2024-08-16
CUST-02483,Anushka Bhat,Female,41,Visakhapatnam,Andhra Pradesh,India,Small Business,2024-09-16
CUST-02484,Saanvi Shah,Female,52,Gurugram,Haryana,India,Corporate,2025-01-15
CUST-02485,Yash यादव,Male,43,Visakhapatnam,Andhra Pradesh,India,Consumer,2024-08-01
CUST-02486,Arjun Mukherjee,Male,23,Mumbai,Maharashtra,India,Corporate,2024-02-10
CUST-02487,Deepak Pandey,Male,37,Pune,Maharashtra,India,Corporate,2025-12-18
CUST-02488,Vivek Mishra,Male,37,Mumbai,Maharashtra,India,Small Business,2025-09-06
CUST-02489,Anjali Mukherjee,Female,44,Mumbai,Maharashtra,India,Consumer,2024-06-06
CUST-02490,Vivek Iyer,Male,41,Lucknow,Uttar Pradesh,India,Small Business,2022-04-14
CUST-02491,Saanvi Shah,Female,29,Goa,Goa,India,Consumer,2025-03-29
CUST-02492,Saanvi Agarwal,Female,52,Bengaluru,Karnataka,India,Small Business,2022-11-28
CUST-02493,Ananya Mehta,Female,36,Bengaluru,Karnataka,India,Consumer,2023-11-09
CUST-02494,Sandeep Singh,Male,26,Hyderabad,Telangana,India,Consumer,2025-11-19
CUST-02495,Aanya Shah,Female,31,Hyderabad,Telangana,India,Corporate,2023-06-21
CUST-02496,Mohit Khanna,Male,36,Jaipur,Rajasthan,India,Consumer,2024-02-18
CUST-02497,Vikas Das,Male,39,Srinagar,Jammu and Kashmir,India,Consumer,2023-08-03
CUST-02498,Aanya Jain,Female,45,Chandigarh,Chandigarh,India,Consumer,2023-08-19
CUST-02499,Karan Mukherjee,Male,28,Kolkata,West Bengal,India,Small Business,2022-01-25
CUST-02500,Aditya Sharma,Male,39,Pune,Maharashtra,India,Consumer,2022-07-09
CUST-02501,Vikas Mishra,Male,34,Ahmedabad,Gujarat,India,Consumer,2024-12-11
CUST-02502,Divya Khanna,Female,47,Ahmedabad,Gujarat,India,Consumer,2025-01-04
CUST-02503,Mohit Singh,Male,38,Lucknow,Uttar Pradesh,India,Corporate,2025-04-03
CUST-02504,Isha Mishra,Female,28,Pune,Maharashtra,India,Consumer,2022-04-29
CUST-02505,Manish यादव,Male,52,Indore,Madhya Pradesh,India,Consumer,2023-03-22
CUST-02506,Deepika Das,Female,49,Ahmedabad,Gujarat,India,Consumer,2023-12-24
CUST-02507,Kavya Kapoor,Female,32,Delhi,Delhi,India,Consumer,2022-11-17
CUST-02508,Kriti Agarwal,Female,33,Chennai,Tamil Nadu,India,Consumer,2024-03-02
CUST-02509,Pooja Nair,Female,32,Chandigarh,Chandigarh,India,Consumer,2023-09-01
CUST-02510,Deepak Kulkarni,Male,32,Chennai,Tamil Nadu,India,Small Business,2023-05-13
CUST-02511,Aman Verma,Male,62,Lucknow,Uttar Pradesh,India,Consumer,2024-12-13
CUST-02512,Divya Gupta,Female,25,Bengaluru,Karnataka,India,Consumer,2023-12-10
CUST-02513,Mohit Agarwal,Male,30,Kolkata,West Bengal,India,Small Business,2024-04-24
CUST-02514,Sandeep Shah,Male,28,Bengaluru,Karnataka,India,Consumer,2023-08-09
CUST-02515,Saanvi Shah,Female,39,Patna,Bihar,India,Consumer,2025-10-16
CUST-02516,Aarav Verma,Male,56,Chandigarh,Chandigarh,India,Consumer,2023-01-23
CUST-02517,Karan Mehta,Male,33,Surat,Gujarat,India,Small Business,2024-05-20
CUST-02518,Kriti Kapoor,Female,57,Kochi,Kerala,India,Consumer,2022-12-31
CUST-02519,Vikas Srinivasan,Male,45,Hyderabad,Telangana,India,Consumer,2025-09-18
CUST-02520,Harsh Iyer,Male,46,Hyderabad,Telangana,India,Small Business,2024-01-28
CUST-02521,Aditi Mehta,Female,49,Mumbai,Maharashtra,India,Consumer,2023-09-10
CUST-02522,Aarav Chatterjee,Male,50,Mumbai,Maharashtra,India,Small Business,2024-05-08
CUST-02523,Arjun Pandey,Male,32,Gurugram,Haryana,India,Consumer,2023-05-15
CUST-02524,Ahan Sharma,Other,35,Kolkata,West Bengal,India,Consumer,2025-03-20
CUST-02525,Dev Kulkarni,Male,38,Mumbai,Maharashtra,India,Consumer,2024-10-18
CUST-02526,Nikhil Kapoor,Male,34,Bengaluru,Karnataka,India,Consumer,2022-05-09
CUST-02527,Isha Roy,Female,34,Hyderabad,Telangana,India,Consumer,2025-06-09
CUST-02528,Manish Mishra,Male,58,Chandigarh,Chandigarh,India,Consumer,2024-02-17
CUST-02529,Karan Reddy,Male,27,Ahmedabad,Gujarat,India,Consumer,2023-03-28
CUST-02530,Yash Shah,Male,58,Goa,Goa,India,Consumer,2025-09-13
CUST-02531,Kriti Shah,Female,42,Gurugram,Haryana,India,Consumer,2022-10-13
CUST-02532,Pranav Shah,Male,42,Hyderabad,Telangana,India,Consumer,2022-04-26
CUST-02533,Sneha Shah,Female,27,Bengaluru,Karnataka,India,Consumer,2025-09-17
CUST-02534,Aarav Agarwal,Male,31,Patna,Bihar,India,Consumer,2023-11-22
CUST-02535,Rohan Verma,Male,34,Srinagar,Jammu and Kashmir,India,Consumer,2022-10-16
CUST-02536,Mohit Khanna,Male,49,Kolkata,West Bengal,India,Small Business,2023-01-14
CUST-02537,Deepika Srinivasan,Female,41,Delhi,Delhi,India,Consumer,2024-05-16
CUST-02538,Ankit Nair,Male,27,Delhi,Delhi,India,Consumer,2023-03-25
CUST-02539,Mohit Mishra,Male,29,Ahmedabad,Gujarat,India,Consumer,2025-10-18
CUST-02540,Pooja Jain,Female,35,Bengaluru,Karnataka,India,Consumer,2022-05-20
CUST-02541,Vivek Banerjee,Male,40,Lucknow,Uttar Pradesh,India,Small Business,2024-03-19
CUST-02542,Deepika Reddy,Female,33,Mumbai,Maharashtra,India,Small Business,2023-01-23
CUST-02543,Vaishnavi Iyer,Female,42,Raipur,Chhattisgarh,India,Consumer,2023-12-30
CUST-02544,Akash Sharma,Male,45,Bhubaneswar,Odisha,India,Consumer,2024-05-12
CUST-02545,Shreya Patel,Female,34,Indore,Madhya Pradesh,India,Corporate,2025-11-06
CUST-02546,Siddharth Jain,Male,40,Pune,Maharashtra,India,Consumer,2024-08-30
CUST-02547,Aryan यादव,Male,28,Delhi,Delhi,India,Consumer,2024-02-07
CUST-02548,Kriti Nair,Female,54,Hyderabad,Telangana,India,Consumer,2022-03-24
CUST-02549,Dev Kulkarni,Male,22,Coimbatore,Tamil Nadu,India,Consumer,2024-07-27
CUST-02550,Deepika Roy,Female,47,Goa,Goa,India,Consumer,2023-01-20
CUST-02551,Siddharth Jain,Male,38,Bengaluru,Karnataka,India,Consumer,2025-03-28
CUST-02552,Saanvi यादव,Female,27,Mumbai,Maharashtra,India,Consumer,2025-11-28
CUST-02553,Aman Jain,Male,32,Gurugram,Haryana,India,Small Business,2023-03-10
CUST-02554,Dev Sharma,Male,37,Gurugram,Haryana,India,Consumer,2024-05-26
CUST-02555,Aryan Agarwal,Male,42,Surat,Gujarat,India,Consumer,2023-12-13
CUST-02556,Shreya Singh,Female,40,Ahmedabad,Gujarat,India,Consumer,2025-03-05
CUST-02557,Siddharth Iyer,Male,46,Patna,Bihar,India,Consumer,2025-03-28
CUST-02558,Nisha यादव,Female,60,Patna,Bihar,India,Consumer,2022-04-29
CUST-02559,Manish Das,Male,22,Mumbai,Maharashtra,India,Consumer,2024-06-30
CUST-02560,Riya Kulkarni,Female,40,Raipur,Chhattisgarh,India,Consumer,2022-12-15
CUST-02561,Aanya Agarwal,Female,44,Delhi,Delhi,India,Consumer,2024-12-21
CUST-02562,Saanvi Verma,Female,24,Patna,Bihar,India,Small Business,2022-03-29
CUST-02563,Rohan Iyer,Male,31,Delhi,Delhi,India,Corporate,2023-02-05
CUST-02564,Meera Shah,Female,52,Mumbai,Maharashtra,India,Consumer,2022-09-03
CUST-02565,Aarav Mehta,Male,41,Jaipur,Rajasthan,India,Small Business,2022-12-28
CUST-02566,Rahul Srinivasan,Male,24,Bengaluru,Karnataka,India,Small Business,2024-11-10
CUST-02567,Manish Reddy,Male,28,Mumbai,Maharashtra,India,Consumer,2024-02-28
CUST-02568,Rishi Gupta,Other,25,Mumbai,Maharashtra,India,Consumer,2024-07-03
CUST-02569,Harsh Srinivasan,Male,54,Kolkata,West Bengal,India,Consumer,2024-05-16
CUST-02570,Pooja Patel,Female,20,Delhi,Delhi,India,Consumer,2024-09-14
CUST-02571,Neha Pandey,Female,50,Ahmedabad,Gujarat,India,Consumer,2024-01-31
CUST-02572,Aanya Verma,Female,39,Gurugram,Haryana,India,Small Business,2025-07-10
CUST-02573,Rohan Iyer,Male,45,Goa,Goa,India,Consumer,2025-03-30
CUST-02574,Harsh Kulkarni,Male,23,Pune,Maharashtra,India,Consumer,2023-10-31
CUST-02575,Kriti Iyer,Female,31,Chennai,Tamil Nadu,India,Consumer,2022-07-08
CUST-02576,Nikhil Nair,Male,29,Gurugram,Haryana,India,Consumer,2025-05-17
CUST-02577,Kunal Chatterjee,Male,27,Siliguri,West Bengal,India,Small Business,2023-11-06
CUST-02578,Aman Jain,Male,40,Coimbatore,Tamil Nadu,India,Small Business,2024-03-16
CUST-02579,Manish Srinivasan,Male,43,Pune,Maharashtra,India,Consumer,2024-06-10
CUST-02580,Anushka Agarwal,Female,25,Gurugram,Haryana,India,Small Business,2025-04-03
CUST-02581,Dev Sharma,Male,34,Patna,Bihar,India,Consumer,2023-05-23
CUST-02582,Riya Singh,Female,33,Hyderabad,Telangana,India,Consumer,2022-06-30
CUST-02583,Divya Mehta,Female,35,Pune,Maharashtra,India,Consumer,2022-05-17
CUST-02584,Siddharth Bhat,Male,48,Mumbai,Maharashtra,India,Consumer,2024-12-13
CUST-02585,Nisha Agarwal,Female,38,Hyderabad,Telangana,India,Small Business,2022-01-16
CUST-02586,Aman Nair,Male,38,Bengaluru,Karnataka,India,Consumer,2024-07-16
CUST-02587,Anushka Sharma,Female,23,Lucknow,Uttar Pradesh,India,Small Business,2022-09-15
CUST-02588,Sneha Sharma,Female,41,Mumbai,Maharashtra,India,Consumer,2024-05-07
CUST-02589,Aryan Banerjee,Male,54,Jaipur,Rajasthan,India,Consumer,2023-11-24
CUST-02590,Yash Gupta,Male,42,Gurugram,Haryana,India,Consumer,2024-01-29
CUST-02591,Isha Sharma,Female,39,Pune,Maharashtra,India,Consumer,2022-03-15
CUST-02592,Aryan यादव,Male,41,Bengaluru,Karnataka,India,Consumer,2025-02-25
CUST-02593,Aditi Shah,Female,46,Surat,Gujarat,India,Consumer,2023-11-01
CUST-02594,Kriti Patel,Female,26,Hyderabad,Telangana,India,Consumer,2022-07-09
CUST-02595,Divya Gupta,Female,31,Bengaluru,Karnataka,India,Consumer,2022-05-31
CUST-02596,Aman Agarwal,Male,31,Hyderabad,Telangana,India,Consumer,2025-03-02
CUST-02597,Saanvi Patel,Female,32,Gurugram,Haryana,India,Consumer,2025-04-20
CUST-02598,Sneha Agarwal,Female,49,Mumbai,Maharashtra,India,Consumer,2024-06-04
CUST-02599,Mohit Bhat,Male,27,Gurugram,Haryana,India,Consumer,2025-02-04
CUST-02600,Divya Iyer,Female,21,Kochi,Kerala,India,Corporate,2024-10-04
CUST-02601,Meera Agarwal,Female,29,Gurugram,Haryana,India,Consumer,2022-10-10
CUST-02602,Aarav Mishra,Male,51,Gurugram,Haryana,India,Consumer,2024-07-19
CUST-02603,Deepak यादव,Male,32,Chandigarh,Chandigarh,India,Consumer,2025-10-25
CUST-02604,Pranav Kulkarni,Male,29,Patna,Bihar,India,Consumer,2023-10-07
CUST-02605,Rahul Jain,Male,52,Surat,Gujarat,India,Consumer,2022-04-27
CUST-02606,Arjun Reddy,Male,38,Lucknow,Uttar Pradesh,India,Consumer,2022-06-07
CUST-02607,Saanvi Kapoor,Female,34,Visakhapatnam,Andhra Pradesh,India,Consumer,2022-06-14
CUST-02608,Harsh Nair,Male,19,Ranchi,Jharkhand,India,Small Business,2024-06-25
CUST-02609,Vaishnavi Kapoor,Female,26,Indore,Madhya Pradesh,India,Consumer,2023-05-11
CUST-02610,Aditi Reddy,Female,58,Bengaluru,Karnataka,India,Small Business,2023-10-15
CUST-02611,Siddharth Shah,Male,39,Surat,Gujarat,India,Consumer,2023-06-17
CUST-02612,Deepika Gupta,Female,35,Mumbai,Maharashtra,India,Corporate,2022-08-20
CUST-02613,Divya Iyer,Female,29,Mumbai,Maharashtra,India,Consumer,2025-04-12
CUST-02614,Pooja Bhat,Female,24,Jaipur,Rajasthan,India,Consumer,2023-07-09
CUST-02615,Kriti Gupta,Female,27,Coimbatore,Tamil Nadu,India,Consumer,2025-06-07
CUST-02616,Karan Bhat,Male,31,Mumbai,Maharashtra,India,Consumer,2023-05-17
CUST-02617,Riya Singh,Female,33,Bengaluru,Karnataka,India,Corporate,2023-06-17
CUST-02618,Ananya Khanna,Female,26,Chennai,Tamil Nadu,India,Consumer,2025-08-20
CUST-02619,Akash Das,Male,24,Gurugram,Haryana,India,Consumer,2025-02-24
CUST-02620,Aryan Jain,Male,30,Hyderabad,Telangana,India,Consumer,2024-09-05
CUST-02621,Rohan Das,Male,41,Surat,Gujarat,India,Consumer,2022-02-28
CUST-02622,Aditya Verma,Male,54,Pune,Maharashtra,India,Consumer,2022-05-20
CUST-02623,Mohit Singh,Male,27,Raipur,Chhattisgarh,India,Consumer,2025-05-08
CUST-02624,Dev Agarwal,Male,43,Delhi,Delhi,India,Consumer,2023-12-28
CUST-02625,Sneha Khanna,Female,32,Surat,Gujarat,India,Consumer,2022-05-14
CUST-02626,Isha Patel,Female,28,Chennai,Tamil Nadu,India,Consumer,2024-01-14
CUST-02627,Sandeep Gupta,Male,28,Mumbai,Maharashtra,India,Small Business,2025-02-12
CUST-02628,Siddharth Iyer,Male,50,Kolkata,West Bengal,India,Consumer,2023-12-12
CUST-02629,Kavya Banerjee,Female,31,Surat,Gujarat,India,Small Business,2024-05-07
CUST-02630,Karan Khanna,Male,33,Pune,Maharashtra,India,Small Business,2022-04-09
CUST-02631,Mohit Jain,Male,37,Chennai,Tamil Nadu,India,Consumer,2024-05-02
CUST-02632,Karan Khanna,Male,30,Bengaluru,Karnataka,India,Consumer,2025-03-28
CUST-02633,Meera Chatterjee,Female,47,Raipur,Chhattisgarh,India,Small Business,2023-05-05
CUST-02634,Kriti Kulkarni,Female,55,Pune,Maharashtra,India,Small Business,2024-01-09
CUST-02635,Priya Verma,Female,60,Chennai,Tamil Nadu,India,Corporate,2025-11-27
CUST-02636,Sneha Khanna,Female,40,Chandigarh,Chandigarh,India,Consumer,2025-02-19
CUST-02637,Deepak Banerjee,Male,30,Jaipur,Rajasthan,India,Consumer,2024-12-29
CUST-02638,Isha Chatterjee,Female,29,Bengaluru,Karnataka,India,Consumer,2024-08-18
CUST-02639,Aanya Chatterjee,Female,47,Ahmedabad,Gujarat,India,Consumer,2022-07-08
CUST-02640,Aditya Nair,Male,42,Patna,Bihar,India,Small Business,2024-01-22
CUST-02641,Aarav Agarwal,Male,32,Delhi,Delhi,India,Consumer,2022-12-31
CUST-02642,Mohit Verma,Male,37,Delhi,Delhi,India,Consumer,2025-01-07
CUST-02643,Shreya Iyer,Female,30,Patna,Bihar,India,Consumer,2025-11-28
CUST-02644,Nikhil Reddy,Male,25,Delhi,Delhi,India,Consumer,2022-07-25
CUST-02645,Aman Mukherjee,Male,47,Jaipur,Rajasthan,India,Consumer,2024-06-25
CUST-02646,Divya Roy,Female,33,Mumbai,Maharashtra,India,Consumer,2025-06-25
CUST-02647,Ira Srinivasan,Other,56,Kochi,Kerala,India,Small Business,2023-02-17
CUST-02648,Riya Jain,Female,51,Jaipur,Rajasthan,India,Consumer,2025-09-11
CUST-02649,Riya Pandey,Female,41,Jaipur,Rajasthan,India,Small Business,2023-06-30
CUST-02650,Siddharth Das,Male,36,Delhi,Delhi,India,Corporate,2024-04-28
CUST-02651,Neha Khanna,Female,20,Patna,Bihar,India,Consumer,2022-08-18
CUST-02652,Sandeep Mishra,Male,35,Bengaluru,Karnataka,India,Consumer,2024-05-13
CUST-02653,Isha Khanna,Female,21,Bengaluru,Karnataka,India,Consumer,2023-05-15
CUST-02654,Pooja यादव,Female,55,Goa,Goa,India,Corporate,2023-02-23
CUST-02655,Ira Pandey,Other,33,Gurugram,Haryana,India,Consumer,2023-05-23
CUST-02656,Aarav Singh,Male,28,Lucknow,Uttar Pradesh,India,Consumer,2023-01-15
CUST-02657,Nikhil Bhat,Male,36,Kolkata,West Bengal,India,Consumer,2023-10-28
CUST-02658,Deepika Khanna,Female,49,Pune,Maharashtra,India,Consumer,2023-01-07
CUST-02659,Aditya Banerjee,Male,30,Delhi,Delhi,India,Small Business,2023-10-14
CUST-02660,Anushka Patel,Female,41,Coimbatore,Tamil Nadu,India,Small Business,2025-12-17
CUST-02661,Meera Patel,Female,56,Mumbai,Maharashtra,India,Consumer,2023-04-03
CUST-02662,Tanvi Iyer,Female,63,Delhi,Delhi,India,Small Business,2025-09-25
CUST-02663,Pranav Mehta,Male,32,Mumbai,Maharashtra,India,Consumer,2024-03-18
CUST-02664,Arjun Iyer,Male,54,Gurugram,Haryana,India,Small Business,2024-07-27
CUST-02665,Pranav Khanna,Male,40,Lucknow,Uttar Pradesh,India,Consumer,2022-07-18
CUST-02666,Saanvi Agarwal,Female,30,Gurugram,Haryana,India,Consumer,2024-12-09
CUST-02667,Priya Srinivasan,Female,23,Ranchi,Jharkhand,India,Small Business,2025-11-23
CUST-02668,Anjali Agarwal,Female,32,Bhubaneswar,Odisha,India,Consumer,2024-06-21
CUST-02669,Harsh Pandey,Male,44,Delhi,Delhi,India,Consumer,2023-12-22
CUST-02670,Divya Das,Female,39,Jaipur,Rajasthan,India,Consumer,2023-08-01
CUST-02671,Yash Reddy,Male,24,Bengaluru,Karnataka,India,Small Business,2022-09-07
CUST-02672,Shreya Bhat,Female,26,Chandigarh,Chandigarh,India,Consumer,2023-08-25
CUST-02673,Tanvi Sharma,Female,52,Chennai,Tamil Nadu,India,Consumer,2022-10-10
CUST-02674,Anjali Mehta,Female,37,Chennai,Tamil Nadu,India,Consumer,2024-05-21
CUST-02675,Sneha Kulkarni,Female,25,Pune,Maharashtra,India,Small Business,2022-06-06
CUST-02676,Priya Kapoor,Female,55,Pune,Maharashtra,India,Small Business,2022-02-17
CUST-02677,Karan Kulkarni,Male,50,Delhi,Delhi,India,Consumer,2023-03-23
CUST-02678,Karan Bhat,Male,27,Ranchi,Jharkhand,India,Corporate,2023-12-29
CUST-02679,Pooja Agarwal,Female,49,Chandigarh,Chandigarh,India,Consumer,2022-12-20
CUST-02680,Riya Mishra,Female,45,Mumbai,Maharashtra,India,Small Business,2022-11-11
CUST-02681,Pooja Das,Female,49,Kolkata,West Bengal,India,Consumer,2024-12-12
CUST-02682,Priya Patel,Female,53,Pune,Maharashtra,India,Consumer,2024-11-10
CUST-02683,Nikhil Nair,Male,43,Ahmedabad,Gujarat,India,Consumer,2025-05-28
CUST-02684,Arjun Mishra,Male,44,Bengaluru,Karnataka,India,Consumer,2022-07-27
CUST-02685,Pranav Mehta,Male,30,Mumbai,Maharashtra,India,Consumer,2023-01-21
CUST-02686,Anushka यादव,Female,32,Visakhapatnam,Andhra Pradesh,India,Consumer,2025-07-30
CUST-02687,Aarav Srinivasan,Male,25,Delhi,Delhi,India,Small Business,2022-11-24
CUST-02688,Tanvi Iyer,Female,40,Ahmedabad,Gujarat,India,Consumer,2025-12-10
CUST-02689,Akash Banerjee,Male,41,Surat,Gujarat,India,Consumer,2023-09-26
CUST-02690,Akash Bhat,Male,26,Chennai,Tamil Nadu,India,Consumer,2022-05-24
CUST-02691,Deepika Pandey,Female,37,Coimbatore,Tamil Nadu,India,Consumer,2022-09-06
CUST-02692,Deepika Singh,Female,37,Coimbatore,Tamil Nadu,India,Consumer,2022-06-24
CUST-02693,Tanvi Patel,Female,39,Delhi,Delhi,India,Consumer,2025-02-01
CUST-02694,Deepak Gupta,Male,29,Goa,Goa,India,Consumer,2023-07-27
CUST-02695,Harsh यादव,Male,20,Bengaluru,Karnataka,India,Consumer,2023-09-17
CUST-02696,Ira Pandey,Other,38,Ahmedabad,Gujarat,India,Consumer,2025-03-14
CUST-02697,Isha Chatterjee,Female,25,Delhi,Delhi,India,Small Business,2022-12-16
CUST-02698,Pranav Jain,Male,47,Pune,Maharashtra,India,Consumer,2022-12-27
CUST-02699,Deepika Das,Female,41,Bengaluru,Karnataka,India,Consumer,2022-09-09
CUST-02700,Priya Kulkarni,Female,37,Delhi,Delhi,India,Consumer,2025-09-02
CUST-02701,Kavya यादव,Female,44,Delhi,Delhi,India,Consumer,2023-05-01
CUST-02702,Vaishnavi Patel,Female,31,Delhi,Delhi,India,Consumer,2023-03-19
CUST-02703,Tanvi Verma,Female,30,Bhubaneswar,Odisha,India,Small Business,2023-10-20
CUST-02704,Vaishnavi Singh,Female,42,Chennai,Tamil Nadu,India,Consumer,2022-06-16
CUST-02705,Karan Shah,Male,31,Pune,Maharashtra,India,Consumer,2023-09-14
CUST-02706,Pranav Shah,Male,56,Goa,Goa,India,Small Business,2025-05-29
CUST-02707,Kavya Shah,Female,36,Kolkata,West Bengal,India,Corporate,2023-11-08
CUST-02708,Aarav Iyer,Male,45,Ahmedabad,Gujarat,India,Consumer,2025-05-25
CUST-02709,Mohit Nair,Male,51,Lucknow,Uttar Pradesh,India,Consumer,2024-12-02
CUST-02710,Mohit Pandey,Male,63,Gurugram,Haryana,India,Small Business,2025-09-04
CUST-02711,Vivek Khanna,Male,53,Kolkata,West Bengal,India,Consumer,2025-02-27
CUST-02712,Kavya Reddy,Female,49,Siliguri,West Bengal,India,Consumer,2022-09-21
CUST-02713,Mohit Kulkarni,Male,57,Coimbatore,Tamil Nadu,India,Consumer,2022-11-05
CUST-02714,Riya Iyer,Female,46,Mumbai,Maharashtra,India,Small Business,2023-03-15
CUST-02715,Karan Kapoor,Male,34,Kolkata,West Bengal,India,Consumer,2025-03-12
CUST-02716,Karan Iyer,Male,38,Indore,Madhya Pradesh,India,Consumer,2023-11-18
CUST-02717,Anjali Mehta,Female,63,Visakhapatnam,Andhra Pradesh,India,Corporate,2025-12-20
CUST-02718,Tanvi Chatterjee,Female,44,Raipur,Chhattisgarh,India,Corporate,2025-03-24
CUST-02719,Harsh Reddy,Male,50,Chennai,Tamil Nadu,India,Consumer,2024-11-13
CUST-02720,Vivek Singh,Male,25,Chandigarh,Chandigarh,India,Corporate,2024-07-29
CUST-02721,Pooja Srinivasan,Female,29,Jaipur,Rajasthan,India,Consumer,2025-06-02
CUST-02722,Kavya Mukherjee,Female,43,Hyderabad,Telangana,India,Consumer,2025-05-22
CUST-02723,Sandeep Chatterjee,Male,27,Bengaluru,Karnataka,India,Consumer,2022-11-12
CUST-02724,Sneha Khanna,Female,22,Delhi,Delhi,India,Consumer,2024-05-08
CUST-02725,Aarav Bhat,Male,30,Bengaluru,Karnataka,India,Consumer,2024-01-31
CUST-02726,Aman Patel,Male,34,Chennai,Tamil Nadu,India,Consumer,2023-07-29
CUST-02727,Aryan Srinivasan,Male,53,Kolkata,West Bengal,India,Consumer,2025-08-07
CUST-02728,Riya यादव,Female,31,Chennai,Tamil Nadu,India,Consumer,2023-06-15
CUST-02729,Priya Singh,Female,52,Raipur,Chhattisgarh,India,Corporate,2024-11-12
CUST-02730,Nisha Kapoor,Female,44,Bengaluru,Karnataka,India,Consumer,2023-06-07
CUST-02731,Aditi Reddy,Female,27,Kolkata,West Bengal,India,Small Business,2023-09-21
CUST-02732,Isha Roy,Female,23,Gurugram,Haryana,India,Small Business,2023-11-13
CUST-02733,Yash Gupta,Male,47,Hyderabad,Telangana,India,Consumer,2022-06-19
CUST-02734,Anushka Banerjee,Female,53,Raipur,Chhattisgarh,India,Consumer,2023-07-20
CUST-02735,Rahul Reddy,Male,37,Goa,Goa,India,Small Business,2023-09-04
CUST-02736,Rahul Verma,Male,52,Goa,Goa,India,Consumer,2024-07-04
CUST-02737,Manish Patel,Male,52,Bengaluru,Karnataka,India,Consumer,2024-09-23
CUST-02738,Akash Banerjee,Male,43,Hyderabad,Telangana,India,Consumer,2022-06-24
CUST-02739,Vivek Pandey,Male,34,Bhubaneswar,Odisha,India,Consumer,2023-10-13
CUST-02740,Akash Roy,Male,25,Coimbatore,Tamil Nadu,India,Consumer,2022-07-10
CUST-02741,Nikhil यादव,Male,27,Hyderabad,Telangana,India,Consumer,2025-02-03
CUST-02742,Harsh Roy,Male,26,Bengaluru,Karnataka,India,Consumer,2025-07-12
CUST-02743,Priya Pandey,Female,32,Coimbatore,Tamil Nadu,India,Consumer,2022-12-03
CUST-02744,Aman Das,Male,41,Mumbai,Maharashtra,India,Corporate,2024-07-27
CUST-02745,Arjun Bhat,Male,47,Bengaluru,Karnataka,India,Consumer,2022-02-18
CUST-02746,Arjun Mukherjee,Male,48,Delhi,Delhi,India,Consumer,2024-07-06
CUST-02747,Pranav Agarwal,Male,53,Kochi,Kerala,India,Consumer,2023-04-12
CUST-02748,Aryan Shah,Male,36,Bengaluru,Karnataka,India,Consumer,2024-07-16
CUST-02749,Riya Das,Female,58,Delhi,Delhi,India,Consumer,2025-09-18
CUST-02750,Ankit Mukherjee,Male,41,Bhubaneswar,Odisha,India,Consumer,2022-07-09
CUST-02751,Mohit Pandey,Male,57,Surat,Gujarat,India,Consumer,2024-07-19
CUST-02752,Aryan Banerjee,Male,49,Bengaluru,Karnataka,India,Consumer,2025-05-07
CUST-02753,Shiv Kapoor,Other,35,Mumbai,Maharashtra,India,Small Business,2022-07-31
CUST-02754,Karan Das,Male,37,Indore,Madhya Pradesh,India,Small Business,2023-07-16
CUST-02755,Deepak Mukherjee,Male,50,Ahmedabad,Gujarat,India,Consumer,2023-09-15
CUST-02756,Siddharth Chatterjee,Male,53,Ahmedabad,Gujarat,India,Consumer,2025-06-05
CUST-02757,Sandeep Srinivasan,Male,34,Delhi,Delhi,India,Corporate,2024-11-21
CUST-02758,Nisha Sharma,Female,26,Pune,Maharashtra,India,Consumer,2022-03-09
CUST-02759,Arjun Kapoor,Male,33,Ahmedabad,Gujarat,India,Consumer,2025-09-16
CUST-02760,Saanvi Bhat,Female,57,Mumbai,Maharashtra,India,Small Business,2023-04-18
CUST-02761,Yash Roy,Male,47,Ahmedabad,Gujarat,India,Consumer,2025-09-11
CUST-02762,Vaishnavi Shah,Female,31,Mumbai,Maharashtra,India,Consumer,2023-09-18
CUST-02763,Kunal Bhat,Male,38,Bhubaneswar,Odisha,India,Consumer,2023-11-29
CUST-02764,Divya Iyer,Female,21,Bengaluru,Karnataka,India,Consumer,2023-11-14
CUST-02765,Manish Mehta,Male,36,Kochi,Kerala,India,Consumer,2023-02-07
CUST-02766,Anjali Gupta,Female,24,Raipur,Chhattisgarh,India,Consumer,2024-07-07
CUST-02767,Isha Bhat,Female,28,Lucknow,Uttar Pradesh,India,Consumer,2024-04-13
CUST-02768,Samarth Singh,Other,42,Pune,Maharashtra,India,Consumer,2023-04-14
CUST-02769,Vivek Pandey,Male,31,Kolkata,West Bengal,India,Consumer,2025-11-30
CUST-02770,Deepak Mukherjee,Male,26,Coimbatore,Tamil Nadu,India,Consumer,2023-06-30
CUST-02771,Sandeep Patel,Male,34,Bengaluru,Karnataka,India,Consumer,2023-02-11
CUST-02772,Aditya Singh,Male,37,Kolkata,West Bengal,India,Consumer,2023-04-25
CUST-02773,Shreya Iyer,Female,32,Kolkata,West Bengal,India,Small Business,2025-10-09
CUST-02774,Rohan Roy,Male,34,Chennai,Tamil Nadu,India,Consumer,2022-06-01
CUST-02775,Harsh Patel,Male,45,Gurugram,Haryana,India,Consumer,2022-11-03
CUST-02776,Nikhil Bhat,Male,44,Surat,Gujarat,India,Consumer,2024-03-11
CUST-02777,Shreya Verma,Female,50,Jaipur,Rajasthan,India,Consumer,2024-03-28
CUST-02778,Pranav Mehta,Male,24,Surat,Gujarat,India,Consumer,2022-05-08
CUST-02779,Sneha Iyer,Female,36,Kochi,Kerala,India,Consumer,2022-06-01
CUST-02780,Isha Reddy,Female,50,Mumbai,Maharashtra,India,Consumer,2025-06-04
CUST-02781,Aarav Verma,Male,27,Bhubaneswar,Odisha,India,Small Business,2024-08-09
CUST-02782,Akash Khanna,Male,24,Pune,Maharashtra,India,Consumer,2024-01-26
CUST-02783,Aditya Mukherjee,Male,30,Ahmedabad,Gujarat,India,Consumer,2025-08-30
CUST-02784,Mohit Bhat,Male,41,Bengaluru,Karnataka,India,Consumer,2023-01-31
CUST-02785,Ananya Chatterjee,Female,46,Pune,Maharashtra,India,Consumer,2025-06-29
CUST-02786,Deepak Roy,Male,39,Delhi,Delhi,India,Small Business,2022-06-11
CUST-02787,Manish Reddy,Male,57,Indore,Madhya Pradesh,India,Consumer,2023-05-05
CUST-02788,Akash Iyer,Male,34,Jaipur,Rajasthan,India,Consumer,2023-10-11
CUST-02789,Mohit Roy,Male,46,Bengaluru,Karnataka,India,Consumer,2025-06-14
CUST-02790,Siddharth Khanna,Male,27,Kolkata,West Bengal,India,Consumer,2023-10-26
CUST-02791,Isha Bhat,Female,26,Jaipur,Rajasthan,India,Consumer,2024-07-25
CUST-02792,Rohan Sharma,Male,32,Siliguri,West Bengal,India,Consumer,2022-09-29
CUST-02793,Neha Banerjee,Female,45,Chandigarh,Chandigarh,India,Consumer,2024-12-20
CUST-02794,Yash Srinivasan,Male,25,Hyderabad,Telangana,India,Consumer,2022-09-22
CUST-02795,Deepika Bhat,Female,40,Mumbai,Maharashtra,India,Consumer,2023-02-24
CUST-02796,Rohan Banerjee,Male,38,Patna,Bihar,India,Small Business,2024-06-29
CUST-02797,Saanvi Mukherjee,Female,27,Delhi,Delhi,India,Small Business,2024-12-30
CUST-02798,Vaishnavi Nair,Female,54,Hyderabad,Telangana,India,Consumer,2024-07-29
CUST-02799,Arjun Mukherjee,Male,31,Hyderabad,Telangana,India,Consumer,2025-09-27
CUST-02800,Nisha Agarwal,Female,34,Pune,Maharashtra,India,Corporate,2025-03-24
CUST-02801,Pooja Khanna,Female,57,Delhi,Delhi,India,Consumer,2023-12-06
CUST-02802,Aryan यादव,Male,47,Bhubaneswar,Odisha,India,Consumer,2025-03-02
CUST-02803,Aryan Patel,Male,22,Jaipur,Rajasthan,India,Consumer,2022-08-16
CUST-02804,Tanvi Pandey,Female,40,Jaipur,Rajasthan,India,Consumer,2023-03-03
CUST-02805,Nisha Mukherjee,Female,34,Ahmedabad,Gujarat,India,Consumer,2024-10-05
CUST-02806,Aanya Patel,Female,35,Surat,Gujarat,India,Consumer,2022-09-18
CUST-02807,Pranav Mukherjee,Male,57,Ahmedabad,Gujarat,India,Small Business,2023-11-30
CUST-02808,Harsh Singh,Male,39,Bengaluru,Karnataka,India,Consumer,2023-08-01
CUST-02809,Divya Patel,Female,29,Surat,Gujarat,India,Consumer,2022-01-13
CUST-02810,Aryan Srinivasan,Male,61,Chandigarh,Chandigarh,India,Consumer,2023-11-13
CUST-02811,Aarav Mukherjee,Male,35,Jaipur,Rajasthan,India,Consumer,2025-09-17
CUST-02812,Vivek Reddy,Male,37,Ranchi,Jharkhand,India,Consumer,2023-12-07
CUST-02813,Sandeep Iyer,Male,34,Delhi,Delhi,India,Consumer,2025-08-21
CUST-02814,Ankit Agarwal,Male,39,Indore,Madhya Pradesh,India,Consumer,2025-09-07
CUST-02815,Deepika Mishra,Female,33,Kochi,Kerala,India,Consumer,2024-06-29
CUST-02816,Vivek Reddy,Male,22,Delhi,Delhi,India,Consumer,2025-04-06
CUST-02817,Rishi Mehta,Other,32,Chandigarh,Chandigarh,India,Consumer,2024-01-08
CUST-02818,Vaishnavi Kapoor,Female,51,Chennai,Tamil Nadu,India,Consumer,2025-11-15
CUST-02819,Tanvi यादव,Female,31,Lucknow,Uttar Pradesh,India,Corporate,2022-06-06
CUST-02820,Rahul Singh,Male,50,Jaipur,Rajasthan,India,Consumer,2023-02-12
CUST-02821,Aman Pandey,Male,55,Bengaluru,Karnataka,India,Consumer,2023-07-05
CUST-02822,Rahul Mukherjee,Male,30,Chennai,Tamil Nadu,India,Small Business,2024-10-15
CUST-02823,Vaishnavi Nair,Female,47,Hyderabad,Telangana,India,Consumer,2025-11-25
CUST-02824,Nisha Sharma,Female,37,Guwahati,Assam,India,Consumer,2023-04-19
CUST-02825,Nikhil Jain,Male,22,Lucknow,Uttar Pradesh,India,Corporate,2022-03-25
CUST-02826,Deepak Nair,Male,46,Kolkata,West Bengal,India,Small Business,2022-10-30
CUST-02827,Kavya Gupta,Female,45,Chandigarh,Chandigarh,India,Consumer,2022-10-27
CUST-02828,Saanvi Mishra,Female,46,Lucknow,Uttar Pradesh,India,Consumer,2023-06-21
CUST-02829,Anjali Singh,Female,50,Bengaluru,Karnataka,India,Consumer,2025-01-10
CUST-02830,Rohan Das,Male,41,Raipur,Chhattisgarh,India,Consumer,2025-11-07
CUST-02831,Neha Iyer,Female,33,Gurugram,Haryana,India,Small Business,2022-09-28
CUST-02832,Divya Patel,Female,54,Bengaluru,Karnataka,India,Consumer,2025-06-21
CUST-02833,Rohan यादव,Male,37,Coimbatore,Tamil Nadu,India,Consumer,2025-05-06
CUST-02834,Vikas Banerjee,Male,47,Delhi,Delhi,India,Consumer,2025-12-02
CUST-02835,Divya Nair,Female,29,Chennai,Tamil Nadu,India,Consumer,2023-01-16
CUST-02836,Dev यादव,Male,25,Gurugram,Haryana,India,Consumer,2025-05-18
CUST-02837,Siddharth Mishra,Male,31,Mumbai,Maharashtra,India,Consumer,2025-01-13
CUST-02838,Aman Banerjee,Male,47,Visakhapatnam,Andhra Pradesh,India,Corporate,2025-03-28
CUST-02839,Ankit Verma,Male,48,Delhi,Delhi,India,Corporate,2023-12-28
CUST-02840,Tanvi Gupta,Female,39,Bengaluru,Karnataka,India,Corporate,2022-03-17
CUST-02841,Priya Mishra,Female,56,Siliguri,West Bengal,India,Small Business,2024-10-08
CUST-02842,Aryan यादव,Male,29,Bengaluru,Karnataka,India,Corporate,2022-11-14
CUST-02843,Divya Bhat,Female,34,Patna,Bihar,India,Consumer,2023-02-21
CUST-02844,Pooja Mishra,Female,28,Pune,Maharashtra,India,Consumer,2025-07-09
CUST-02845,Mohit Khanna,Male,34,Ahmedabad,Gujarat,India,Consumer,2025-10-28
CUST-02846,Vikas Singh,Male,47,Patna,Bihar,India,Small Business,2022-06-22
CUST-02847,Riya Banerjee,Female,40,Chennai,Tamil Nadu,India,Consumer,2023-11-29
CUST-02848,Harsh Sharma,Male,34,Mumbai,Maharashtra,India,Consumer,2023-12-15
CUST-02849,Yash Banerjee,Male,43,Kolkata,West Bengal,India,Consumer,2023-07-29
CUST-02850,Aditya Banerjee,Male,39,Chandigarh,Chandigarh,India,Consumer,2023-08-20
CUST-02851,Anushka यादव,Female,33,Kolkata,West Bengal,India,Consumer,2022-06-09
CUST-02852,Shreya Bhat,Female,48,Mumbai,Maharashtra,India,Consumer,2023-06-04
CUST-02853,Aanya Shah,Female,48,Surat,Gujarat,India,Consumer,2024-02-01
CUST-02854,Sandeep Jain,Male,38,Pune,Maharashtra,India,Consumer,2024-08-03
CUST-02855,Dev यादव,Male,58,Gurugram,Haryana,India,Consumer,2024-05-29
CUST-02856,Pranav Khanna,Male,51,Hyderabad,Telangana,India,Consumer,2023-03-07
CUST-02857,Kunal Kapoor,Male,45,Hyderabad,Telangana,India,Small Business,2024-11-27
CUST-02858,Pranav Kapoor,Male,48,Coimbatore,Tamil Nadu,India,Consumer,2025-09-20
CUST-02859,Kavya Patel,Female,33,Mumbai,Maharashtra,India,Consumer,2023-04-27
CUST-02860,Pranav Singh,Male,33,Pune,Maharashtra,India,Consumer,2024-04-16
CUST-02861,Aanya Jain,Female,40,Raipur,Chhattisgarh,India,Small Business,2023-07-17
CUST-02862,Vaishnavi Patel,Female,60,Pune,Maharashtra,India,Consumer,2022-04-02
CUST-02863,Shiv यादव,Other,24,Chandigarh,Chandigarh,India,Consumer,2024-03-20
CUST-02864,Ananya Das,Female,33,Chandigarh,Chandigarh,India,Consumer,2022-10-28
CUST-02865,Manish Iyer,Male,35,Patna,Bihar,India,Consumer,2024-01-17
CUST-02866,Aditi Nair,Female,31,Coimbatore,Tamil Nadu,India,Consumer,2022-04-15
CUST-02867,Deepika Mehta,Female,58,Raipur,Chhattisgarh,India,Consumer,2025-08-17
CUST-02868,Shreya यादव,Female,23,Delhi,Delhi,India,Consumer,2022-10-17
CUST-02869,Kriti Iyer,Female,35,Bengaluru,Karnataka,India,Consumer,2023-01-28
CUST-02870,Deepika Kapoor,Female,20,Gurugram,Haryana,India,Consumer,2023-05-28
CUST-02871,Ira Sharma,Other,46,Delhi,Delhi,India,Consumer,2023-11-12
CUST-02872,Aarav Gupta,Male,34,Srinagar,Jammu and Kashmir,India,Consumer,2022-01-20
CUST-02873,Meera Das,Female,32,Delhi,Delhi,India,Consumer,2023-12-21
CUST-02874,Isha Das,Female,28,Goa,Goa,India,Consumer,2025-07-16
CUST-02875,Priya Roy,Female,33,Surat,Gujarat,India,Consumer,2022-05-10
CUST-02876,Kriti Khanna,Female,36,Kochi,Kerala,India,Small Business,2024-09-15
CUST-02877,Divya Verma,Female,45,Mumbai,Maharashtra,India,Consumer,2022-10-07
CUST-02878,Deepak Srinivasan,Male,29,Hyderabad,Telangana,India,Consumer,2025-07-22
CUST-02879,Riya Mehta,Female,25,Chennai,Tamil Nadu,India,Corporate,2024-06-17
CUST-02880,Shreya Kapoor,Female,56,Jaipur,Rajasthan,India,Corporate,2024-03-14
CUST-02881,Deepika Bhat,Female,58,Pune,Maharashtra,India,Corporate,2023-11-21
CUST-02882,Karan Kapoor,Male,24,Kolkata,West Bengal,India,Consumer,2022-06-19
CUST-02883,Anjali Khanna,Female,51,Ahmedabad,Gujarat,India,Small Business,2023-08-31
CUST-02884,Mohit Khanna,Male,42,Delhi,Delhi,India,Corporate,2023-07-11
CUST-02885,Kriti Agarwal,Female,38,Pune,Maharashtra,India,Small Business,2024-08-09
CUST-02886,Deepak Jain,Male,50,Bengaluru,Karnataka,India,Consumer,2024-03-25
CUST-02887,Tanvi Mishra,Female,34,Ahmedabad,Gujarat,India,Consumer,2024-10-24
CUST-02888,Anjali Mishra,Female,48,Coimbatore,Tamil Nadu,India,Consumer,2024-07-17
CUST-02889,Akash Patel,Male,24,Surat,Gujarat,India,Consumer,2023-11-20
CUST-02890,Vikas Banerjee,Male,31,Bhubaneswar,Odisha,India,Consumer,2025-04-02
CUST-02891,Aman Das,Male,30,Pune,Maharashtra,India,Small Business,2025-02-02
CUST-02892,Pooja Nair,Female,53,Pune,Maharashtra,India,Small Business,2024-10-23
CUST-02893,Saanvi Mukherjee,Female,41,Raipur,Chhattisgarh,India,Consumer,2025-11-19
CUST-02894,Manish Pandey,Male,50,Hyderabad,Telangana,India,Consumer,2023-10-26
CUST-02895,Pooja Verma,Female,47,Mumbai,Maharashtra,India,Small Business,2023-07-14
CUST-02896,Kunal Patel,Male,57,Delhi,Delhi,India,Consumer,2022-12-18
CUST-02897,Vikas Shah,Male,55,Mumbai,Maharashtra,India,Corporate,2024-10-02
CUST-02898,Kriti Srinivasan,Female,28,Lucknow,Uttar Pradesh,India,Corporate,2025-06-14
CUST-02899,Deepika Agarwal,Female,29,Mumbai,Maharashtra,India,Corporate,2022-01-28
CUST-02900,Aanya Srinivasan,Female,54,Raipur,Chhattisgarh,India,Consumer,2022-03-31
CUST-02901,Tanvi Pandey,Female,49,Visakhapatnam,Andhra Pradesh,India,Consumer,2024-11-06
CUST-02902,Pranav Mukherjee,Male,47,Srinagar,Jammu and Kashmir,India,Consumer,2025-10-04
CUST-02903,Akash Gupta,Male,38,Mumbai,Maharashtra,India,Consumer,2022-11-28
CUST-02904,Yash Bhat,Male,56,Gurugram,Haryana,India,Consumer,2024-01-18
CUST-02905,Aman Roy,Male,44,Bengaluru,Karnataka,India,Small Business,2025-05-26
CUST-02906,Nikhil Jain,Male,28,Mumbai,Maharashtra,India,Consumer,2025-11-27
CUST-02907,Isha Agarwal,Female,41,Bengaluru,Karnataka,India,Consumer,2024-08-01
CUST-02908,Isha Mishra,Female,35,Delhi,Delhi,India,Corporate,2023-12-23
CUST-02909,Aanya Banerjee,Female,36,Raipur,Chhattisgarh,India,Corporate,2023-07-01
CUST-02910,Kriti Agarwal,Female,47,Visakhapatnam,Andhra Pradesh,India,Consumer,2023-04-14
CUST-02911,Vivek Mukherjee,Male,54,Bhubaneswar,Odisha,India,Consumer,2025-05-10
CUST-02912,Kriti Shah,Female,38,Delhi,Delhi,India,Small Business,2024-04-24
CUST-02913,Aryan Bhat,Male,24,Bengaluru,Karnataka,India,Consumer,2024-09-23
CUST-02914,Meera Agarwal,Female,29,Bhubaneswar,Odisha,India,Consumer,2023-05-27
CUST-02915,Pranav Khanna,Male,52,Pune,Maharashtra,India,Corporate,2024-06-24
CUST-02916,Pranav Iyer,Male,47,Kochi,Kerala,India,Corporate,2022-03-04
CUST-02917,Riya Iyer,Female,29,Delhi,Delhi,India,Small Business,2024-02-28
CUST-02918,Riya यादव,Female,48,Ahmedabad,Gujarat,India,Consumer,2024-07-20
CUST-02919,Aditya Kapoor,Male,21,Bengaluru,Karnataka,India,Corporate,2024-01-08
CUST-02920,Nisha Srinivasan,Female,26,Bengaluru,Karnataka,India,Consumer,2023-10-22
CUST-02921,Nisha यादव,Female,45,Surat,Gujarat,India,Consumer,2024-03-13
CUST-02922,Arjun Kapoor,Male,25,Chandigarh,Chandigarh,India,Consumer,2024-06-17
CUST-02923,Kunal Verma,Male,40,Mumbai,Maharashtra,India,Consumer,2024-06-05
CUST-02924,Kunal Sharma,Male,27,Delhi,Delhi,India,Corporate,2022-05-12
CUST-02925,Arjun Kulkarni,Male,35,Gurugram,Haryana,India,Consumer,2024-04-07
CUST-02926,Pranav Jain,Male,26,Visakhapatnam,Andhra Pradesh,India,Consumer,2023-10-30
CUST-02927,Vivek Singh,Male,28,Siliguri,West Bengal,India,Consumer,2024-03-31
CUST-02928,Arjun Chatterjee,Male,40,Delhi,Delhi,India,Consumer,2023-05-24
CUST-02929,Kavya Kulkarni,Female,54,Kochi,Kerala,India,Consumer,2023-10-20
CUST-02930,Vikas Nair,Male,21,Lucknow,Uttar Pradesh,India,Consumer,2025-06-29
CUST-02931,Isha Gupta,Female,30,Patna,Bihar,India,Consumer,2022-08-05
CUST-02932,Manish Singh,Male,29,Kochi,Kerala,India,Small Business,2023-07-22
CUST-02933,Mohit Jain,Male,38,Jaipur,Rajasthan,India,Consumer,2024-08-25
CUST-02934,Kriti Sharma,Female,55,Jaipur,Rajasthan,India,Small Business,2024-10-27
CUST-02935,Aarav Jain,Male,48,Mumbai,Maharashtra,India,Consumer,2022-01-05
CUST-02936,Karan Verma,Male,57,Hyderabad,Telangana,India,Consumer,2023-07-19
CUST-02937,Rahul Verma,Male,47,Bengaluru,Karnataka,India,Consumer,2024-06-09
CUST-02938,Kunal Nair,Male,33,Mumbai,Maharashtra,India,Small Business,2024-05-17
CUST-02939,Priya Mukherjee,Female,32,Jaipur,Rajasthan,India,Consumer,2022-01-16
CUST-02940,Dev Kapoor,Male,37,Jaipur,Rajasthan,India,Corporate,2023-05-21
CUST-02941,Anjali Pandey,Female,53,Pune,Maharashtra,India,Consumer,2022-05-17
CUST-02942,Deepika Mehta,Female,36,Kochi,Kerala,India,Consumer,2022-06-10
CUST-02943,Divya Kulkarni,Female,52,Ahmedabad,Gujarat,India,Consumer,2024-04-05
CUST-02944,Deepika Iyer,Female,60,Delhi,Delhi,India,Consumer,2023-05-18
CUST-02945,Rahul Verma,Male,34,Surat,Gujarat,India,Consumer,2022-03-09
CUST-02946,Kavya Kulkarni,Female,42,Delhi,Delhi,India,Small Business,2022-05-19
CUST-02947,Anushka Verma,Female,25,Delhi,Delhi,India,Consumer,2022-10-10
CUST-02948,Pooja Mishra,Female,34,Lucknow,Uttar Pradesh,India,Consumer,2025-07-19
CUST-02949,Rohan Kulkarni,Male,42,Kochi,Kerala,India,Consumer,2022-09-08
CUST-02950,Sandeep Agarwal,Male,58,Jaipur,Rajasthan,India,Consumer,2022-04-24
CUST-02951,Sneha Gupta,Female,28,Delhi,Delhi,India,Consumer,2024-02-02
CUST-02952,Akash Agarwal,Male,32,Kolkata,West Bengal,India,Consumer,2022-02-20
CUST-02953,Ankit Shah,Male,37,Mumbai,Maharashtra,India,Consumer,2023-06-07
CUST-02954,Anjali Nair,Female,50,Chandigarh,Chandigarh,India,Consumer,2025-11-16
CUST-02955,Anjali Iyer,Female,47,Mumbai,Maharashtra,India,Consumer,2022-06-21
CUST-02956,Aman Roy,Male,39,Hyderabad,Telangana,India,Consumer,2024-08-27
CUST-02957,Aditi Singh,Female,38,Bengaluru,Karnataka,India,Consumer,2025-03-19
CUST-02958,Neha Kulkarni,Female,24,Bengaluru,Karnataka,India,Small Business,2025-01-04
CUST-02959,Tanvi Das,Female,24,Mumbai,Maharashtra,India,Consumer,2022-07-10
CUST-02960,Rohan Banerjee,Male,35,Lucknow,Uttar Pradesh,India,Consumer,2022-11-22
CUST-02961,Aditya Khanna,Male,34,Chandigarh,Chandigarh,India,Small Business,2022-12-31
CUST-02962,Manish Gupta,Male,59,Kolkata,West Bengal,India,Consumer,2022-12-31
CUST-02963,Aditi Banerjee,Female,30,Kolkata,West Bengal,India,Consumer,2024-08-10
CUST-02964,Dev Iyer,Male,19,Bengaluru,Karnataka,India,Consumer,2023-02-22
CUST-02965,Vivek Reddy,Male,40,Patna,Bihar,India,Consumer,2024-09-17
CUST-02966,Isha Singh,Female,34,Kochi,Kerala,India,Consumer,2024-04-08
CUST-02967,Pooja Mukherjee,Female,29,Hyderabad,Telangana,India,Consumer,2023-04-24
CUST-02968,Rohan Khanna,Male,30,Pune,Maharashtra,India,Consumer,2024-12-23
CUST-02969,Tanvi Das,Female,34,Kolkata,West Bengal,India,Consumer,2025-09-22
CUST-02970,Ankit Reddy,Male,30,Kolkata,West Bengal,India,Consumer,2023-03-10
CUST-02971,Kavya Singh,Female,26,Bhubaneswar,Odisha,India,Consumer,2025-04-19
CUST-02972,Riya यादव,Female,42,Siliguri,West Bengal,India,Consumer,2025-10-05
CUST-02973,Karan Mehta,Male,44,Hyderabad,Telangana,India,Consumer,2023-11-06
CUST-02974,Meera Mehta,Female,39,Bengaluru,Karnataka,India,Small Business,2023-12-01
CUST-02975,Deepika Pandey,Female,55,Bengaluru,Karnataka,India,Consumer,2023-10-10
CUST-02976,Nisha Pandey,Female,25,Hyderabad,Telangana,India,Consumer,2024-07-01
CUST-02977,Kriti Verma,Female,43,Lucknow,Uttar Pradesh,India,Small Business,2022-09-18
CUST-02978,Aanya Khanna,Female,39,Ahmedabad,Gujarat,India,Small Business,2022-12-23
CUST-02979,Riya Banerjee,Female,38,Hyderabad,Telangana,India,Consumer,2025-08-14
CUST-02980,Shreya Nair,Female,49,Bengaluru,Karnataka,India,Small Business,2024-03-18
CUST-02981,Vaishnavi Mehta,Female,29,Surat,Gujarat,India,Consumer,2023-01-04
CUST-02982,Kunal Singh,Male,30,Mumbai,Maharashtra,India,Consumer,2024-12-13
CUST-02983,Aditya Pandey,Male,38,Kolkata,West Bengal,India,Consumer,2024-09-04
CUST-02984,Karan Nair,Male,44,Kolkata,West Bengal,India,Consumer,2022-04-24
CUST-02985,Yash Mehta,Male,51,Ahmedabad,Gujarat,India,Small Business,2023-07-12
CUST-02986,Vaishnavi Jain,Female,34,Bengaluru,Karnataka,India,Consumer,2023-11-03
CUST-02987,Ananya Reddy,Female,54,Gurugram,Haryana,India,Small Business,2022-05-27
CUST-02988,Saanvi Kulkarni,Female,42,Mumbai,Maharashtra,India,Consumer,2025-06-09
CUST-02989,Riya Bhat,Female,43,Pune,Maharashtra,India,Small Business,2023-07-13
CUST-02990,Harsh Shah,Male,47,Ahmedabad,Gujarat,India,Consumer,2025-04-28
CUST-02991,Vaishnavi Singh,Female,31,Patna,Bihar,India,Small Business,2022-03-16
CUST-02992,Divya Reddy,Female,56,Bengaluru,Karnataka,India,Consumer,2025-11-01
CUST-02993,Tanvi Roy,Female,29,Bhubaneswar,Odisha,India,Consumer,2022-02-10
CUST-02994,Vaishnavi Mishra,Female,48,Bhubaneswar,Odisha,India,Consumer,2023-04-29
CUST-02995,Priya Patel,Female,53,Delhi,Delhi,India,Consumer,2023-05-17
CUST-02996,Saanvi Kapoor,Female,28,Chandigarh,Chandigarh,India,Consumer,2023-10-11
CUST-02997,Riya Sharma,Female,35,Visakhapatnam,Andhra Pradesh,India,Small Business,2024-05-26
CUST-02998,Aryan Kapoor,Male,33,Kochi,Kerala,India,Small Business,2022-07-04
CUST-02999,Divya Jain,Female,29,Delhi,Delhi,India,Consumer,2024-10-07
CUST-03000,Aman Bhat,Male,33,Patna,Bihar,India,Consumer,2025-09-24
CUST-03001,Shreya Banerjee,Female,46,Bengaluru,Karnataka,India,Consumer,2025-08-18
CUST-03002,Riya Srinivasan,Female,31,Mumbai,Maharashtra,India,Small Business,2024-11-25
CUST-03003,Divya Banerjee,Female,29,Delhi,Delhi,India,Small Business,2022-05-17
CUST-03004,Tanvi Iyer,Female,34,Chandigarh,Chandigarh,India,Consumer,2024-07-10
CUST-03005,Pranav Kapoor,Male,38,Jaipur,Rajasthan,India,Consumer,2025-10-25
CUST-03006,Saanvi Verma,Female,45,Kochi,Kerala,India,Consumer,2023-09-21
CUST-03007,Neha Gupta,Female,42,Surat,Gujarat,India,Consumer,2022-01-11
CUST-03008,Isha Singh,Female,44,Kochi,Kerala,India,Consumer,2024-04-21
CUST-03009,Aanya Kulkarni,Female,46,Delhi,Delhi,India,Consumer,2023-04-11
CUST-03010,Anushka Mukherjee,Female,51,Kolkata,West Bengal,India,Consumer,2024-03-09
CUST-03011,Isha Mukherjee,Female,41,Hyderabad,Telangana,India,Consumer,2022-11-10
CUST-03012,Riya Patel,Female,36,Ahmedabad,Gujarat,India,Consumer,2024-12-29
CUST-03013,Karan Das,Male,32,Coimbatore,Tamil Nadu,India,Consumer,2023-09-05
CUST-03014,Ananya Srinivasan,Female,31,Hyderabad,Telangana,India,Small Business,2025-05-05
CUST-03015,Harsh Iyer,Male,23,Bengaluru,Karnataka,India,Consumer,2023-07-21
CUST-03016,Rahul Banerjee,Male,39,Delhi,Delhi,India,Consumer,2025-08-16
CUST-03017,Aman Bhat,Male,36,Pune,Maharashtra,India,Corporate,2024-06-22
CUST-03018,Divya Reddy,Female,35,Delhi,Delhi,India,Consumer,2024-01-17
CUST-03019,Isha Mehta,Female,34,Gurugram,Haryana,India,Corporate,2023-06-03
CUST-03020,Aditi Banerjee,Female,38,Jaipur,Rajasthan,India,Consumer,2025-01-29
CUST-03021,Harsh Kapoor,Male,34,Bengaluru,Karnataka,India,Consumer,2022-10-10
CUST-03022,Meera Das,Female,36,Delhi,Delhi,India,Consumer,2022-02-04
CUST-03023,Rishi Verma,Other,47,Bengaluru,Karnataka,India,Small Business,2025-05-06
CUST-03024,Riya Patel,Female,31,Kolkata,West Bengal,India,Small Business,2025-01-05
CUST-03025,Karan Srinivasan,Male,47,Bengaluru,Karnataka,India,Consumer,2023-06-20
CUST-03026,Shreya Roy,Female,20,Chennai,Tamil Nadu,India,Consumer,2025-03-21
CUST-03027,Karan Kapoor,Male,51,Hyderabad,Telangana,India,Consumer,2023-12-01
CUST-03028,Divya Agarwal,Female,44,Mumbai,Maharashtra,India,Consumer,2024-12-18
CUST-03029,Devansh Reddy,Other,38,Chandigarh,Chandigarh,India,Consumer,2022-01-24
CUST-03030,Anjali Reddy,Female,37,Patna,Bihar,India,Consumer,2022-08-09
CUST-03031,Saanvi Mishra,Female,53,Ahmedabad,Gujarat,India,Consumer,2022-06-30
CUST-03032,Devansh Das,Other,26,Mumbai,Maharashtra,India,Consumer,2025-09-22
CUST-03033,Riya Shah,Female,31,Mumbai,Maharashtra,India,Consumer,2025-01-10
CUST-03034,Shreya Mehta,Female,41,Visakhapatnam,Andhra Pradesh,India,Consumer,2022-03-07
CUST-03035,Kavya Pandey,Female,28,Mumbai,Maharashtra,India,Consumer,2022-10-03
CUST-03036,Meera Chatterjee,Female,34,Delhi,Delhi,India,Consumer,2024-04-01
CUST-03037,Karan Jain,Male,27,Mumbai,Maharashtra,India,Consumer,2022-09-07
CUST-03038,Ananya Nair,Female,54,Jaipur,Rajasthan,India,Consumer,2025-02-13
CUST-03039,Neha Shah,Female,39,Bhubaneswar,Odisha,India,Consumer,2022-03-30
CUST-03040,Ananya Verma,Female,31,Pune,Maharashtra,India,Corporate,2022-01-06
CUST-03041,Deepika Chatterjee,Female,47,Bengaluru,Karnataka,India,Small Business,2023-10-08
CUST-03042,Dev Shah,Male,33,Bengaluru,Karnataka,India,Small Business,2023-12-20
CUST-03043,Anjali Jain,Female,33,Jaipur,Rajasthan,India,Consumer,2023-06-27
CUST-03044,Anjali Das,Female,42,Mumbai,Maharashtra,India,Corporate,2025-08-27
CUST-03045,Aarav Chatterjee,Male,46,Indore,Madhya Pradesh,India,Small Business,2024-03-09
CUST-03046,Divya Shah,Female,40,Kolkata,West Bengal,India,Small Business,2023-01-26
CUST-03047,Ananya Verma,Female,59,Kolkata,West Bengal,India,Small Business,2025-11-11
CUST-03048,Ankit Pandey,Male,26,Bengaluru,Karnataka,India,Consumer,2025-05-27
CUST-03049,Harsh Kapoor,Male,33,Delhi,Delhi,India,Corporate,2024-09-11
CUST-03050,Kavya Sharma,Female,45,Bengaluru,Karnataka,India,Consumer,2024-01-22
CUST-03051,Rohan यादव,Male,33,Chennai,Tamil Nadu,India,Consumer,2023-10-20
CUST-03052,Kriti Agarwal,Female,34,Delhi,Delhi,India,Consumer,2022-11-29
CUST-03053,Kriti Sharma,Female,30,Delhi,Delhi,India,Small Business,2025-10-29
CUST-03054,Harsh Gupta,Male,30,Lucknow,Uttar Pradesh,India,Consumer,2025-06-02
CUST-03055,Manish Gupta,Male,28,Delhi,Delhi,India,Consumer,2024-06-25
CUST-03056,Siddharth Banerjee,Male,40,Patna,Bihar,India,Consumer,2022-03-29
CUST-03057,Vaishnavi Das,Female,37,Surat,Gujarat,India,Consumer,2022-11-19
CUST-03058,Aanya Agarwal,Female,28,Coimbatore,Tamil Nadu,India,Consumer,2023-06-03
CUST-03059,Priya Verma,Female,58,Kolkata,West Bengal,India,Consumer,2022-01-09
CUST-03060,Kriti Khanna,Female,25,Delhi,Delhi,India,Small Business,2024-10-18
CUST-03061,Ankit Srinivasan,Male,63,Jaipur,Rajasthan,India,Consumer,2024-11-29
CUST-03062,Kriti Jain,Female,52,Guwahati,Assam,India,Consumer,2022-07-03
CUST-03063,Aditi Pandey,Female,41,Pune,Maharashtra,India,Consumer,2022-01-30
CUST-03064,Aditi यादव,Female,58,Pune,Maharashtra,India,Consumer,2022-06-25
CUST-03065,Priya Bhat,Female,46,Guwahati,Assam,India,Small Business,2024-08-24
CUST-03066,Vikas Bhat,Male,29,Bengaluru,Karnataka,India,Consumer,2023-12-12
CUST-03067,Ananya Iyer,Female,43,Bhubaneswar,Odisha,India,Consumer,2023-03-29
CUST-03068,Ankit Agarwal,Male,51,Lucknow,Uttar Pradesh,India,Consumer,2023-02-27
CUST-03069,Akash Jain,Male,39,Bengaluru,Karnataka,India,Consumer,2023-06-18
CUST-03070,Aman Gupta,Male,50,Ranchi,Jharkhand,India,Consumer,2023-08-02
CUST-03071,Vikas Patel,Male,55,Hyderabad,Telangana,India,Consumer,2024-05-26
CUST-03072,Vikas Sharma,Male,37,Pune,Maharashtra,India,Consumer,2024-08-13
CUST-03073,Sandeep Nair,Male,48,Lucknow,Uttar Pradesh,India,Small Business,2022-05-31
CUST-03074,Mohit Mehta,Male,43,Bengaluru,Karnataka,India,Corporate,2022-11-19
CUST-03075,Vivek Kapoor,Male,24,Chennai,Tamil Nadu,India,Small Business,2022-07-11
CUST-03076,Naman Verma,Other,34,Delhi,Delhi,India,Consumer,2025-11-20
CUST-03077,Sandeep Sharma,Male,29,Mumbai,Maharashtra,India,Consumer,2025-02-21
CUST-03078,Aditi Singh,Female,50,Kochi,Kerala,India,Corporate,2022-06-11
CUST-03079,Deepika Kulkarni,Female,40,Hyderabad,Telangana,India,Consumer,2025-05-22
CUST-03080,Ananya Singh,Female,30,Gurugram,Haryana,India,Consumer,2024-03-30
CUST-03081,Pooja Chatterjee,Female,27,Mumbai,Maharashtra,India,Consumer,2022-12-08
CUST-03082,Nikhil Shah,Male,47,Mumbai,Maharashtra,India,Consumer,2023-06-22
CUST-03083,Harsh Iyer,Male,51,Bengaluru,Karnataka,India,Consumer,2025-07-23
CUST-03084,Neha Shah,Female,58,Pune,Maharashtra,India,Consumer,2023-10-26
CUST-03085,Priya Das,Female,42,Surat,Gujarat,India,Small Business,2025-10-27
CUST-03086,Ankit Mehta,Male,59,Bengaluru,Karnataka,India,Consumer,2022-05-04
CUST-03087,Ankit Patel,Male,31,Surat,Gujarat,India,Small Business,2025-02-08
CUST-03088,Rahul Bhat,Male,34,Surat,Gujarat,India,Small Business,2022-06-03
CUST-03089,Pranav Gupta,Male,44,Pune,Maharashtra,India,Consumer,2025-08-19
CUST-03090,Aditya Jain,Male,32,Hyderabad,Telangana,India,Consumer,2024-08-25
CUST-03091,Aryan Sharma,Male,29,Hyderabad,Telangana,India,Consumer,2024-01-02
CUST-03092,Kavya Mishra,Female,42,Pune,Maharashtra,India,Consumer,2023-12-01
CUST-03093,Mohit Patel,Male,28,Gurugram,Haryana,India,Consumer,2024-10-26
CUST-03094,Aanya Verma,Female,25,Pune,Maharashtra,India,Consumer,2025-07-13
CUST-03095,Vaishnavi यादव,Female,25,Delhi,Delhi,India,Consumer,2023-04-23
CUST-03096,Meera Sharma,Female,31,Lucknow,Uttar Pradesh,India,Consumer,2023-01-22
CUST-03097,Aanya Kulkarni,Female,32,Chandigarh,Chandigarh,India,Consumer,2023-12-03
CUST-03098,Tanvi Banerjee,Female,24,Ahmedabad,Gujarat,India,Consumer,2022-11-20
CUST-03099,Aditya Agarwal,Male,41,Jaipur,Rajasthan,India,Small Business,2024-09-23
CUST-03100,Manish Bhat,Male,31,Bengaluru,Karnataka,India,Consumer,2022-05-08
CUST-03101,Pooja Iyer,Female,31,Kochi,Kerala,India,Consumer,2024-08-18
CUST-03102,Aarav Bhat,Male,35,Bengaluru,Karnataka,India,Corporate,2024-01-07
CUST-03103,Deepika Khanna,Female,36,Chennai,Tamil Nadu,India,Consumer,2024-09-06
CUST-03104,Nikhil Roy,Male,41,Kolkata,West Bengal,India,Consumer,2025-03-02
CUST-03105,Aarav Iyer,Male,48,Delhi,Delhi,India,Corporate,2022-03-16
CUST-03106,Ankit Singh,Male,49,Chandigarh,Chandigarh,India,Consumer,2022-06-07
CUST-03107,Kunal Das,Male,55,Jaipur,Rajasthan,India,Consumer,2022-05-21
CUST-03108,Yash Jain,Male,52,Pune,Maharashtra,India,Corporate,2024-07-08
CUST-03109,Isha Patel,Female,56,Kochi,Kerala,India,Consumer,2023-01-28
CUST-03110,Ankit Bhat,Male,44,Jaipur,Rajasthan,India,Consumer,2023-05-23
CUST-03111,Nikhil Kapoor,Male,43,Bengaluru,Karnataka,India,Consumer,2025-07-02
CUST-03112,Kunal Jain,Male,32,Jaipur,Rajasthan,India,Corporate,2024-02-07
CUST-03113,Aditi Das,Female,55,Bhubaneswar,Odisha,India,Consumer,2022-04-18
CUST-03114,Vaishnavi Mehta,Female,50,Hyderabad,Telangana,India,Consumer,2022-04-24
CUST-03115,Yash Mukherjee,Male,48,Kolkata,West Bengal,India,Small Business,2023-10-25
CUST-03116,Ahan Srinivasan,Other,35,Pune,Maharashtra,India,Corporate,2023-02-11
CUST-03117,Karan Mukherjee,Male,39,Delhi,Delhi,India,Consumer,2023-06-18
CUST-03118,Pooja Mehta,Female,30,Delhi,Delhi,India,Small Business,2024-09-11
CUST-03119,Siddharth Khanna,Male,44,Delhi,Delhi,India,Corporate,2023-10-14
CUST-03120,Deepak Khanna,Male,41,Ahmedabad,Gujarat,India,Consumer,2025-10-11
CUST-03121,Pranav Sharma,Male,44,Kolkata,West Bengal,India,Corporate,2024-11-29
CUST-03122,Aman Verma,Male,43,Ranchi,Jharkhand,India,Consumer,2022-07-19
CUST-03123,Karan Jain,Male,46,Patna,Bihar,India,Corporate,2024-02-09
CUST-03124,Divya Reddy,Female,47,Hyderabad,Telangana,India,Corporate,2024-04-06
CUST-03125,Kavya Mehta,Female,34,Kolkata,West Bengal,India,Consumer,2023-12-30
CUST-03126,Ananya Gupta,Female,24,Kolkata,West Bengal,India,Small Business,2025-02-10
CUST-03127,Divya Mehta,Female,32,Jaipur,Rajasthan,India,Consumer,2023-09-26
CUST-03128,Riya Pandey,Female,32,Hyderabad,Telangana,India,Consumer,2022-07-03
CUST-03129,Pranav Srinivasan,Male,32,Bengaluru,Karnataka,India,Small Business,2023-02-01
CUST-03130,Aditya Mishra,Male,28,Pune,Maharashtra,India,Consumer,2022-11-02
CUST-03131,Pranav Singh,Male,47,Patna,Bihar,India,Consumer,2024-11-18
CUST-03132,Aditya Mehta,Male,36,Delhi,Delhi,India,Corporate,2024-12-15
CUST-03133,Manish यादव,Male,37,Bengaluru,Karnataka,India,Corporate,2022-12-16
CUST-03134,Divya Kapoor,Female,41,Jaipur,Rajasthan,India,Consumer,2023-06-25
CUST-03135,Pranav Agarwal,Male,29,Kolkata,West Bengal,India,Consumer,2025-07-04
CUST-03136,Karan Jain,Male,39,Hyderabad,Telangana,India,Small Business,2022-03-16
CUST-03137,Meera Bhat,Female,50,Delhi,Delhi,India,Consumer,2023-10-14
CUST-03138,Deepika यादव,Female,26,Ahmedabad,Gujarat,India,Consumer,2025-07-03
CUST-03139,Akash Sharma,Male,28,Coimbatore,Tamil Nadu,India,Small Business,2023-09-30
CUST-03140,Neha Reddy,Female,59,Chandigarh,Chandigarh,India,Small Business,2023-11-13
CUST-03141,Anushka Pandey,Female,49,Guwahati,Assam,India,Small Business,2022-05-20
CUST-03142,Pranav Iyer,Male,54,Surat,Gujarat,India,Consumer,2025-10-07
CUST-03143,Rahul यादव,Male,43,Gurugram,Haryana,India,Consumer,2025-09-14
CUST-03144,Siddharth Pandey,Male,52,Delhi,Delhi,India,Consumer,2022-01-09
CUST-03145,Anushka Kapoor,Female,41,Bengaluru,Karnataka,India,Small Business,2025-02-15
CUST-03146,Pooja Chatterjee,Female,38,Pune,Maharashtra,India,Consumer,2025-04-11
CUST-03147,Divya Kulkarni,Female,44,Jaipur,Rajasthan,India,Small Business,2022-11-06
CUST-03148,Neha Kulkarni,Female,44,Patna,Bihar,India,Consumer,2024-04-30
CUST-03149,Priya Patel,Female,34,Gurugram,Haryana,India,Consumer,2023-01-30
CUST-03150,Divya Das,Female,46,Delhi,Delhi,India,Consumer,2024-08-17
CUST-03151,Aditi Nair,Female,30,Patna,Bihar,India,Small Business,2024-03-31
CUST-03152,Rohan Mishra,Male,50,Chennai,Tamil Nadu,India,Consumer,2022-04-17
CUST-03153,Kavya Roy,Female,41,Hyderabad,Telangana,India,Consumer,2024-06-14
CUST-03154,Manish Mehta,Male,33,Delhi,Delhi,India,Consumer,2023-04-21
CUST-03155,Shreya Kulkarni,Female,33,Chennai,Tamil Nadu,India,Consumer,2025-06-09
CUST-03156,Karan Das,Male,33,Bhubaneswar,Odisha,India,Consumer,2025-10-29
CUST-03157,Divya Bhat,Female,23,Guwahati,Assam,India,Consumer,2024-08-03
CUST-03158,Riya Sharma,Female,51,Ahmedabad,Gujarat,India,Consumer,2024-10-24
CUST-03159,Rahul Bhat,Male,28,Bengaluru,Karnataka,India,Consumer,2024-02-16
CUST-03160,Nikhil Patel,Male,27,Kolkata,West Bengal,India,Corporate,2024-11-02
CUST-03161,Aditya Khanna,Male,19,Delhi,Delhi,India,Consumer,2022-05-14
CUST-03162,Rohan Bhat,Male,45,Bengaluru,Karnataka,India,Consumer,2025-06-07
CUST-03163,Nikhil Shah,Male,35,Mumbai,Maharashtra,India,Consumer,2025-04-12
CUST-03164,Ankit Verma,Male,32,Visakhapatnam,Andhra Pradesh,India,Consumer,2023-01-18
CUST-03165,Harsh Srinivasan,Male,48,Bengaluru,Karnataka,India,Consumer,2023-06-24
CUST-03166,Mohit Mishra,Male,53,Gurugram,Haryana,India,Consumer,2022-06-24
CUST-03167,Ananya Patel,Female,41,Delhi,Delhi,India,Consumer,2022-03-22
CUST-03168,Kriti Kapoor,Female,27,Jaipur,Rajasthan,India,Consumer,2022-10-05
CUST-03169,Anjali Mishra,Female,38,Chennai,Tamil Nadu,India,Consumer,2023-11-20
CUST-03170,Harsh Kapoor,Male,33,Ranchi,Jharkhand,India,Consumer,2025-01-30
CUST-03171,Dev Srinivasan,Male,32,Pune,Maharashtra,India,Consumer,2024-01-20
CUST-03172,Aryan Mehta,Male,32,Kochi,Kerala,India,Small Business,2022-12-08
CUST-03173,Deepak Mehta,Male,42,Gurugram,Haryana,India,Consumer,2025-10-27
CUST-03174,Neha Nair,Female,39,Kolkata,West Bengal,India,Consumer,2025-01-31
CUST-03175,Isha Agarwal,Female,27,Gurugram,Haryana,India,Consumer,2023-11-14
CUST-03176,Manish Mukherjee,Male,22,Lucknow,Uttar Pradesh,India,Consumer,2023-06-29
CUST-03177,Divya Sharma,Female,31,Pune,Maharashtra,India,Consumer,2023-07-13
CUST-03178,Vaishnavi Shah,Female,26,Jaipur,Rajasthan,India,Consumer,2022-06-17
CUST-03179,Saanvi Mukherjee,Female,26,Mumbai,Maharashtra,India,Consumer,2024-08-09
CUST-03180,Divya Mehta,Female,47,Mumbai,Maharashtra,India,Consumer,2024-02-29
CUST-03181,Harsh Chatterjee,Male,24,Ahmedabad,Gujarat,India,Consumer,2025-04-11
CUST-03182,Isha Singh,Female,32,Bhubaneswar,Odisha,India,Consumer,2024-03-05
CUST-03183,Aarav Bhat,Male,41,Kolkata,West Bengal,India,Corporate,2025-07-04
CUST-03184,Nisha Iyer,Female,39,Bengaluru,Karnataka,India,Small Business,2022-06-08
CUST-03185,Divya Roy,Female,41,Jaipur,Rajasthan,India,Consumer,2022-09-09
CUST-03186,Ananya Mehta,Female,45,Coimbatore,Tamil Nadu,India,Consumer,2023-07-27
CUST-03187,Shreya Pandey,Female,33,Bengaluru,Karnataka,India,Corporate,2024-02-29
CUST-03188,Kavya Banerjee,Female,49,Delhi,Delhi,India,Consumer,2024-07-13
CUST-03189,Priya Patel,Female,33,Lucknow,Uttar Pradesh,India,Consumer,2025-08-27
CUST-03190,Yash Patel,Male,25,Pune,Maharashtra,India,Consumer,2023-04-17
CUST-03191,Anjali Banerjee,Female,32,Lucknow,Uttar Pradesh,India,Consumer,2025-06-30
CUST-03192,Kriti Srinivasan,Female,32,Surat,Gujarat,India,Consumer,2025-07-29
CUST-03193,Divya यादव,Female,51,Jaipur,Rajasthan,India,Consumer,2024-09-29
CUST-03194,Ankit Khanna,Male,28,Kochi,Kerala,India,Small Business,2022-03-14
CUST-03195,Nikhil यादव,Male,53,Chennai,Tamil Nadu,India,Small Business,2023-06-14
CUST-03196,Vivek Das,Male,31,Mumbai,Maharashtra,India,Consumer,2025-04-05
CUST-03197,Deepika Pandey,Female,29,Gurugram,Haryana,India,Corporate,2022-02-19
CUST-03198,Nikhil Jain,Male,32,Delhi,Delhi,India,Small Business,2024-10-08
CUST-03199,Meera Das,Female,33,Goa,Goa,India,Consumer,2023-05-27
CUST-03200,Isha Gupta,Female,27,Patna,Bihar,India,Consumer,2023-07-19
CUST-03201,Aditya Bhat,Male,35,Hyderabad,Telangana,India,Small Business,2025-02-27
CUST-03202,Kunal Reddy,Male,31,Mumbai,Maharashtra,India,Corporate,2024-12-08
CUST-03203,Ankit Roy,Male,50,Delhi,Delhi,India,Small Business,2023-09-23
CUST-03204,Aditya Shah,Male,56,Jaipur,Rajasthan,India,Corporate,2022-12-21
CUST-03205,Nikhil Mukherjee,Male,53,Bengaluru,Karnataka,India,Consumer,2023-12-06
CUST-03206,Pooja Shah,Female,34,Chennai,Tamil Nadu,India,Consumer,2022-06-16
CUST-03207,Vikas Das,Male,36,Mumbai,Maharashtra,India,Small Business,2025-06-13
CUST-03208,Sneha Verma,Female,26,Ahmedabad,Gujarat,India,Corporate,2024-09-08
CUST-03209,Priya Mehta,Female,53,Jaipur,Rajasthan,India,Consumer,2025-10-07
CUST-03210,Manish Mishra,Male,39,Kochi,Kerala,India,Consumer,2024-02-20
CUST-03211,Pranav Mishra,Male,42,Mumbai,Maharashtra,India,Corporate,2023-02-18
CUST-03212,Ananya Das,Female,59,Bengaluru,Karnataka,India,Consumer,2025-07-17
CUST-03213,Shreya Banerjee,Female,40,Lucknow,Uttar Pradesh,India,Consumer,2023-12-24
CUST-03214,Ankit Gupta,Male,33,Coimbatore,Tamil Nadu,India,Consumer,2024-12-30
CUST-03215,Anjali Shah,Female,31,Delhi,Delhi,India,Consumer,2023-05-23
CUST-03216,Dev Shah,Male,56,Gurugram,Haryana,India,Consumer,2023-06-24
CUST-03217,Priya Agarwal,Female,37,Ahmedabad,Gujarat,India,Consumer,2025-04-29
CUST-03218,Aman Bhat,Male,31,Lucknow,Uttar Pradesh,India,Corporate,2023-11-25
CUST-03219,Kavya Verma,Female,31,Patna,Bihar,India,Consumer,2023-05-16
CUST-03220,Mohit यादव,Male,33,Jaipur,Rajasthan,India,Consumer,2024-11-16
CUST-03221,Sneha Bhat,Female,39,Chennai,Tamil Nadu,India,Consumer,2022-12-07
CUST-03222,Harsh Roy,Male,59,Mumbai,Maharashtra,India,Small Business,2025-11-25
CUST-03223,Divya Sharma,Female,22,Delhi,Delhi,India,Consumer,2025-02-09
CUST-03224,Tanvi Iyer,Female,36,Pune,Maharashtra,India,Small Business,2025-04-03
CUST-03225,Aman Jain,Male,45,Gurugram,Haryana,India,Consumer,2025-12-14
CUST-03226,Aditya Srinivasan,Male,38,Hyderabad,Telangana,India,Consumer,2023-01-02
CUST-03227,Dev Bhat,Male,59,Mumbai,Maharashtra,India,Consumer,2025-09-27
CUST-03228,Kavya यादव,Female,34,Indore,Madhya Pradesh,India,Consumer,2022-01-02
CUST-03229,Vivek Gupta,Male,29,Bengaluru,Karnataka,India,Consumer,2025-08-17
CUST-03230,Kriti Gupta,Female,39,Chandigarh,Chandigarh,India,Consumer,2024-08-28
CUST-03231,Ankit Patel,Male,45,Jaipur,Rajasthan,India,Small Business,2022-06-24
CUST-03232,Neha Mukherjee,Female,34,Visakhapatnam,Andhra Pradesh,India,Consumer,2023-11-04
CUST-03233,Ahan Nair,Other,53,Srinagar,Jammu and Kashmir,India,Consumer,2023-08-19
CUST-03234,Akash यादव,Male,37,Gurugram,Haryana,India,Consumer,2025-09-13
CUST-03235,Saanvi Kapoor,Female,33,Mumbai,Maharashtra,India,Consumer,2024-04-06
CUST-03236,Nisha Roy,Female,19,Kolkata,West Bengal,India,Consumer,2025-04-11
CUST-03237,Kunal Jain,Male,30,Mumbai,Maharashtra,India,Corporate,2024-07-05
CUST-03238,Sandeep Bhat,Male,42,Gurugram,Haryana,India,Consumer,2024-10-18
CUST-03239,Pooja Mukherjee,Female,37,Guwahati,Assam,India,Small Business,2025-07-11
CUST-03240,Kavya Mukherjee,Female,34,Guwahati,Assam,India,Consumer,2025-10-27
CUST-03241,Nikhil Gupta,Male,21,Chennai,Tamil Nadu,India,Consumer,2022-01-20
CUST-03242,Meera Jain,Female,22,Ahmedabad,Gujarat,India,Small Business,2022-01-18
CUST-03243,Aarav Srinivasan,Male,45,Chandigarh,Chandigarh,India,Consumer,2025-12-24
CUST-03244,Aryan Khanna,Male,34,Mumbai,Maharashtra,India,Consumer,2025-12-05
CUST-03245,Kavya Sharma,Female,35,Chennai,Tamil Nadu,India,Consumer,2023-07-08
CUST-03246,Vikas Gupta,Male,41,Coimbatore,Tamil Nadu,India,Consumer,2022-02-11
CUST-03247,Divya Das,Female,25,Hyderabad,Telangana,India,Consumer,2023-04-14
CUST-03248,Anushka Agarwal,Female,33,Gurugram,Haryana,India,Consumer,2022-04-24
CUST-03249,Vikas Reddy,Male,57,Indore,Madhya Pradesh,India,Small Business,2024-06-04
CUST-03250,Priya Mishra,Female,30,Delhi,Delhi,India,Consumer,2023-07-14
CUST-03251,Dev Reddy,Male,43,Chennai,Tamil Nadu,India,Consumer,2022-11-04
CUST-03252,Neha Kulkarni,Female,48,Bengaluru,Karnataka,India,Small Business,2022-08-30
CUST-03253,Divya Gupta,Female,53,Bengaluru,Karnataka,India,Consumer,2022-12-26
CUST-03254,Aryan Khanna,Male,38,Mumbai,Maharashtra,India,Consumer,2025-06-28
CUST-03255,Riya Pandey,Female,23,Bengaluru,Karnataka,India,Consumer,2025-10-14
CUST-03256,Aman Kulkarni,Male,24,Ahmedabad,Gujarat,India,Small Business,2025-01-20
CUST-03257,Samarth Iyer,Other,23,Visakhapatnam,Andhra Pradesh,India,Consumer,2025-08-31
CUST-03258,Aarav Chatterjee,Male,47,Chennai,Tamil Nadu,India,Consumer,2022-11-18
CUST-03259,Anjali Pandey,Female,42,Ahmedabad,Gujarat,India,Consumer,2022-04-20
CUST-03260,Tanvi Iyer,Female,45,Delhi,Delhi,India,Small Business,2022-02-25
CUST-03261,Shreya यादव,Female,35,Raipur,Chhattisgarh,India,Corporate,2025-11-04
CUST-03262,Nikhil Kulkarni,Male,25,Ahmedabad,Gujarat,India,Consumer,2022-06-02
CUST-03263,Kriti Chatterjee,Female,23,Gurugram,Haryana,India,Consumer,2022-06-11
CUST-03264,Deepak Mukherjee,Male,53,Mumbai,Maharashtra,India,Consumer,2023-11-20
CUST-03265,Ankit Verma,Male,48,Lucknow,Uttar Pradesh,India,Consumer,2022-01-14
CUST-03266,Kriti Agarwal,Female,39,Pune,Maharashtra,India,Consumer,2023-12-11
CUST-03267,Harsh Verma,Male,33,Ahmedabad,Gujarat,India,Consumer,2022-11-17
CUST-03268,Harsh Srinivasan,Male,32,Delhi,Delhi,India,Consumer,2022-10-08
CUST-03269,Aman Khanna,Male,27,Hyderabad,Telangana,India,Consumer,2025-09-27
CUST-03270,Mohit Khanna,Male,62,Jaipur,Rajasthan,India,Consumer,2025-09-21
CUST-03271,Nisha Das,Female,37,Delhi,Delhi,India,Consumer,2023-06-30
CUST-03272,Kavya Reddy,Female,35,Raipur,Chhattisgarh,India,Small Business,2023-12-10
CUST-03273,Sandeep Mukherjee,Male,30,Ahmedabad,Gujarat,India,Consumer,2022-11-10
CUST-03274,Sneha Khanna,Female,41,Mumbai,Maharashtra,India,Consumer,2022-08-23
CUST-03275,Vaishnavi Kapoor,Female,36,Kolkata,West Bengal,India,Consumer,2025-11-11
CUST-03276,Kriti Chatterjee,Female,21,Pune,Maharashtra,India,Consumer,2024-04-28
CUST-03277,Manish Chatterjee,Male,39,Hyderabad,Telangana,India,Consumer,2022-11-11
CUST-03278,Siddharth Kapoor,Male,30,Coimbatore,Tamil Nadu,India,Consumer,2022-07-20
CUST-03279,Sneha Kulkarni,Female,33,Bengaluru,Karnataka,India,Consumer,2025-07-19
CUST-03280,Anjali Patel,Female,20,Hyderabad,Telangana,India,Consumer,2022-02-08
CUST-03281,Aarav यादव,Male,31,Hyderabad,Telangana,India,Consumer,2023-03-13
CUST-03282,Manish Bhat,Male,22,Bengaluru,Karnataka,India,Corporate,2024-09-28
CUST-03283,Tanvi Khanna,Female,57,Surat,Gujarat,India,Small Business,2022-05-14
CUST-03284,Anushka Nair,Female,26,Hyderabad,Telangana,India,Small Business,2022-11-15
CUST-03285,Kiran यादव,Other,53,Pune,Maharashtra,India,Corporate,2025-11-23
CUST-03286,Ananya Srinivasan,Female,34,Hyderabad,Telangana,India,Consumer,2022-07-22
CUST-03287,Siddharth Shah,Male,28,Lucknow,Uttar Pradesh,India,Corporate,2022-01-29
CUST-03288,Manish Khanna,Male,48,Delhi,Delhi,India,Consumer,2024-02-20
CUST-03289,Aanya Kapoor,Female,26,Hyderabad,Telangana,India,Consumer,2025-05-11
CUST-03290,Saanvi Agarwal,Female,43,Indore,Madhya Pradesh,India,Corporate,2023-01-05
CUST-03291,Aditya Das,Male,33,Visakhapatnam,Andhra Pradesh,India,Consumer,2024-10-28
CUST-03292,Nikhil Verma,Male,22,Gurugram,Haryana,India,Consumer,2023-12-04
CUST-03293,Sandeep Banerjee,Male,44,Delhi,Delhi,India,Corporate,2024-04-20
CUST-03294,Aarav Kulkarni,Male,28,Hyderabad,Telangana,India,Consumer,2025-05-20
CUST-03295,Nisha Bhat,Female,43,Pune,Maharashtra,India,Corporate,2024-07-29
CUST-03296,Shreya Das,Female,41,Visakhapatnam,Andhra Pradesh,India,Small Business,2024-12-13
CUST-03297,Aanya Banerjee,Female,48,Mumbai,Maharashtra,India,Consumer,2023-10-11
CUST-03298,Aarav Srinivasan,Male,28,Pune,Maharashtra,India,Small Business,2023-01-20
CUST-03299,Anjali Roy,Female,49,Mumbai,Maharashtra,India,Consumer,2024-10-25
CUST-03300,Ira Gupta,Other,34,Mumbai,Maharashtra,India,Consumer,2025-03-13
CUST-03301,Ankit Sharma,Male,33,Bengaluru,Karnataka,India,Consumer,2023-09-09
CUST-03302,Isha Singh,Female,55,Ahmedabad,Gujarat,India,Corporate,2023-11-18
CUST-03303,Karan Banerjee,Male,45,Kolkata,West Bengal,India,Consumer,2022-12-31
CUST-03304,Aarav Chatterjee,Male,28,Delhi,Delhi,India,Consumer,2022-08-25
CUST-03305,Aarav Mukherjee,Male,25,Bhubaneswar,Odisha,India,Consumer,2022-03-12
CUST-03306,Nisha Patel,Female,33,Indore,Madhya Pradesh,India,Consumer,2025-11-19
CUST-03307,Arjun Gupta,Male,44,Delhi,Delhi,India,Consumer,2023-12-20
CUST-03308,Karan Verma,Male,35,Kolkata,West Bengal,India,Consumer,2023-03-20
CUST-03309,Anjali Mishra,Female,34,Gurugram,Haryana,India,Consumer,2024-04-08
CUST-03310,Yash Nair,Male,33,Mumbai,Maharashtra,India,Consumer,2023-02-03
CUST-03311,Aman Nair,Male,42,Mumbai,Maharashtra,India,Small Business,2022-07-19
CUST-03312,Manish Verma,Male,31,Kolkata,West Bengal,India,Small Business,2023-05-21
CUST-03313,Sandeep Patel,Male,32,Delhi,Delhi,India,Consumer,2023-02-26
CUST-03314,Anjali Roy,Female,45,Hyderabad,Telangana,India,Consumer,2023-04-03
CUST-03315,Vivek Shah,Male,39,Indore,Madhya Pradesh,India,Corporate,2022-05-28
CUST-03316,Aditi Mehta,Female,26,Kolkata,West Bengal,India,Consumer,2025-10-03
CUST-03317,Ankit Nair,Male,23,Bhubaneswar,Odisha,India,Consumer,2024-06-28
CUST-03318,Shreya Bhat,Female,43,Kochi,Kerala,India,Consumer,2022-03-01
CUST-03319,Aryan Iyer,Male,37,Mumbai,Maharashtra,India,Small Business,2023-11-23
CUST-03320,Devansh Agarwal,Other,43,Ahmedabad,Gujarat,India,Small Business,2025-09-11
CUST-03321,Ankit Banerjee,Male,24,Delhi,Delhi,India,Consumer,2025-02-11
CUST-03322,Vikas Sharma,Male,52,Delhi,Delhi,India,Consumer,2022-12-06
CUST-03323,Siddharth Chatterjee,Male,30,Surat,Gujarat,India,Consumer,2023-03-10
CUST-03324,Aarav Shah,Male,33,Kolkata,West Bengal,India,Consumer,2024-04-29
CUST-03325,Vikas Khanna,Male,45,Hyderabad,Telangana,India,Small Business,2023-08-27
CUST-03326,Anjali Shah,Female,25,Bengaluru,Karnataka,India,Corporate,2024-05-28
CUST-03327,Anjali Shah,Female,39,Chennai,Tamil Nadu,India,Consumer,2023-09-09
CUST-03328,Deepak Singh,Male,50,Mumbai,Maharashtra,India,Consumer,2025-12-16
CUST-03329,Pranav Banerjee,Male,40,Ahmedabad,Gujarat,India,Consumer,2023-07-31
CUST-03330,Aditya Jain,Male,41,Kolkata,West Bengal,India,Corporate,2024-06-03
CUST-03331,Deepika Banerjee,Female,33,Patna,Bihar,India,Consumer,2023-07-10
CUST-03332,Isha Mishra,Female,50,Mumbai,Maharashtra,India,Consumer,2023-08-06
CUST-03333,Riya Iyer,Female,52,Delhi,Delhi,India,Corporate,2025-06-25
CUST-03334,Vivek Pandey,Male,39,Bengaluru,Karnataka,India,Small Business,2024-02-14
CUST-03335,Vikas Singh,Male,38,Hyderabad,Telangana,India,Consumer,2023-05-15
CUST-03336,Karan Kapoor,Male,28,Pune,Maharashtra,India,Consumer,2023-02-15
CUST-03337,Neha Mukherjee,Female,52,Delhi,Delhi,India,Consumer,2023-10-10
CUST-03338,Aanya Jain,Female,34,Kolkata,West Bengal,India,Consumer,2022-08-25
CUST-03339,Isha Reddy,Female,44,Kolkata,West Bengal,India,Corporate,2024-05-07
CUST-03340,Meera Mehta,Female,29,Patna,Bihar,India,Consumer,2022-05-26
CUST-03341,Deepika Agarwal,Female,29,Lucknow,Uttar Pradesh,India,Corporate,2025-03-01
CUST-03342,Shreya Nair,Female,30,Delhi,Delhi,India,Consumer,2024-09-25
CUST-03343,Aman Shah,Male,48,Surat,Gujarat,India,Consumer,2025-10-29
CUST-03344,Isha Gupta,Female,47,Delhi,Delhi,India,Consumer,2023-08-01
CUST-03345,Ananya Nair,Female,43,Kolkata,West Bengal,India,Consumer,2024-07-01
CUST-03346,Kriti Shah,Female,32,Patna,Bihar,India,Consumer,2024-12-24
CUST-03347,Isha यादव,Female,33,Kolkata,West Bengal,India,Consumer,2022-08-05
CUST-03348,Rohan Bhat,Male,30,Indore,Madhya Pradesh,India,Corporate,2022-08-31
CUST-03349,Riya Mehta,Female,41,Delhi,Delhi,India,Consumer,2022-06-03
CUST-03350,Siddharth Srinivasan,Male,27,Jaipur,Rajasthan,India,Consumer,2022-09-30
CUST-03351,Sneha Patel,Female,54,Kochi,Kerala,India,Consumer,2022-04-04
CUST-03352,Pooja Bhat,Female,37,Ahmedabad,Gujarat,India,Corporate,2022-11-17
CUST-03353,Devansh Banerjee,Other,19,Lucknow,Uttar Pradesh,India,Consumer,2025-08-25
CUST-03354,Siddharth Mehta,Male,56,Gurugram,Haryana,India,Small Business,2024-11-02
CUST-03355,Priya Khanna,Female,46,Jaipur,Rajasthan,India,Consumer,2023-09-11
CUST-03356,Vikas Pandey,Male,25,Kolkata,West Bengal,India,Small Business,2022-06-09
CUST-03357,Akash Iyer,Male,56,Pune,Maharashtra,India,Consumer,2023-08-31
CUST-03358,Sneha Mishra,Female,29,Bengaluru,Karnataka,India,Small Business,2022-10-14
CUST-03359,Anjali Banerjee,Female,44,Delhi,Delhi,India,Corporate,2024-02-22
CUST-03360,Vivek Khanna,Male,33,Kolkata,West Bengal,India,Small Business,2022-05-31
CUST-03361,Karan Roy,Male,57,Mumbai,Maharashtra,India,Consumer,2025-09-18
CUST-03362,Pranav Agarwal,Male,22,Indore,Madhya Pradesh,India,Consumer,2023-02-20
CUST-03363,Kavya Das,Female,38,Chennai,Tamil Nadu,India,Small Business,2023-08-12
CUST-03364,Nisha Mukherjee,Female,32,Surat,Gujarat,India,Consumer,2023-01-26
CUST-03365,Deepak Roy,Male,45,Chennai,Tamil Nadu,India,Consumer,2023-03-03
CUST-03366,Yash Nair,Male,41,Gurugram,Haryana,India,Small Business,2023-01-23
CUST-03367,Mohit Srinivasan,Male,38,Bengaluru,Karnataka,India,Consumer,2023-11-27
CUST-03368,Priya Sharma,Female,61,Mumbai,Maharashtra,India,Small Business,2022-11-04
CUST-03369,Rohan Mehta,Male,55,Ahmedabad,Gujarat,India,Small Business,2022-11-08
CUST-03370,Deepak Jain,Male,32,Kolkata,West Bengal,India,Small Business,2022-03-05
CUST-03371,Aanya Banerjee,Female,42,Pune,Maharashtra,India,Consumer,2025-11-24
CUST-03372,Karan Singh,Male,47,Pune,Maharashtra,India,Small Business,2024-12-02
CUST-03373,Kavya Reddy,Female,50,Kolkata,West Bengal,India,Corporate,2022-03-03
CUST-03374,Sneha Mukherjee,Female,39,Gurugram,Haryana,India,Consumer,2024-04-03
CUST-03375,Aryan यादव,Male,32,Chennai,Tamil Nadu,India,Consumer,2025-09-24
CUST-03376,Shreya Nair,Female,31,Ahmedabad,Gujarat,India,Consumer,2024-05-16
CUST-03377,Shreya Sharma,Female,40,Hyderabad,Telangana,India,Small Business,2025-11-01
CUST-03378,Aditi Patel,Female,41,Bengaluru,Karnataka,India,Consumer,2022-12-02
CUST-03379,Ananya Banerjee,Female,31,Siliguri,West Bengal,India,Consumer,2024-07-24
CUST-03380,Anushka Mukherjee,Female,41,Gurugram,Haryana,India,Consumer,2022-11-28
CUST-03381,Mohit Khanna,Male,47,Mumbai,Maharashtra,India,Consumer,2024-05-29
CUST-03382,Ankit Jain,Male,34,Mumbai,Maharashtra,India,Consumer,2023-12-12
CUST-03383,Siddharth यादव,Male,49,Kolkata,West Bengal,India,Consumer,2024-09-01
CUST-03384,Deepak Khanna,Male,36,Raipur,Chhattisgarh,India,Consumer,2023-04-20
CUST-03385,Aryan Das,Male,40,Hyderabad,Telangana,India,Consumer,2024-11-12
CUST-03386,Kunal Sharma,Male,37,Coimbatore,Tamil Nadu,India,Consumer,2022-06-23
CUST-03387,Deepak Mishra,Male,43,Jaipur,Rajasthan,India,Consumer,2022-08-26
CUST-03388,Kriti Jain,Female,47,Ahmedabad,Gujarat,India,Consumer,2022-02-26
CUST-03389,Nikhil Chatterjee,Male,24,Bengaluru,Karnataka,India,Consumer,2022-07-26
CUST-03390,Tanay Mishra,Other,33,Delhi,Delhi,India,Consumer,2024-04-09
CUST-03391,Shreya Singh,Female,28,Bhubaneswar,Odisha,India,Corporate,2023-11-13
CUST-03392,Akash Chatterjee,Male,58,Raipur,Chhattisgarh,India,Small Business,2022-02-05
CUST-03393,Rahul Jain,Male,38,Chennai,Tamil Nadu,India,Consumer,2025-05-15
CUST-03394,Neha Patel,Female,28,Chennai,Tamil Nadu,India,Consumer,2023-07-23
CUST-03395,Yash Reddy,Male,22,Patna,Bihar,India,Small Business,2025-11-02
CUST-03396,Kunal यादव,Male,28,Kochi,Kerala,India,Consumer,2023-04-28
CUST-03397,Aryan Shah,Male,26,Chennai,Tamil Nadu,India,Consumer,2024-10-03
CUST-03398,Karan Roy,Male,41,Delhi,Delhi,India,Small Business,2025-11-04
CUST-03399,Riya Kapoor,Female,39,Delhi,Delhi,India,Consumer,2023-09-01
CUST-03400,Aanya Mukherjee,Female,26,Raipur,Chhattisgarh,India,Consumer,2024-06-10
CUST-03401,Aanya Banerjee,Female,26,Gurugram,Haryana,India,Small Business,2024-07-25
CUST-03402,Ananya Mishra,Female,30,Guwahati,Assam,India,Small Business,2025-04-20
CUST-03403,Aman Bhat,Male,35,Patna,Bihar,India,Consumer,2022-05-26
CUST-03404,Saanvi Pandey,Female,40,Gurugram,Haryana,India,Consumer,2024-06-29
CUST-03405,Karan Gupta,Male,29,Bengaluru,Karnataka,India,Consumer,2024-02-11
CUST-03406,Kavya Kapoor,Female,50,Visakhapatnam,Andhra Pradesh,India,Consumer,2023-12-06
CUST-03407,Deepak Sharma,Male,39,Chennai,Tamil Nadu,India,Consumer,2024-04-07
CUST-03408,Aarya Reddy,Other,59,Mumbai,Maharashtra,India,Consumer,2022-11-06
CUST-03409,Deepika Jain,Female,31,Chennai,Tamil Nadu,India,Consumer,2024-08-08
CUST-03410,Ananya Reddy,Female,43,Chennai,Tamil Nadu,India,Consumer,2025-04-19
CUST-03411,Priya यादव,Female,33,Chennai,Tamil Nadu,India,Consumer,2024-10-06
CUST-03412,Siddharth Kulkarni,Male,58,Hyderabad,Telangana,India,Consumer,2025-05-18
CUST-03413,Rohan Iyer,Male,24,Kolkata,West Bengal,India,Consumer,2025-01-08
CUST-03414,Isha Srinivasan,Female,43,Chennai,Tamil Nadu,India,Consumer,2022-11-09
CUST-03415,Kunal Verma,Male,36,Mumbai,Maharashtra,India,Consumer,2022-12-09
CUST-03416,Isha Sharma,Female,28,Hyderabad,Telangana,India,Consumer,2022-08-17
CUST-03417,Aditi Patel,Female,32,Hyderabad,Telangana,India,Small Business,2025-03-26
CUST-03418,Aanya Bhat,Female,37,Mumbai,Maharashtra,India,Consumer,2025-11-20
CUST-03419,Saanvi यादव,Female,34,Pune,Maharashtra,India,Small Business,2023-10-26
CUST-03420,Rohan Reddy,Male,34,Lucknow,Uttar Pradesh,India,Consumer,2023-07-21
CUST-03421,Rohan Khanna,Male,36,Hyderabad,Telangana,India,Consumer,2025-10-24
CUST-03422,Aarav Agarwal,Male,40,Mumbai,Maharashtra,India,Consumer,2022-09-09
CUST-03423,Tanvi Singh,Female,46,Jaipur,Rajasthan,India,Consumer,2023-08-17
CUST-03424,Mohit Singh,Male,40,Pune,Maharashtra,India,Consumer,2025-07-06
CUST-03425,Aanya Roy,Female,33,Kolkata,West Bengal,India,Consumer,2024-05-27
CUST-03426,Vivek Banerjee,Male,51,Mumbai,Maharashtra,India,Small Business,2024-02-04
CUST-03427,Riya यादव,Female,24,Ahmedabad,Gujarat,India,Consumer,2023-01-09
CUST-03428,Nikhil Agarwal,Male,23,Kochi,Kerala,India,Corporate,2022-09-21
CUST-03429,Mohit Singh,Male,43,Patna,Bihar,India,Consumer,2022-12-18
CUST-03430,Tanvi यादव,Female,52,Kolkata,West Bengal,India,Consumer,2022-07-04
CUST-03431,Arjun Kulkarni,Male,44,Patna,Bihar,India,Consumer,2025-12-16
CUST-03432,Aditi Pandey,Female,28,Kolkata,West Bengal,India,Small Business,2024-04-08
CUST-03433,Karan Roy,Male,46,Pune,Maharashtra,India,Consumer,2024-07-20
CUST-03434,Aditi Sharma,Female,35,Bengaluru,Karnataka,India,Consumer,2025-09-05
CUST-03435,Dev Verma,Male,34,Gurugram,Haryana,India,Small Business,2023-10-17
CUST-03436,Kriti Gupta,Female,35,Gurugram,Haryana,India,Consumer,2025-05-12
CUST-03437,Vaishnavi Kulkarni,Female,36,Gurugram,Haryana,India,Consumer,2023-06-08
CUST-03438,Anjali Nair,Female,25,Indore,Madhya Pradesh,India,Consumer,2023-07-09
CUST-03439,Neha Bhat,Female,27,Hyderabad,Telangana,India,Corporate,2024-11-19
CUST-03440,Pooja Singh,Female,28,Kolkata,West Bengal,India,Consumer,2023-12-08
CUST-03441,Divya यादव,Female,44,Indore,Madhya Pradesh,India,Consumer,2022-10-18
CUST-03442,Nikhil Iyer,Male,24,Surat,Gujarat,India,Consumer,2024-06-25
CUST-03443,Rahul Iyer,Male,46,Chandigarh,Chandigarh,India,Consumer,2024-10-29
CUST-03444,Kunal Khanna,Male,40,Delhi,Delhi,India,Corporate,2024-10-08
CUST-03445,Rahul Roy,Male,37,Patna,Bihar,India,Corporate,2025-02-13
CUST-03446,Siddharth Gupta,Male,49,Mumbai,Maharashtra,India,Corporate,2023-08-09
CUST-03447,Meera Mukherjee,Female,48,Gurugram,Haryana,India,Consumer,2022-08-08
CUST-03448,Saanvi Khanna,Female,32,Mumbai,Maharashtra,India,Consumer,2023-11-21
CUST-03449,Karan Mishra,Male,42,Chennai,Tamil Nadu,India,Consumer,2023-09-07
CUST-03450,Ankit Banerjee,Male,40,Jaipur,Rajasthan,India,Consumer,2024-06-10
CUST-03451,Mohit Jain,Male,30,Delhi,Delhi,India,Consumer,2024-02-28
CUST-03452,Kavya Verma,Female,36,Kolkata,West Bengal,India,Small Business,2025-04-05
CUST-03453,Anjali Singh,Female,37,Lucknow,Uttar Pradesh,India,Consumer,2022-11-25
CUST-03454,Anjali Verma,Female,38,Lucknow,Uttar Pradesh,India,Small Business,2022-07-24
CUST-03455,Arjun Mukherjee,Male,45,Pune,Maharashtra,India,Consumer,2023-04-22
CUST-03456,Anushka Mukherjee,Female,34,Chennai,Tamil Nadu,India,Consumer,2022-06-15
CUST-03457,Siddharth Mishra,Male,31,Ahmedabad,Gujarat,India,Consumer,2023-09-21
CUST-03458,Manish Gupta,Male,39,Delhi,Delhi,India,Small Business,2022-03-05
CUST-03459,Siddharth Mishra,Male,43,Mumbai,Maharashtra,India,Consumer,2023-11-10
CUST-03460,Anushka Banerjee,Female,41,Ranchi,Jharkhand,India,Consumer,2023-12-28
CUST-03461,Anushka Bhat,Female,26,Bhubaneswar,Odisha,India,Consumer,2024-12-31
CUST-03462,Kunal Kapoor,Male,49,Ahmedabad,Gujarat,India,Consumer,2023-03-21
CUST-03463,Aanya Banerjee,Female,28,Lucknow,Uttar Pradesh,India,Corporate,2024-03-09
CUST-03464,Ananya यादव,Female,56,Lucknow,Uttar Pradesh,India,Consumer,2022-12-26
CUST-03465,Isha Bhat,Female,34,Mumbai,Maharashtra,India,Consumer,2023-11-17
CUST-03466,Ankit Sharma,Male,36,Gurugram,Haryana,India,Small Business,2025-05-02
CUST-03467,Anushka Agarwal,Female,36,Kolkata,West Bengal,India,Corporate,2025-11-15
CUST-03468,Deepika Iyer,Female,38,Chennai,Tamil Nadu,India,Consumer,2024-04-09
CUST-03469,Kunal Roy,Male,58,Delhi,Delhi,India,Consumer,2025-08-03
CUST-03470,Nikhil Gupta,Male,43,Hyderabad,Telangana,India,Corporate,2022-05-12
CUST-03471,Nikhil Khanna,Male,38,Goa,Goa,India,Consumer,2022-09-03
CUST-03472,Vikas Bhat,Male,38,Lucknow,Uttar Pradesh,India,Small Business,2022-08-12
CUST-03473,Neha Khanna,Female,38,Pune,Maharashtra,India,Consumer,2023-08-17
CUST-03474,Saanvi Srinivasan,Female,32,Pune,Maharashtra,India,Consumer,2022-05-03
CUST-03475,Arjun Patel,Male,35,Pune,Maharashtra,India,Small Business,2023-09-16
CUST-03476,Naman Gupta,Other,60,Coimbatore,Tamil Nadu,India,Consumer,2025-01-25
CUST-03477,Nikhil Srinivasan,Male,24,Chennai,Tamil Nadu,India,Consumer,2024-12-18
CUST-03478,Deepak Kapoor,Male,30,Hyderabad,Telangana,India,Consumer,2023-06-26
CUST-03479,Akash Sharma,Male,59,Hyderabad,Telangana,India,Consumer,2025-11-12
CUST-03480,Aditi Sharma,Female,26,Delhi,Delhi,India,Consumer,2023-08-05
CUST-03481,Divya Iyer,Female,57,Delhi,Delhi,India,Consumer,2023-10-16
CUST-03482,Deepak Singh,Male,43,Gurugram,Haryana,India,Consumer,2022-06-08
CUST-03483,Nisha Chatterjee,Female,35,Kochi,Kerala,India,Consumer,2023-09-01
CUST-03484,Ankit Nair,Male,50,Gurugram,Haryana,India,Consumer,2025-06-11
CUST-03485,Deepika Gupta,Female,38,Gurugram,Haryana,India,Consumer,2023-12-24
CUST-03486,Tanvi Roy,Female,43,Mumbai,Maharashtra,India,Small Business,2023-03-13
CUST-03487,Vikas Iyer,Male,35,Hyderabad,Telangana,India,Small Business,2023-03-27
CUST-03488,Vikas Kulkarni,Male,30,Guwahati,Assam,India,Consumer,2023-09-02
CUST-03489,Kavya Reddy,Female,33,Coimbatore,Tamil Nadu,India,Small Business,2022-06-19
CUST-03490,Rishi Nair,Other,53,Surat,Gujarat,India,Consumer,2023-07-08
CUST-03491,Shreya Mishra,Female,22,Mumbai,Maharashtra,India,Consumer,2022-02-17
CUST-03492,Isha Gupta,Female,24,Gurugram,Haryana,India,Consumer,2024-05-26
CUST-03493,Yash Sharma,Male,31,Kolkata,West Bengal,India,Small Business,2023-01-31
CUST-03494,Divya Reddy,Female,53,Mumbai,Maharashtra,India,Consumer,2023-11-22
CUST-03495,Pooja Shah,Female,29,Pune,Maharashtra,India,Consumer,2022-12-24
CUST-03496,Arjun Iyer,Male,32,Ahmedabad,Gujarat,India,Small Business,2024-11-23
CUST-03497,Neha Khanna,Female,46,Srinagar,Jammu and Kashmir,India,Small Business,2022-03-16
CUST-03498,Deepak Gupta,Male,40,Hyderabad,Telangana,India,Consumer,2025-09-22
CUST-03499,Siddharth Nair,Male,36,Pune,Maharashtra,India,Consumer,2022-10-01
CUST-03500,Neha Shah,Female,30,Bengaluru,Karnataka,India,Small Business,2023-07-31
CUST-03501,Divya Gupta,Female,29,Raipur,Chhattisgarh,India,Consumer,2022-01-31
CUST-03502,Aryan Chatterjee,Male,41,Coimbatore,Tamil Nadu,India,Consumer,2025-01-28
CUST-03503,Pooja Srinivasan,Female,55,Gurugram,Haryana,India,Consumer,2024-11-24
CUST-03504,Karan Roy,Male,38,Delhi,Delhi,India,Small Business,2022-10-11
CUST-03505,Aanya Pandey,Female,40,Mumbai,Maharashtra,India,Small Business,2023-10-07
CUST-03506,Aditi Shah,Female,58,Pune,Maharashtra,India,Corporate,2023-10-18
CUST-03507,Aditya Chatterjee,Male,38,Mumbai,Maharashtra,India,Consumer,2025-06-30
CUST-03508,Kriti Chatterjee,Female,23,Kolkata,West Bengal,India,Consumer,2025-05-28
CUST-03509,Priya Mehta,Female,49,Patna,Bihar,India,Consumer,2022-05-12
CUST-03510,Aryan Kapoor,Male,50,Visakhapatnam,Andhra Pradesh,India,Corporate,2025-01-30
CUST-03511,Aanya Iyer,Female,45,Lucknow,Uttar Pradesh,India,Consumer,2022-12-18
CUST-03512,Aanya Kapoor,Female,52,Surat,Gujarat,India,Consumer,2025-07-18
CUST-03513,Riya Chatterjee,Female,37,Delhi,Delhi,India,Consumer,2025-02-10
CUST-03514,Nisha Iyer,Female,34,Visakhapatnam,Andhra Pradesh,India,Consumer,2024-02-18
CUST-03515,Nisha Kapoor,Female,55,Hyderabad,Telangana,India,Consumer,2024-03-31
CUST-03516,Yash Banerjee,Male,20,Raipur,Chhattisgarh,India,Consumer,2022-02-25
CUST-03517,Vaishnavi Verma,Female,33,Bengaluru,Karnataka,India,Consumer,2023-06-21
CUST-03518,Dev Jain,Male,32,Kolkata,West Bengal,India,Small Business,2025-03-06
CUST-03519,Rahul Shah,Male,47,Surat,Gujarat,India,Small Business,2023-02-13
CUST-03520,Vaishnavi Roy,Female,26,Bengaluru,Karnataka,India,Consumer,2024-09-02
CUST-03521,Manish Bhat,Male,42,Coimbatore,Tamil Nadu,India,Consumer,2024-09-10
CUST-03522,Tanvi Pandey,Female,38,Kolkata,West Bengal,India,Consumer,2024-05-11
CUST-03523,Meera Khanna,Female,57,Bhubaneswar,Odisha,India,Corporate,2022-08-24
CUST-03524,Vivek Kapoor,Male,25,Kolkata,West Bengal,India,Consumer,2025-11-15
CUST-03525,Kriti Banerjee,Female,54,Bengaluru,Karnataka,India,Consumer,2022-11-27
CUST-03526,Priya Chatterjee,Female,48,Hyderabad,Telangana,India,Consumer,2022-12-03
CUST-03527,Pranav Pandey,Male,58,Kolkata,West Bengal,India,Consumer,2022-06-22
CUST-03528,Pooja यादव,Female,48,Chennai,Tamil Nadu,India,Consumer,2024-02-17
CUST-03529,Vivek Nair,Male,33,Bengaluru,Karnataka,India,Consumer,2023-10-15
CUST-03530,Neha Pandey,Female,41,Chennai,Tamil Nadu,India,Consumer,2022-04-07
CUST-03531,Shreya Jain,Female,32,Gurugram,Haryana,India,Consumer,2024-01-14
CUST-03532,Shreya Srinivasan,Female,33,Pune,Maharashtra,India,Consumer,2025-01-01
CUST-03533,Akash Pandey,Male,38,Kolkata,West Bengal,India,Consumer,2025-11-23
CUST-03534,Manish Pandey,Male,32,Chandigarh,Chandigarh,India,Small Business,2024-09-15
CUST-03535,Ananya Nair,Female,37,Kolkata,West Bengal,India,Consumer,2023-10-21
CUST-03536,Shreya यादव,Female,41,Coimbatore,Tamil Nadu,India,Consumer,2024-06-26
CUST-03537,Shreya Mishra,Female,24,Pune,Maharashtra,India,Consumer,2025-05-14
CUST-03538,Rohan Shah,Male,44,Patna,Bihar,India,Consumer,2024-04-01
CUST-03539,Kriti Shah,Female,34,Gurugram,Haryana,India,Corporate,2022-11-27
CUST-03540,Anjali Khanna,Female,47,Lucknow,Uttar Pradesh,India,Consumer,2022-05-02
CUST-03541,Saanvi Jain,Female,25,Chennai,Tamil Nadu,India,Small Business,2024-01-09
CUST-03542,Saanvi Kapoor,Female,46,Ahmedabad,Gujarat,India,Consumer,2022-07-03
CUST-03543,Dev Banerjee,Male,57,Mumbai,Maharashtra,India,Corporate,2022-06-07
CUST-03544,Aditi Mukherjee,Female,31,Jaipur,Rajasthan,India,Consumer,2022-01-31
CUST-03545,Yash Pandey,Male,50,Raipur,Chhattisgarh,India,Consumer,2025-04-18
CUST-03546,Anushka Shah,Female,46,Bengaluru,Karnataka,India,Consumer,2023-12-31
CUST-03547,Anjali Srinivasan,Female,38,Hyderabad,Telangana,India,Consumer,2024-08-31
CUST-03548,Akash Srinivasan,Male,34,Kolkata,West Bengal,India,Small Business,2022-06-24
CUST-03549,Ananya Kapoor,Female,45,Surat,Gujarat,India,Corporate,2023-02-03
CUST-03550,Anushka Sharma,Female,26,Ranchi,Jharkhand,India,Consumer,2024-07-18
CUST-03551,Isha Shah,Female,38,Ahmedabad,Gujarat,India,Consumer,2022-08-03
CUST-03552,Aditya Roy,Male,45,Hyderabad,Telangana,India,Consumer,2023-09-01
CUST-03553,Aditya Mishra,Male,30,Chennai,Tamil Nadu,India,Corporate,2023-06-17
CUST-03554,Aryan Sharma,Male,57,Patna,Bihar,India,Small Business,2023-06-01
CUST-03555,Sneha Pandey,Female,27,Indore,Madhya Pradesh,India,Consumer,2023-07-18
CUST-03556,Sneha यादव,Female,35,Mumbai,Maharashtra,India,Small Business,2024-11-10
CUST-03557,Meera Mukherjee,Female,35,Surat,Gujarat,India,Consumer,2025-11-22
CUST-03558,Rohan Shah,Male,36,Bengaluru,Karnataka,India,Consumer,2023-02-12
CUST-03559,Kavya Mehta,Female,35,Coimbatore,Tamil Nadu,India,Small Business,2023-09-17
CUST-03560,Meera Gupta,Female,47,Delhi,Delhi,India,Small Business,2023-02-19
CUST-03561,Priya Sharma,Female,39,Ahmedabad,Gujarat,India,Consumer,2023-06-06
CUST-03562,Kunal Sharma,Male,53,Ahmedabad,Gujarat,India,Small Business,2023-09-05
CUST-03563,Nikhil Shah,Male,43,Kolkata,West Bengal,India,Consumer,2022-08-25
CUST-03564,Aarav Jain,Male,31,Lucknow,Uttar Pradesh,India,Consumer,2024-11-22
CUST-03565,Anushka Banerjee,Female,27,Gurugram,Haryana,India,Consumer,2022-08-02
CUST-03566,Shreya Khanna,Female,61,Srinagar,Jammu and Kashmir,India,Consumer,2022-08-24
CUST-03567,Harsh Nair,Male,39,Indore,Madhya Pradesh,India,Small Business,2023-06-06
CUST-03568,Meera Banerjee,Female,24,Bengaluru,Karnataka,India,Consumer,2025-03-25
CUST-03569,Vikas Kapoor,Male,42,Mumbai,Maharashtra,India,Consumer,2022-04-26
CUST-03570,Ira Pandey,Other,50,Surat,Gujarat,India,Small Business,2023-01-03
CUST-03571,Deepak Sharma,Male,39,Mumbai,Maharashtra,India,Corporate,2022-11-29
CUST-03572,Sneha Kapoor,Female,30,Kochi,Kerala,India,Corporate,2023-10-11
CUST-03573,Nikhil Shah,Male,30,Chandigarh,Chandigarh,India,Small Business,2023-01-22
CUST-03574,Deepika Mukherjee,Female,42,Coimbatore,Tamil Nadu,India,Small Business,2023-06-24
CUST-03575,Yash Verma,Male,50,Mumbai,Maharashtra,India,Consumer,2025-01-06
CUST-03576,Ankit Jain,Male,61,Chennai,Tamil Nadu,India,Consumer,2022-06-25
CUST-03577,Deepika Sharma,Female,32,Bengaluru,Karnataka,India,Consumer,2024-03-14
CUST-03578,Ananya Reddy,Female,30,Pune,Maharashtra,India,Small Business,2023-06-23
CUST-03579,Pooja Agarwal,Female,29,Ahmedabad,Gujarat,India,Small Business,2022-08-17
CUST-03580,Nisha Pandey,Female,54,Surat,Gujarat,India,Consumer,2023-05-09
CUST-03581,Anushka Das,Female,20,Coimbatore,Tamil Nadu,India,Consumer,2022-11-06
CUST-03582,Rohan Singh,Male,37,Mumbai,Maharashtra,India,Consumer,2022-12-03
CUST-03583,Pranav Pandey,Male,35,Ahmedabad,Gujarat,India,Consumer,2024-10-20
CUST-03584,Pooja Khanna,Female,45,Delhi,Delhi,India,Consumer,2024-12-21
CUST-03585,Ananya Iyer,Female,54,Ranchi,Jharkhand,India,Consumer,2025-12-21
CUST-03586,Nikhil Reddy,Male,46,Coimbatore,Tamil Nadu,India,Consumer,2022-07-20
CUST-03587,Sneha Sharma,Female,41,Lucknow,Uttar Pradesh,India,Consumer,2024-02-21
CUST-03588,Karan Banerjee,Male,30,Mumbai,Maharashtra,India,Consumer,2023-07-23
CUST-03589,Kunal Reddy,Male,46,Kochi,Kerala,India,Consumer,2024-03-18
CUST-03590,Dev Srinivasan,Male,50,Visakhapatnam,Andhra Pradesh,India,Consumer,2022-12-23
CUST-03591,Shreya Banerjee,Female,42,Gurugram,Haryana,India,Consumer,2025-07-24
CUST-03592,Divya Patel,Female,49,Ahmedabad,Gujarat,India,Corporate,2024-06-09
CUST-03593,Meera Bhat,Female,30,Bengaluru,Karnataka,India,Consumer,2023-04-09
CUST-03594,Aditi Iyer,Female,24,Surat,Gujarat,India,Consumer,2025-09-06
CUST-03595,Kriti Iyer,Female,41,Delhi,Delhi,India,Consumer,2022-12-03
CUST-03596,Naman Reddy,Other,51,Hyderabad,Telangana,India,Consumer,2023-09-12
CUST-03597,Aditya Gupta,Male,50,Delhi,Delhi,India,Corporate,2023-07-01
CUST-03598,Anushka Banerjee,Female,30,Patna,Bihar,India,Consumer,2024-02-13
CUST-03599,Ankit Mishra,Male,40,Hyderabad,Telangana,India,Consumer,2023-04-04
CUST-03600,Aman Das,Male,29,Mumbai,Maharashtra,India,Consumer,2024-03-16
CUST-03601,Tanvi Gupta,Female,60,Patna,Bihar,India,Consumer,2023-07-12
CUST-03602,Meera Agarwal,Female,39,Bhubaneswar,Odisha,India,Small Business,2022-02-14
CUST-03603,Shreya Patel,Female,34,Hyderabad,Telangana,India,Consumer,2024-10-04
CUST-03604,Aman Mishra,Male,42,Mumbai,Maharashtra,India,Small Business,2023-04-30
CUST-03605,Deepika Roy,Female,27,Jaipur,Rajasthan,India,Consumer,2022-02-02
CUST-03606,Isha Chatterjee,Female,25,Ahmedabad,Gujarat,India,Corporate,2024-12-10
CUST-03607,Mohit Mishra,Male,57,Surat,Gujarat,India,Consumer,2022-08-25
CUST-03608,Deepak Sharma,Male,26,Chandigarh,Chandigarh,India,Corporate,2024-09-29
CUST-03609,Mohit Iyer,Male,35,Chennai,Tamil Nadu,India,Consumer,2023-05-13
CUST-03610,Rohan Kapoor,Male,34,Kolkata,West Bengal,India,Small Business,2024-11-06
CUST-03611,Isha Kulkarni,Female,48,Surat,Gujarat,India,Consumer,2024-04-23
CUST-03612,Aditi Mishra,Female,38,Bengaluru,Karnataka,India,Small Business,2025-01-01
CUST-03613,Divya Banerjee,Female,36,Surat,Gujarat,India,Consumer,2025-08-16
CUST-03614,Arjun Mehta,Male,35,Lucknow,Uttar Pradesh,India,Small Business,2024-11-26
CUST-03615,Aarav Roy,Male,47,Bengaluru,Karnataka,India,Corporate,2025-06-25
CUST-03616,Yash Banerjee,Male,21,Hyderabad,Telangana,India,Consumer,2022-10-02
CUST-03617,Siddharth Singh,Male,47,Ahmedabad,Gujarat,India,Consumer,2022-08-09
CUST-03618,Ananya Mishra,Female,21,Mumbai,Maharashtra,India,Small Business,2022-10-25
CUST-03619,Aryan Shah,Male,32,Ahmedabad,Gujarat,India,Consumer,2025-04-23
CUST-03620,Yash Pandey,Male,43,Chandigarh,Chandigarh,India,Consumer,2023-11-28
CUST-03621,Kavya Khanna,Female,35,Hyderabad,Telangana,India,Consumer,2022-11-16
CUST-03622,Aditi Gupta,Female,26,Chennai,Tamil Nadu,India,Consumer,2024-04-16
CUST-03623,Deepak Sharma,Male,44,Lucknow,Uttar Pradesh,India,Corporate,2023-05-22
CUST-03624,Karan Jain,Male,44,Kolkata,West Bengal,India,Consumer,2023-06-01
CUST-03625,Harsh Chatterjee,Male,30,Kolkata,West Bengal,India,Small Business,2024-01-15
CUST-03626,Pranav Agarwal,Male,44,Bengaluru,Karnataka,India,Consumer,2024-05-03
CUST-03627,Harsh Srinivasan,Male,34,Bengaluru,Karnataka,India,Consumer,2023-04-16
CUST-03628,Saanvi Iyer,Female,37,Ahmedabad,Gujarat,India,Consumer,2023-01-12
CUST-03629,Devansh Kapoor,Other,42,Ahmedabad,Gujarat,India,Consumer,2022-01-15
CUST-03630,Shreya Kulkarni,Female,25,Kolkata,West Bengal,India,Consumer,2022-10-24
CUST-03631,Ankit यादव,Male,39,Kochi,Kerala,India,Small Business,2025-07-08
CUST-03632,Aman Roy,Male,28,Ranchi,Jharkhand,India,Small Business,2025-05-06
CUST-03633,Harsh Kulkarni,Male,30,Visakhapatnam,Andhra Pradesh,India,Consumer,2023-10-07
CUST-03634,Sneha Kapoor,Female,60,Hyderabad,Telangana,India,Consumer,2025-09-25
CUST-03635,Karan Khanna,Male,29,Hyderabad,Telangana,India,Consumer,2022-12-06
CUST-03636,Ankit Roy,Male,27,Delhi,Delhi,India,Consumer,2023-09-12
CUST-03637,Rahul Bhat,Male,45,Chandigarh,Chandigarh,India,Consumer,2024-09-18
CUST-03638,Nisha Singh,Female,57,Delhi,Delhi,India,Consumer,2022-10-16
CUST-03639,Vaishnavi Bhat,Female,31,Pune,Maharashtra,India,Consumer,2024-01-02
CUST-03640,Anushka Pandey,Female,29,Bhubaneswar,Odisha,India,Consumer,2025-05-30
CUST-03641,Karan Iyer,Male,31,Chennai,Tamil Nadu,India,Consumer,2024-10-14
CUST-03642,Neha Verma,Female,41,Delhi,Delhi,India,Consumer,2022-07-01
CUST-03643,Aman Srinivasan,Male,32,Chennai,Tamil Nadu,India,Consumer,2025-09-26
CUST-03644,Karan Gupta,Male,28,Gurugram,Haryana,India,Corporate,2025-03-30
CUST-03645,Manish Patel,Male,30,Mumbai,Maharashtra,India,Consumer,2023-10-18
CUST-03646,Vaishnavi Verma,Female,28,Kolkata,West Bengal,India,Small Business,2025-06-04
CUST-03647,Aditya Agarwal,Male,40,Kolkata,West Bengal,India,Consumer,2023-02-17
CUST-03648,Rahul Shah,Male,42,Kochi,Kerala,India,Consumer,2022-08-23
CUST-03649,Anjali Agarwal,Female,55,Delhi,Delhi,India,Corporate,2024-09-02
CUST-03650,Deepika Pandey,Female,31,Gurugram,Haryana,India,Consumer,2022-10-05
CUST-03651,Karan Mehta,Male,42,Hyderabad,Telangana,India,Consumer,2024-08-22
CUST-03652,Dev Shah,Male,44,Ahmedabad,Gujarat,India,Small Business,2025-08-19
CUST-03653,Priya Chatterjee,Female,27,Guwahati,Assam,India,Consumer,2025-06-14
CUST-03654,Manish Das,Male,21,Pune,Maharashtra,India,Consumer,2022-02-17
CUST-03655,Ankit Roy,Male,38,Bhubaneswar,Odisha,India,Small Business,2023-01-10
CUST-03656,Neha Gupta,Female,35,Ahmedabad,Gujarat,India,Consumer,2022-05-07
CUST-03657,Dev Mishra,Male,31,Jaipur,Rajasthan,India,Consumer,2022-04-02
CUST-03658,Karan Banerjee,Male,32,Srinagar,Jammu and Kashmir,India,Consumer,2025-02-15
CUST-03659,Deepak Pandey,Male,20,Bengaluru,Karnataka,India,Consumer,2022-10-31
CUST-03660,Vaishnavi Gupta,Female,33,Bengaluru,Karnataka,India,Small Business,2025-09-15
CUST-03661,Isha Mehta,Female,33,Indore,Madhya Pradesh,India,Consumer,2025-08-19
CUST-03662,Rohan Das,Male,37,Goa,Goa,India,Corporate,2023-10-30
CUST-03663,Saanvi Roy,Female,35,Bengaluru,Karnataka,India,Consumer,2022-03-03
CUST-03664,Karan Roy,Male,49,Gurugram,Haryana,India,Consumer,2025-06-03
CUST-03665,Kriti Kulkarni,Female,44,Chennai,Tamil Nadu,India,Consumer,2024-04-13
CUST-03666,Aanya Mehta,Female,36,Hyderabad,Telangana,India,Consumer,2023-06-20
CUST-03667,Neha Nair,Female,39,Ranchi,Jharkhand,India,Small Business,2025-03-07
CUST-03668,Arjun Srinivasan,Male,36,Gurugram,Haryana,India,Small Business,2024-08-10
CUST-03669,Yash Gupta,Male,22,Kochi,Kerala,India,Consumer,2025-09-18
CUST-03670,Pranav यादव,Male,51,Bengaluru,Karnataka,India,Consumer,2022-12-31
CUST-03671,Vikas Banerjee,Male,37,Surat,Gujarat,India,Small Business,2025-05-26
CUST-03672,Yash Nair,Male,46,Pune,Maharashtra,India,Consumer,2023-07-24
CUST-03673,Meera Kulkarni,Female,43,Chandigarh,Chandigarh,India,Small Business,2024-06-10
CUST-03674,Ankit Singh,Male,37,Bhubaneswar,Odisha,India,Consumer,2024-11-03
CUST-03675,Priya Gupta,Female,42,Kolkata,West Bengal,India,Consumer,2025-07-21
CUST-03676,Aman Singh,Male,36,Gurugram,Haryana,India,Corporate,2024-04-05
CUST-03677,Kiran Verma,Other,36,Gurugram,Haryana,India,Consumer,2023-05-16
CUST-03678,Pooja Agarwal,Female,45,Coimbatore,Tamil Nadu,India,Consumer,2025-08-25
CUST-03679,Tanvi Reddy,Female,49,Coimbatore,Tamil Nadu,India,Consumer,2023-05-26
CUST-03680,Shreya Agarwal,Female,31,Delhi,Delhi,India,Consumer,2022-11-28
CUST-03681,Nisha Iyer,Female,31,Jaipur,Rajasthan,India,Consumer,2023-12-25
CUST-03682,Aman Chatterjee,Male,28,Indore,Madhya Pradesh,India,Small Business,2025-12-02
CUST-03683,Dev Das,Male,60,Hyderabad,Telangana,India,Consumer,2024-07-11
CUST-03684,Dev Sharma,Male,27,Siliguri,West Bengal,India,Corporate,2025-10-19
CUST-03685,Priya Verma,Female,37,Ahmedabad,Gujarat,India,Small Business,2024-08-02
CUST-03686,Aditi Pandey,Female,36,Bengaluru,Karnataka,India,Small Business,2023-04-29
CUST-03687,Kunal Patel,Male,31,Mumbai,Maharashtra,India,Small Business,2024-08-23
CUST-03688,Divya Mishra,Female,54,Chennai,Tamil Nadu,India,Consumer,2022-12-17
CUST-03689,Sneha Bhat,Female,42,Delhi,Delhi,India,Small Business,2024-08-09
CUST-03690,Rahul Nair,Male,32,Delhi,Delhi,India,Consumer,2022-08-29
CUST-03691,Pranav Mukherjee,Male,41,Jaipur,Rajasthan,India,Consumer,2024-07-19
CUST-03692,Pooja Banerjee,Female,55,Bengaluru,Karnataka,India,Consumer,2022-02-03
CUST-03693,Samarth Agarwal,Other,26,Bengaluru,Karnataka,India,Consumer,2025-08-07
CUST-03694,Sneha Nair,Female,39,Delhi,Delhi,India,Corporate,2022-04-22
CUST-03695,Kunal Shah,Male,32,Hyderabad,Telangana,India,Consumer,2023-02-03
CUST-03696,Kavya Agarwal,Female,36,Jaipur,Rajasthan,India,Consumer,2023-11-03
CUST-03697,Anjali Verma,Female,40,Mumbai,Maharashtra,India,Consumer,2023-04-12
CUST-03698,Pooja Kulkarni,Female,23,Surat,Gujarat,India,Consumer,2024-03-25
CUST-03699,Sneha Patel,Female,44,Hyderabad,Telangana,India,Consumer,2022-01-05
CUST-03700,Meera Kapoor,Female,57,Chennai,Tamil Nadu,India,Consumer,2022-05-21
CUST-03701,Kriti Gupta,Female,21,Delhi,Delhi,India,Consumer,2024-08-24
CUST-03702,Naman Gupta,Other,31,Delhi,Delhi,India,Consumer,2023-06-11
CUST-03703,Anjali यादव,Female,64,Ahmedabad,Gujarat,India,Corporate,2024-11-05
CUST-03704,Noor Mukherjee,Other,44,Surat,Gujarat,India,Consumer,2022-04-08
CUST-03705,Rohan Roy,Male,32,Visakhapatnam,Andhra Pradesh,India,Consumer,2022-02-16
CUST-03706,Sneha Kulkarni,Female,56,Bengaluru,Karnataka,India,Consumer,2022-02-13
CUST-03707,Tanvi Srinivasan,Female,44,Chennai,Tamil Nadu,India,Small Business,2025-05-26
CUST-03708,Meera Banerjee,Female,36,Jaipur,Rajasthan,India,Small Business,2022-03-10
CUST-03709,Tanvi Chatterjee,Female,20,Guwahati,Assam,India,Consumer,2022-02-17
CUST-03710,Aanya Chatterjee,Female,35,Jaipur,Rajasthan,India,Corporate,2022-07-13
CUST-03711,Rohan Bhat,Male,38,Surat,Gujarat,India,Small Business,2025-03-08
CUST-03712,Karan Kapoor,Male,32,Indore,Madhya Pradesh,India,Consumer,2025-09-21
CUST-03713,Saanvi Verma,Female,38,Chennai,Tamil Nadu,India,Consumer,2024-02-24
CUST-03714,Rahul Agarwal,Male,29,Gurugram,Haryana,India,Consumer,2023-10-30
CUST-03715,Aanya Kapoor,Female,31,Delhi,Delhi,India,Consumer,2023-07-14
CUST-03716,Tanay Shah,Other,37,Ranchi,Jharkhand,India,Corporate,2025-11-30
CUST-03717,Nisha Singh,Female,51,Bengaluru,Karnataka,India,Consumer,2025-11-13
CUST-03718,Kavya Srinivasan,Female,24,Mumbai,Maharashtra,India,Consumer,2025-10-29
CUST-03719,Anjali Verma,Female,42,Pune,Maharashtra,India,Corporate,2022-06-20
CUST-03720,Aanya Chatterjee,Female,29,Mumbai,Maharashtra,India,Consumer,2024-07-16
CUST-03721,Shreya Mehta,Female,36,Gurugram,Haryana,India,Consumer,2025-04-15
CUST-03722,Kriti Jain,Female,45,Lucknow,Uttar Pradesh,India,Consumer,2022-02-13
CUST-03723,Ankit Agarwal,Male,44,Chennai,Tamil Nadu,India,Corporate,2024-06-07
CUST-03724,Pooja Singh,Female,41,Patna,Bihar,India,Consumer,2025-04-23
CUST-03725,Riya Shah,Female,36,Delhi,Delhi,India,Consumer,2023-11-25
CUST-03726,Neha Srinivasan,Female,64,Bhubaneswar,Odisha,India,Consumer,2024-09-15
CUST-03727,Aditya Pandey,Male,23,Hyderabad,Telangana,India,Corporate,2025-08-30
CUST-03728,Nikhil Chatterjee,Male,26,Lucknow,Uttar Pradesh,India,Corporate,2024-05-31
CUST-03729,Sneha Pandey,Female,30,Kolkata,West Bengal,India,Consumer,2023-01-15
CUST-03730,Deepak Jain,Male,46,Pune,Maharashtra,India,Consumer,2022-10-23
CUST-03731,Ankit Banerjee,Male,30,Kolkata,West Bengal,India,Consumer,2024-04-29
CUST-03732,Tanvi Gupta,Female,43,Bhubaneswar,Odisha,India,Small Business,2024-05-22
CUST-03733,Neha Gupta,Female,29,Delhi,Delhi,India,Consumer,2022-02-01
CUST-03734,Shreya Gupta,Female,31,Lucknow,Uttar Pradesh,India,Consumer,2025-02-12
CUST-03735,Vivek Sharma,Male,38,Surat,Gujarat,India,Small Business,2022-02-21
CUST-03736,Pooja Reddy,Female,28,Kochi,Kerala,India,Consumer,2024-06-09
CUST-03737,Riya Srinivasan,Female,36,Visakhapatnam,Andhra Pradesh,India,Consumer,2025-11-29
CUST-03738,Aditi Sharma,Female,49,Kolkata,West Bengal,India,Consumer,2025-12-03
CUST-03739,Neha Shah,Female,43,Bengaluru,Karnataka,India,Small Business,2022-08-03
CUST-03740,Vikas Reddy,Male,42,Pune,Maharashtra,India,Consumer,2024-05-27
CUST-03741,Kavya Chatterjee,Female,46,Gurugram,Haryana,India,Small Business,2024-05-18
CUST-03742,Yash Mishra,Male,32,Delhi,Delhi,India,Consumer,2023-05-10
CUST-03743,Riya Khanna,Female,34,Kolkata,West Bengal,India,Consumer,2023-03-10
CUST-03744,Kunal Roy,Male,46,Delhi,Delhi,India,Small Business,2022-07-31
CUST-03745,Vikas Khanna,Male,55,Delhi,Delhi,India,Consumer,2023-02-09
CUST-03746,Aarya Iyer,Other,31,Bhubaneswar,Odisha,India,Consumer,2024-02-01
CUST-03747,Saanvi Nair,Female,29,Delhi,Delhi,India,Consumer,2024-06-10
CUST-03748,Harsh Kapoor,Male,34,Hyderabad,Telangana,India,Consumer,2022-08-15
CUST-03749,Nisha Verma,Female,31,Delhi,Delhi,India,Consumer,2022-06-05
CUST-03750,Rohan Singh,Male,45,Bengaluru,Karnataka,India,Consumer,2022-04-16
CUST-03751,Deepak Kapoor,Male,43,Jaipur,Rajasthan,India,Consumer,2024-08-02
CUST-03752,Priya Sharma,Female,42,Bengaluru,Karnataka,India,Consumer,2025-04-18
CUST-03753,Aryan Srinivasan,Male,43,Jaipur,Rajasthan,India,Corporate,2024-09-27
CUST-03754,Aman Shah,Male,51,Bengaluru,Karnataka,India,Small Business,2025-09-06
CUST-03755,Mohit Nair,Male,49,Kolkata,West Bengal,India,Small Business,2023-03-04
CUST-03756,Sandeep Jain,Male,25,Hyderabad,Telangana,India,Consumer,2022-02-22
CUST-03757,Pranav Das,Male,21,Bengaluru,Karnataka,India,Small Business,2024-10-24
CUST-03758,Dev Verma,Male,24,Hyderabad,Telangana,India,Corporate,2023-05-03
CUST-03759,Aman Reddy,Male,30,Jaipur,Rajasthan,India,Consumer,2024-06-08
CUST-03760,Rahul Banerjee,Male,47,Kochi,Kerala,India,Small Business,2023-12-22
CUST-03761,Shreya Srinivasan,Female,54,Ahmedabad,Gujarat,India,Small Business,2024-02-25
CUST-03762,Harsh Agarwal,Male,39,Patna,Bihar,India,Consumer,2023-03-13
CUST-03763,Kriti Chatterjee,Female,36,Delhi,Delhi,India,Small Business,2025-05-02
CUST-03764,Aanya Kapoor,Female,20,Hyderabad,Telangana,India,Consumer,2023-05-30
CUST-03765,Vaishnavi Gupta,Female,31,Goa,Goa,India,Corporate,2024-10-01
CUST-03766,Dev Verma,Male,48,Chennai,Tamil Nadu,India,Consumer,2022-05-19
CUST-03767,Neha Shah,Female,36,Chandigarh,Chandigarh,India,Consumer,2022-11-08
CUST-03768,Noor Reddy,Other,50,Chennai,Tamil Nadu,India,Small Business,2022-02-25
CUST-03769,Aman Mishra,Male,33,Delhi,Delhi,India,Consumer,2023-10-21
CUST-03770,Saanvi Banerjee,Female,33,Lucknow,Uttar Pradesh,India,Consumer,2023-09-09
CUST-03771,Rahul Gupta,Male,33,Delhi,Delhi,India,Consumer,2023-06-13
CUST-03772,Ananya Sharma,Female,62,Ahmedabad,Gujarat,India,Consumer,2023-12-07
CUST-03773,Nisha Jain,Female,30,Chennai,Tamil Nadu,India,Consumer,2025-10-14
CUST-03774,Anjali Kulkarni,Female,45,Chennai,Tamil Nadu,India,Small Business,2024-02-06
CUST-03775,Aditya Mishra,Male,40,Patna,Bihar,India,Small Business,2025-01-19
CUST-03776,Aryan Verma,Male,24,Chandigarh,Chandigarh,India,Consumer,2024-01-16
CUST-03777,Harsh Roy,Male,31,Pune,Maharashtra,India,Consumer,2024-03-22
CUST-03778,Tanvi Gupta,Female,40,Kolkata,West Bengal,India,Consumer,2022-08-12
CUST-03779,Anjali Chatterjee,Female,31,Guwahati,Assam,India,Corporate,2022-08-21
CUST-03780,Vaishnavi Chatterjee,Female,34,Mumbai,Maharashtra,India,Small Business,2024-03-13
CUST-03781,Harsh Singh,Male,31,Ahmedabad,Gujarat,India,Consumer,2022-01-11
CUST-03782,Akash Gupta,Male,62,Indore,Madhya Pradesh,India,Consumer,2025-09-29
CUST-03783,Saanvi Pandey,Female,30,Ahmedabad,Gujarat,India,Consumer,2024-11-18
CUST-03784,Yash Roy,Male,21,Goa,Goa,India,Consumer,2024-10-06
CUST-03785,Vikas Verma,Male,27,Delhi,Delhi,India,Small Business,2024-08-27
CUST-03786,Ananya Agarwal,Female,48,Bengaluru,Karnataka,India,Consumer,2025-05-26
CUST-03787,Meera Das,Female,28,Ahmedabad,Gujarat,India,Consumer,2025-10-27
CUST-03788,Riya Iyer,Female,29,Kolkata,West Bengal,India,Consumer,2024-02-10
CUST-03789,Riya Sharma,Female,44,Patna,Bihar,India,Consumer,2025-05-23
CUST-03790,Kriti Shah,Female,26,Lucknow,Uttar Pradesh,India,Corporate,2025-06-16
CUST-03791,Isha Iyer,Female,43,Hyderabad,Telangana,India,Corporate,2023-07-11
CUST-03792,Divya Chatterjee,Female,40,Hyderabad,Telangana,India,Consumer,2022-09-01
CUST-03793,Deepak Mukherjee,Male,41,Bengaluru,Karnataka,India,Consumer,2023-08-30
CUST-03794,Siddharth Banerjee,Male,29,Bengaluru,Karnataka,India,Consumer,2022-07-14
CUST-03795,Karan Reddy,Male,46,Chennai,Tamil Nadu,India,Consumer,2024-03-21
CUST-03796,Riya Chatterjee,Female,29,Chennai,Tamil Nadu,India,Consumer,2024-09-06
CUST-03797,Aditi Singh,Female,33,Bengaluru,Karnataka,India,Consumer,2025-04-01
CUST-03798,Anushka Chatterjee,Female,63,Ahmedabad,Gujarat,India,Consumer,2023-03-02
CUST-03799,Rahul Srinivasan,Male,42,Bengaluru,Karnataka,India,Consumer,2025-12-05
CUST-03800,Pooja Kapoor,Female,46,Bengaluru,Karnataka,India,Small Business,2024-10-28
CUST-03801,Kavya Verma,Female,27,Lucknow,Uttar Pradesh,India,Consumer,2023-01-26
CUST-03802,Isha Khanna,Female,54,Bengaluru,Karnataka,India,Consumer,2023-03-22
CUST-03803,Aashi Roy,Other,22,Mumbai,Maharashtra,India,Small Business,2025-08-21
CUST-03804,Deepika Agarwal,Female,60,Bhubaneswar,Odisha,India,Consumer,2022-11-03
CUST-03805,Neha Agarwal,Female,48,Kolkata,West Bengal,India,Consumer,2022-08-15
CUST-03806,Mohit Singh,Male,53,Bengaluru,Karnataka,India,Consumer,2025-01-31
CUST-03807,Kavya Nair,Female,58,Srinagar,Jammu and Kashmir,India,Consumer,2022-10-31
CUST-03808,Akash Reddy,Male,34,Siliguri,West Bengal,India,Consumer,2022-07-02
CUST-03809,Nikhil Khanna,Male,42,Kolkata,West Bengal,India,Small Business,2024-05-25
CUST-03810,Sneha Gupta,Female,42,Chennai,Tamil Nadu,India,Consumer,2024-05-13
CUST-03811,Kavya Srinivasan,Female,30,Bengaluru,Karnataka,India,Consumer,2024-10-05
CUST-03812,Deepak Singh,Male,49,Mumbai,Maharashtra,India,Consumer,2025-11-17
CUST-03813,Aditi Shah,Female,33,Mumbai,Maharashtra,India,Consumer,2022-01-13
CUST-03814,Kriti Mehta,Female,37,Jaipur,Rajasthan,India,Small Business,2025-04-03
CUST-03815,Rahul Jain,Male,26,Bhubaneswar,Odisha,India,Consumer,2025-08-08
CUST-03816,Sneha Reddy,Female,40,Hyderabad,Telangana,India,Consumer,2023-10-02
CUST-03817,Tanvi Shah,Female,30,Kochi,Kerala,India,Consumer,2025-03-18
CUST-03818,Priya Mishra,Female,30,Jaipur,Rajasthan,India,Consumer,2022-05-24
CUST-03819,Dev Bhat,Male,52,Chennai,Tamil Nadu,India,Consumer,2024-02-05
CUST-03820,Anushka Mishra,Female,45,Hyderabad,Telangana,India,Small Business,2024-07-24
CUST-03821,Tanvi Chatterjee,Female,43,Kolkata,West Bengal,India,Small Business,2024-05-03
CUST-03822,Aarav Bhat,Male,34,Hyderabad,Telangana,India,Consumer,2023-12-30
CUST-03823,Manish Khanna,Male,31,Kolkata,West Bengal,India,Small Business,2022-10-18
CUST-03824,Aryan Verma,Male,42,Chennai,Tamil Nadu,India,Consumer,2025-11-14
CUST-03825,Vivek Agarwal,Male,44,Visakhapatnam,Andhra Pradesh,India,Small Business,2024-08-25
CUST-03826,Priya Kulkarni,Female,40,Hyderabad,Telangana,India,Small Business,2025-07-29
CUST-03827,Aarav Singh,Male,40,Surat,Gujarat,India,Small Business,2022-08-30
CUST-03828,Shreya Singh,Female,23,Kolkata,West Bengal,India,Consumer,2022-02-23
CUST-03829,Deepika Jain,Female,33,Kolkata,West Bengal,India,Consumer,2023-01-23
CUST-03830,Vikas Kulkarni,Male,32,Mumbai,Maharashtra,India,Consumer,2024-11-17
CUST-03831,Vikas Reddy,Male,30,Jaipur,Rajasthan,India,Corporate,2024-02-04
CUST-03832,Shreya Singh,Female,47,Visakhapatnam,Andhra Pradesh,India,Consumer,2025-05-06
CUST-03833,Pranav Mukherjee,Male,40,Surat,Gujarat,India,Small Business,2025-11-25
CUST-03834,Deepika Reddy,Female,24,Mumbai,Maharashtra,India,Consumer,2023-07-15
CUST-03835,Pranav Shah,Male,62,Hyderabad,Telangana,India,Consumer,2022-04-17
CUST-03836,Ananya Patel,Female,30,Bhubaneswar,Odisha,India,Corporate,2024-04-19
CUST-03837,Saanvi Jain,Female,37,Bengaluru,Karnataka,India,Small Business,2023-11-20
CUST-03838,Ananya Gupta,Female,43,Chennai,Tamil Nadu,India,Consumer,2022-09-04
CUST-03839,Sneha Jain,Female,35,Hyderabad,Telangana,India,Small Business,2024-06-08
CUST-03840,Rahul Mishra,Male,56,Ahmedabad,Gujarat,India,Corporate,2023-01-25
CUST-03841,Saanvi Kapoor,Female,63,Gurugram,Haryana,India,Small Business,2023-03-22
CUST-03842,Aditi यादव,Female,53,Delhi,Delhi,India,Small Business,2022-01-16
CUST-03843,Aanya Iyer,Female,34,Kochi,Kerala,India,Small Business,2025-03-24
CUST-03844,Shreya Gupta,Female,43,Delhi,Delhi,India,Small Business,2025-08-14
CUST-03845,Saanvi Kulkarni,Female,40,Kolkata,West Bengal,India,Consumer,2023-03-03
CUST-03846,Deepika Mehta,Female,36,Kochi,Kerala,India,Consumer,2022-02-20
CUST-03847,Tanvi Iyer,Female,39,Kochi,Kerala,India,Corporate,2024-11-09
CUST-03848,Meera Mukherjee,Female,39,Mumbai,Maharashtra,India,Consumer,2022-01-29
CUST-03849,Devansh Mehta,Other,34,Pune,Maharashtra,India,Consumer,2024-10-27
CUST-03850,Priya Khanna,Female,42,Visakhapatnam,Andhra Pradesh,India,Consumer,2025-08-20
CUST-03851,Deepak Das,Male,36,Chennai,Tamil Nadu,India,Consumer,2025-07-11
CUST-03852,Kunal Gupta,Male,53,Surat,Gujarat,India,Consumer,2025-12-22
CUST-03853,Harsh Patel,Male,27,Hyderabad,Telangana,India,Small Business,2022-10-09
CUST-03854,Vivek Srinivasan,Male,49,Mumbai,Maharashtra,India,Consumer,2023-01-20
CUST-03855,Siddharth Jain,Male,44,Jaipur,Rajasthan,India,Small Business,2022-06-17
CUST-03856,Sandeep यादव,Male,26,Pune,Maharashtra,India,Consumer,2022-09-07
CUST-03857,Aanya Jain,Female,37,Mumbai,Maharashtra,India,Consumer,2022-09-15
CUST-03858,Divya Gupta,Female,25,Bengaluru,Karnataka,India,Corporate,2025-01-19
CUST-03859,Kavya Roy,Female,31,Delhi,Delhi,India,Consumer,2024-07-01
CUST-03860,Deepika Roy,Female,38,Mumbai,Maharashtra,India,Consumer,2023-09-01
CUST-03861,Shiv Pandey,Other,28,Pune,Maharashtra,India,Consumer,2025-01-05
CUST-03862,Sandeep Srinivasan,Male,30,Chennai,Tamil Nadu,India,Consumer,2025-01-17
CUST-03863,Priya Sharma,Female,24,Kolkata,West Bengal,India,Small Business,2025-06-22
CUST-03864,Tanvi यादव,Female,47,Raipur,Chhattisgarh,India,Consumer,2023-05-01
CUST-03865,Siddharth Shah,Male,31,Gurugram,Haryana,India,Small Business,2024-04-23
CUST-03866,Karan Banerjee,Male,49,Bengaluru,Karnataka,India,Consumer,2023-09-09
CUST-03867,Aman Singh,Male,35,Bengaluru,Karnataka,India,Consumer,2024-12-31
CUST-03868,Harsh Mukherjee,Male,37,Surat,Gujarat,India,Consumer,2025-07-31
CUST-03869,Aditya Patel,Male,40,Chandigarh,Chandigarh,India,Corporate,2023-08-31
CUST-03870,Sandeep Roy,Male,45,Surat,Gujarat,India,Consumer,2022-05-03
CUST-03871,Akash Jain,Male,36,Lucknow,Uttar Pradesh,India,Consumer,2023-11-08
CUST-03872,Priya Nair,Female,42,Bengaluru,Karnataka,India,Consumer,2022-01-07
CUST-03873,Aman Kapoor,Male,57,Bengaluru,Karnataka,India,Consumer,2022-06-28
CUST-03874,Meera Srinivasan,Female,44,Kolkata,West Bengal,India,Small Business,2024-07-25
CUST-03875,Deepak Jain,Male,35,Chandigarh,Chandigarh,India,Small Business,2025-03-30
CUST-03876,Shreya Das,Female,35,Hyderabad,Telangana,India,Consumer,2022-10-18
CUST-03877,Aarav Banerjee,Male,30,Bengaluru,Karnataka,India,Corporate,2024-07-25
CUST-03878,Shreya Bhat,Female,54,Delhi,Delhi,India,Consumer,2024-10-12
CUST-03879,Deepika Sharma,Female,44,Indore,Madhya Pradesh,India,Consumer,2023-07-21
CUST-03880,Ankit Roy,Male,47,Chandigarh,Chandigarh,India,Consumer,2023-08-12
CUST-03881,Pooja Reddy,Female,29,Delhi,Delhi,India,Small Business,2023-01-02
CUST-03882,Aditi Shah,Female,38,Gurugram,Haryana,India,Consumer,2025-03-26
CUST-03883,Ananya Khanna,Female,62,Pune,Maharashtra,India,Small Business,2022-09-21
CUST-03884,Saanvi Roy,Female,41,Bengaluru,Karnataka,India,Consumer,2025-06-25
CUST-03885,Shreya Bhat,Female,45,Jaipur,Rajasthan,India,Consumer,2025-07-04
CUST-03886,Rahul Banerjee,Male,34,Chandigarh,Chandigarh,India,Small Business,2022-09-08
CUST-03887,Manish Chatterjee,Male,47,Lucknow,Uttar Pradesh,India,Consumer,2025-06-24
CUST-03888,Priya Das,Female,40,Patna,Bihar,India,Consumer,2022-12-12
CUST-03889,Karan Iyer,Male,35,Ahmedabad,Gujarat,India,Consumer,2024-01-19
CUST-03890,Vikas Das,Male,39,Chennai,Tamil Nadu,India,Consumer,2025-08-09
CUST-03891,Anjali Iyer,Female,34,Chennai,Tamil Nadu,India,Consumer,2023-08-06
CUST-03892,Aanya Srinivasan,Female,28,Chennai,Tamil Nadu,India,Corporate,2023-06-21
CUST-03893,Kunal Reddy,Male,40,Jaipur,Rajasthan,India,Consumer,2023-12-30
CUST-03894,Pranav Jain,Male,33,Delhi,Delhi,India,Small Business,2024-12-01
CUST-03895,Aarav Srinivasan,Male,50,Surat,Gujarat,India,Small Business,2024-12-10
CUST-03896,Deepak Roy,Male,51,Kolkata,West Bengal,India,Small Business,2022-06-12
CUST-03897,Shreya Jain,Female,57,Hyderabad,Telangana,India,Small Business,2022-07-12
CUST-03898,Kiran Pandey,Other,50,Visakhapatnam,Andhra Pradesh,India,Consumer,2025-07-15
CUST-03899,Kriti Gupta,Female,32,Mumbai,Maharashtra,India,Consumer,2023-08-15
CUST-03900,Deepika Khanna,Female,45,Jaipur,Rajasthan,India,Consumer,2024-08-04
CUST-03901,Anjali Mehta,Female,36,Pune,Maharashtra,India,Consumer,2022-03-28
CUST-03902,Vikas Iyer,Male,27,Raipur,Chhattisgarh,India,Consumer,2023-11-14
CUST-03903,Tanvi Roy,Female,30,Jaipur,Rajasthan,India,Consumer,2022-08-07
CUST-03904,Nikhil Das,Male,43,Chandigarh,Chandigarh,India,Corporate,2025-08-09
CUST-03905,Ankit Chatterjee,Male,60,Coimbatore,Tamil Nadu,India,Consumer,2025-04-21
CUST-03906,Riya Mehta,Female,37,Delhi,Delhi,India,Corporate,2025-06-21
CUST-03907,Arjun Roy,Male,38,Gurugram,Haryana,India,Consumer,2025-05-30
CUST-03908,Aryan यादव,Male,29,Delhi,Delhi,India,Consumer,2025-09-05
CUST-03909,Akash Iyer,Male,52,Hyderabad,Telangana,India,Corporate,2022-03-01
CUST-03910,Meera Sharma,Female,38,Ranchi,Jharkhand,India,Consumer,2025-12-04
CUST-03911,Saanvi Gupta,Female,37,Delhi,Delhi,India,Consumer,2022-08-28
CUST-03912,Yash Mukherjee,Male,54,Mumbai,Maharashtra,India,Consumer,2022-01-25
CUST-03913,Shreya Iyer,Female,24,Raipur,Chhattisgarh,India,Consumer,2024-11-11
CUST-03914,Vaishnavi Reddy,Female,32,Lucknow,Uttar Pradesh,India,Corporate,2022-09-06
CUST-03915,Akash Iyer,Male,34,Bhubaneswar,Odisha,India,Consumer,2023-02-12
CUST-03916,Sandeep Mukherjee,Male,48,Bengaluru,Karnataka,India,Consumer,2023-06-05
CUST-03917,Vivek Bhat,Male,38,Chennai,Tamil Nadu,India,Consumer,2025-06-13
CUST-03918,Aditi यादव,Female,21,Hyderabad,Telangana,India,Consumer,2025-01-13
CUST-03919,Deepika Singh,Female,40,Gurugram,Haryana,India,Consumer,2023-03-04
CUST-03920,Rohan Das,Male,26,Lucknow,Uttar Pradesh,India,Corporate,2025-12-16
CUST-03921,Neha Reddy,Female,56,Hyderabad,Telangana,India,Consumer,2024-06-23
CUST-03922,Kunal Khanna,Male,40,Visakhapatnam,Andhra Pradesh,India,Consumer,2022-04-24
CUST-03923,Meera Bhat,Female,24,Ahmedabad,Gujarat,India,Consumer,2023-01-06
CUST-03924,Aditi Bhat,Female,55,Coimbatore,Tamil Nadu,India,Consumer,2025-10-16
CUST-03925,Aman Shah,Male,43,Mumbai,Maharashtra,India,Consumer,2022-04-09
CUST-03926,Kriti Mishra,Female,26,Hyderabad,Telangana,India,Consumer,2023-05-07
CUST-03927,Neha Shah,Female,22,Chennai,Tamil Nadu,India,Corporate,2025-05-20
CUST-03928,Shreya Khanna,Female,32,Ahmedabad,Gujarat,India,Consumer,2025-10-07
CUST-03929,Deepak Gupta,Male,31,Kolkata,West Bengal,India,Small Business,2023-03-28
CUST-03930,Kavya Mehta,Female,41,Bengaluru,Karnataka,India,Consumer,2024-03-16
CUST-03931,Priya Shah,Female,32,Coimbatore,Tamil Nadu,India,Small Business,2023-05-28
CUST-03932,Manish Verma,Male,32,Delhi,Delhi,India,Consumer,2022-01-06
CUST-03933,Karan Mukherjee,Male,40,Bengaluru,Karnataka,India,Consumer,2025-01-25
CUST-03934,Anjali यादव,Female,33,Chandigarh,Chandigarh,India,Consumer,2024-02-07
CUST-03935,Mohit Roy,Male,51,Bengaluru,Karnataka,India,Consumer,2022-10-22
CUST-03936,Yash Reddy,Male,30,Bengaluru,Karnataka,India,Consumer,2023-07-23
CUST-03937,Pooja Mukherjee,Female,45,Kolkata,West Bengal,India,Consumer,2025-09-14
CUST-03938,Karan Gupta,Male,44,Indore,Madhya Pradesh,India,Small Business,2022-03-29
CUST-03939,Ankit Kulkarni,Male,49,Mumbai,Maharashtra,India,Consumer,2022-01-18
CUST-03940,Rohan Agarwal,Male,39,Coimbatore,Tamil Nadu,India,Consumer,2022-07-21
CUST-03941,Deepak यादव,Male,27,Jaipur,Rajasthan,India,Consumer,2024-09-02
CUST-03942,Mohit Reddy,Male,48,Raipur,Chhattisgarh,India,Small Business,2022-03-07
CUST-03943,Manish Kapoor,Male,51,Bengaluru,Karnataka,India,Small Business,2023-01-02
CUST-03944,Aarav Sharma,Male,48,Srinagar,Jammu and Kashmir,India,Consumer,2023-10-18
CUST-03945,Nisha Kulkarni,Female,46,Bhubaneswar,Odisha,India,Consumer,2025-06-08
CUST-03946,Deepak Nair,Male,45,Delhi,Delhi,India,Consumer,2024-11-06
CUST-03947,Anjali Agarwal,Female,28,Jaipur,Rajasthan,India,Consumer,2022-07-01
CUST-03948,Tanvi Agarwal,Female,46,Jaipur,Rajasthan,India,Small Business,2024-10-27
CUST-03949,Aanya Pandey,Female,33,Raipur,Chhattisgarh,India,Consumer,2023-01-16
CUST-03950,Mohit Agarwal,Male,36,Mumbai,Maharashtra,India,Consumer,2023-03-29
CUST-03951,Riya Singh,Female,48,Bengaluru,Karnataka,India,Consumer,2025-08-28
CUST-03952,Karan यादव,Male,24,Delhi,Delhi,India,Consumer,2024-11-09
CUST-03953,Vikas Patel,Male,50,Indore,Madhya Pradesh,India,Consumer,2023-11-18
CUST-03954,Aryan Roy,Male,48,Mumbai,Maharashtra,India,Small Business,2025-08-18
CUST-03955,Isha Srinivasan,Female,35,Delhi,Delhi,India,Small Business,2025-06-19
CUST-03956,Manish Kulkarni,Male,37,Chandigarh,Chandigarh,India,Consumer,2025-07-07
CUST-03957,Neha Das,Female,34,Lucknow,Uttar Pradesh,India,Consumer,2022-08-23
CUST-03958,Saanvi Srinivasan,Female,50,Gurugram,Haryana,India,Corporate,2023-08-17
CUST-03959,Rohan Mukherjee,Male,36,Lucknow,Uttar Pradesh,India,Small Business,2023-10-07
CUST-03960,Arjun Banerjee,Male,39,Ranchi,Jharkhand,India,Consumer,2023-01-05
CUST-03961,Harsh Reddy,Male,39,Patna,Bihar,India,Consumer,2022-07-31
CUST-03962,Meera Agarwal,Female,31,Raipur,Chhattisgarh,India,Consumer,2022-11-06
CUST-03963,Divya Das,Female,32,Pune,Maharashtra,India,Corporate,2025-04-27
CUST-03964,Isha Agarwal,Female,45,Mumbai,Maharashtra,India,Consumer,2023-03-28
CUST-03965,Aditi Mishra,Female,60,Mumbai,Maharashtra,India,Small Business,2022-01-16
CUST-03966,Priya Banerjee,Female,50,Delhi,Delhi,India,Consumer,2024-12-26
CUST-03967,Ankit Khanna,Male,51,Delhi,Delhi,India,Consumer,2022-03-03
CUST-03968,Ankit Bhat,Male,60,Bengaluru,Karnataka,India,Consumer,2024-11-07
CUST-03969,Aanya Nair,Female,42,Coimbatore,Tamil Nadu,India,Consumer,2025-02-13
CUST-03970,Ankit यादव,Male,43,Surat,Gujarat,India,Small Business,2025-07-08
CUST-03971,Nisha Srinivasan,Female,44,Jaipur,Rajasthan,India,Consumer,2024-07-25
CUST-03972,Vivek Patel,Male,51,Delhi,Delhi,India,Consumer,2022-07-26
CUST-03973,Vaishnavi Banerjee,Female,39,Coimbatore,Tamil Nadu,India,Corporate,2023-07-04
CUST-03974,Rohan Srinivasan,Male,44,Bengaluru,Karnataka,India,Small Business,2023-05-19
CUST-03975,Saanvi Mehta,Female,33,Mumbai,Maharashtra,India,Corporate,2024-02-20
CUST-03976,Dev Mukherjee,Male,41,Raipur,Chhattisgarh,India,Consumer,2025-01-14
CUST-03977,Siddharth Srinivasan,Male,39,Bhubaneswar,Odisha,India,Consumer,2024-09-25
CUST-03978,Saanvi Verma,Female,51,Bengaluru,Karnataka,India,Consumer,2022-04-06
CUST-03979,Kriti Nair,Female,45,Lucknow,Uttar Pradesh,India,Corporate,2023-08-29
CUST-03980,Kavya Pandey,Female,46,Gurugram,Haryana,India,Consumer,2025-04-23
CUST-03981,Harsh Kulkarni,Male,37,Mumbai,Maharashtra,India,Consumer,2022-05-13
CUST-03982,Rahul Patel,Male,45,Pune,Maharashtra,India,Consumer,2023-09-01
CUST-03983,Kavya Bhat,Female,41,Jaipur,Rajasthan,India,Consumer,2024-03-28
CUST-03984,Neha Agarwal,Female,32,Lucknow,Uttar Pradesh,India,Small Business,2023-02-15
CUST-03985,Meera Roy,Female,51,Chennai,Tamil Nadu,India,Corporate,2023-01-28
CUST-03986,Aditya Patel,Male,39,Mumbai,Maharashtra,India,Small Business,2024-01-04
CUST-03987,Anjali Sharma,Female,20,Chandigarh,Chandigarh,India,Consumer,2022-06-23
CUST-03988,Tanvi Verma,Female,30,Mumbai,Maharashtra,India,Corporate,2025-12-07
CUST-03989,Kunal Reddy,Male,32,Lucknow,Uttar Pradesh,India,Consumer,2025-05-02
CUST-03990,Arjun Khanna,Male,35,Jaipur,Rajasthan,India,Consumer,2023-04-07
CUST-03991,Aarav Reddy,Male,49,Bengaluru,Karnataka,India,Consumer,2025-06-27
CUST-03992,Vaishnavi Gupta,Female,42,Lucknow,Uttar Pradesh,India,Consumer,2024-11-20
CUST-03993,Pranav Mehta,Male,27,Indore,Madhya Pradesh,India,Small Business,2023-02-23
CUST-03994,Sandeep Patel,Male,51,Bengaluru,Karnataka,India,Consumer,2024-02-27
CUST-03995,Isha Agarwal,Female,46,Delhi,Delhi,India,Consumer,2024-10-31
CUST-03996,Saanvi Singh,Female,47,Hyderabad,Telangana,India,Consumer,2025-04-05
CUST-03997,Aditya Banerjee,Male,23,Siliguri,West Bengal,India,Corporate,2025-05-13
CUST-03998,Manish Sharma,Male,34,Hyderabad,Telangana,India,Corporate,2022-02-18
CUST-03999,Kavya Patel,Female,23,Mumbai,Maharashtra,India,Consumer,2024-07-20
CUST-04000,Kriti Mukherjee,Female,38,Bengaluru,Karnataka,India,Consumer,2022-01-20
CUST-04001,Karan Jain,Male,32,Delhi,Delhi,India,Consumer,2025-05-17
CUST-04002,Divya Verma,Female,42,Pune,Maharashtra,India,Consumer,2024-06-10
CUST-04003,Rohan Kapoor,Male,35,Lucknow,Uttar Pradesh,India,Small Business,2022-01-26
CUST-04004,Ankit Bhat,Male,47,Gurugram,Haryana,India,Consumer,2024-10-09
CUST-04005,Aditya Mukherjee,Male,30,Coimbatore,Tamil Nadu,India,Small Business,2023-08-14
CUST-04006,Aditya Chatterjee,Male,42,Indore,Madhya Pradesh,India,Consumer,2023-07-24
CUST-04007,Deepak Kulkarni,Male,22,Kochi,Kerala,India,Consumer,2024-12-15
CUST-04008,Riya Mukherjee,Female,37,Mumbai,Maharashtra,India,Consumer,2024-08-07
CUST-04009,Pranav Banerjee,Male,39,Patna,Bihar,India,Consumer,2022-10-21
CUST-04010,Divya Kulkarni,Female,49,Delhi,Delhi,India,Consumer,2025-11-04
CUST-04011,Aditya Patel,Male,40,Delhi,Delhi,India,Consumer,2024-07-30
CUST-04012,Aanya Agarwal,Female,43,Ahmedabad,Gujarat,India,Consumer,2025-10-22
CUST-04013,Pranav Khanna,Male,40,Jaipur,Rajasthan,India,Corporate,2023-07-13
CUST-04014,Kavya Pandey,Female,19,Jaipur,Rajasthan,India,Consumer,2023-01-26
CUST-04015,Akash Verma,Male,52,Mumbai,Maharashtra,India,Corporate,2025-05-22
CUST-04016,Ankit Mukherjee,Male,51,Bengaluru,Karnataka,India,Consumer,2023-03-26
CUST-04017,Mohit Kulkarni,Male,36,Chennai,Tamil Nadu,India,Consumer,2023-02-16
CUST-04018,Divya Chatterjee,Female,35,Bengaluru,Karnataka,India,Small Business,2022-11-26
CUST-04019,Nikhil Shah,Male,27,Goa,Goa,India,Consumer,2025-11-09
CUST-04020,Sneha Verma,Female,51,Kochi,Kerala,India,Consumer,2025-06-29
CUST-04021,Sneha Roy,Female,31,Ahmedabad,Gujarat,India,Consumer,2025-01-15
CUST-04022,Kunal Nair,Male,48,Chandigarh,Chandigarh,India,Consumer,2024-01-11
CUST-04023,Meera Das,Female,31,Kolkata,West Bengal,India,Small Business,2023-08-11
CUST-04024,Priya Mehta,Female,41,Bengaluru,Karnataka,India,Consumer,2023-09-04
CUST-04025,Riya Mehta,Female,25,Delhi,Delhi,India,Consumer,2023-04-27
CUST-04026,Aditi Das,Female,45,Surat,Gujarat,India,Consumer,2022-01-20
CUST-04027,Aanya Mishra,Female,20,Gurugram,Haryana,India,Consumer,2022-06-09
CUST-04028,Meera Chatterjee,Female,57,Ahmedabad,Gujarat,India,Corporate,2024-10-03
CUST-04029,Sneha Kapoor,Female,28,Kolkata,West Bengal,India,Consumer,2024-02-07
CUST-04030,Deepak Mehta,Male,33,Mumbai,Maharashtra,India,Consumer,2022-11-13
CUST-04031,Deepika Pandey,Female,41,Kochi,Kerala,India,Consumer,2024-12-15
CUST-04032,Priya Bhat,Female,32,Mumbai,Maharashtra,India,Consumer,2024-09-14
CUST-04033,Nisha Reddy,Female,36,Delhi,Delhi,India,Consumer,2025-10-12
CUST-04034,Deepika Mehta,Female,32,Kolkata,West Bengal,India,Consumer,2023-08-22
CUST-04035,Anjali Khanna,Female,33,Delhi,Delhi,India,Consumer,2023-03-24
CUST-04036,Aman यादव,Male,38,Chennai,Tamil Nadu,India,Small Business,2022-01-15
CUST-04037,Aryan Chatterjee,Male,36,Pune,Maharashtra,India,Small Business,2024-03-17
CUST-04038,Manish Mishra,Male,32,Pune,Maharashtra,India,Small Business,2023-01-18
CUST-04039,Anjali यादव,Female,35,Jaipur,Rajasthan,India,Corporate,2025-02-09
CUST-04040,Sandeep Gupta,Male,24,Kolkata,West Bengal,India,Consumer,2023-11-23
CUST-04041,Nikhil Patel,Male,53,Delhi,Delhi,India,Consumer,2024-12-09
CUST-04042,Aanya Kulkarni,Female,54,Chandigarh,Chandigarh,India,Consumer,2024-08-01
CUST-04043,Ananya Pandey,Female,54,Mumbai,Maharashtra,India,Corporate,2024-03-14
CUST-04044,Karan Mehta,Male,46,Pune,Maharashtra,India,Consumer,2023-06-06
CUST-04045,Vaishnavi Gupta,Female,48,Guwahati,Assam,India,Consumer,2023-03-18
CUST-04046,Kriti Iyer,Female,49,Delhi,Delhi,India,Consumer,2025-08-26
CUST-04047,Aanya Iyer,Female,48,Bengaluru,Karnataka,India,Consumer,2022-01-13
CUST-04048,Vikas Gupta,Male,40,Mumbai,Maharashtra,India,Small Business,2025-02-25
CUST-04049,Ankit Iyer,Male,30,Bengaluru,Karnataka,India,Small Business,2022-06-20
CUST-04050,Anushka यादव,Female,48,Delhi,Delhi,India,Consumer,2022-07-15
CUST-04051,Tanvi Agarwal,Female,48,Mumbai,Maharashtra,India,Consumer,2023-06-16
CUST-04052,Dev Pandey,Male,26,Indore,Madhya Pradesh,India,Consumer,2024-11-05
CUST-04053,Isha Pandey,Female,42,Visakhapatnam,Andhra Pradesh,India,Small Business,2025-05-23
CUST-04054,Nisha यादव,Female,25,Coimbatore,Tamil Nadu,India,Consumer,2025-03-17
CUST-04055,Nikhil Das,Male,26,Delhi,Delhi,India,Corporate,2025-11-15
CUST-04056,Akash Kapoor,Male,21,Kolkata,West Bengal,India,Consumer,2023-10-11
CUST-04057,Anushka Das,Female,49,Bengaluru,Karnataka,India,Consumer,2024-11-14
CUST-04058,Manish Mishra,Male,25,Ahmedabad,Gujarat,India,Consumer,2024-07-07
CUST-04059,Kunal Chatterjee,Male,58,Delhi,Delhi,India,Consumer,2024-12-24
CUST-04060,Saanvi Reddy,Female,45,Ahmedabad,Gujarat,India,Small Business,2023-11-15
CUST-04061,Dev Roy,Male,46,Kolkata,West Bengal,India,Small Business,2025-06-18
CUST-04062,Arjun Das,Male,20,Chennai,Tamil Nadu,India,Consumer,2023-11-14
CUST-04063,Vaishnavi Banerjee,Female,46,Delhi,Delhi,India,Consumer,2024-01-17
CUST-04064,Aman Agarwal,Male,39,Bengaluru,Karnataka,India,Consumer,2025-04-01
CUST-04065,Kriti Jain,Female,32,Mumbai,Maharashtra,India,Consumer,2025-08-21
CUST-04066,Vaishnavi Bhat,Female,29,Pune,Maharashtra,India,Small Business,2023-05-13
CUST-04067,Sandeep Chatterjee,Male,33,Bengaluru,Karnataka,India,Consumer,2022-05-28
CUST-04068,Akash Patel,Male,32,Hyderabad,Telangana,India,Consumer,2023-07-08
CUST-04069,Anushka Sharma,Female,61,Chandigarh,Chandigarh,India,Small Business,2023-01-04
CUST-04070,Ankit Iyer,Male,29,Coimbatore,Tamil Nadu,India,Consumer,2025-05-16
CUST-04071,Yash Das,Male,26,Mumbai,Maharashtra,India,Small Business,2025-06-29
CUST-04072,Pranav Chatterjee,Male,49,Delhi,Delhi,India,Corporate,2025-05-25
CUST-04073,Dev Bhat,Male,31,Gurugram,Haryana,India,Consumer,2022-08-26
CUST-04074,Priya Mukherjee,Female,40,Delhi,Delhi,India,Small Business,2023-12-01
CUST-04075,Kriti Singh,Female,24,Mumbai,Maharashtra,India,Consumer,2022-08-20
CUST-04076,Sneha Agarwal,Female,31,Pune,Maharashtra,India,Consumer,2025-10-23
CUST-04077,Aanya Patel,Female,35,Coimbatore,Tamil Nadu,India,Small Business,2025-12-09
CUST-04078,Divya Roy,Female,27,Bengaluru,Karnataka,India,Small Business,2022-08-29
CUST-04079,Nisha Jain,Female,42,Kolkata,West Bengal,India,Consumer,2023-04-28
CUST-04080,Pooja Pandey,Female,33,Kochi,Kerala,India,Small Business,2024-04-27
CUST-04081,Kriti Mehta,Female,60,Surat,Gujarat,India,Consumer,2024-11-18
CUST-04082,Aditi Iyer,Female,32,Indore,Madhya Pradesh,India,Consumer,2024-02-05
CUST-04083,Pranav Mukherjee,Male,27,Chennai,Tamil Nadu,India,Consumer,2023-06-03
CUST-04084,Vikas Banerjee,Male,33,Pune,Maharashtra,India,Consumer,2025-10-05
CUST-04085,Neha Patel,Female,33,Mumbai,Maharashtra,India,Consumer,2022-01-20
CUST-04086,Aman Singh,Male,50,Lucknow,Uttar Pradesh,India,Consumer,2023-01-17
CUST-04087,Rahul Jain,Male,35,Ahmedabad,Gujarat,India,Consumer,2023-07-09
CUST-04088,Manish Nair,Male,48,Kochi,Kerala,India,Consumer,2023-03-26
CUST-04089,Akash Sharma,Male,47,Bengaluru,Karnataka,India,Consumer,2022-03-11
CUST-04090,Divya Khanna,Female,27,Jaipur,Rajasthan,India,Consumer,2025-05-23
CUST-04091,Aman Khanna,Male,38,Ahmedabad,Gujarat,India,Consumer,2022-11-26
CUST-04092,Ananya Jain,Female,33,Kolkata,West Bengal,India,Consumer,2024-10-25
CUST-04093,Saanvi Das,Female,52,Delhi,Delhi,India,Consumer,2022-10-22
CUST-04094,Kavya Khanna,Female,58,Gurugram,Haryana,India,Corporate,2023-11-13
CUST-04095,Divya Shah,Female,32,Pune,Maharashtra,India,Consumer,2023-12-23
CUST-04096,Aditya Pandey,Male,42,Mumbai,Maharashtra,India,Small Business,2023-06-08
CUST-04097,Saanvi Iyer,Female,30,Chennai,Tamil Nadu,India,Consumer,2022-01-27
CUST-04098,Rohan Sharma,Male,41,Lucknow,Uttar Pradesh,India,Consumer,2023-01-31
CUST-04099,Ananya Jain,Female,42,Gurugram,Haryana,India,Consumer,2023-01-22
CUST-04100,Ananya Bhat,Female,39,Bengaluru,Karnataka,India,Small Business,2025-05-04
CUST-04101,Aryan Srinivasan,Male,60,Patna,Bihar,India,Consumer,2025-11-01
CUST-04102,Saanvi Banerjee,Female,50,Bengaluru,Karnataka,India,Consumer,2023-07-14
CUST-04103,Anushka Shah,Female,28,Bengaluru,Karnataka,India,Consumer,2023-05-04
CUST-04104,Nikhil Verma,Male,41,Surat,Gujarat,India,Consumer,2023-04-21
CUST-04105,Tanvi Reddy,Female,30,Delhi,Delhi,India,Consumer,2025-03-29
CUST-04106,Aditya Verma,Male,26,Bhubaneswar,Odisha,India,Consumer,2022-08-28
CUST-04107,Ananya Mishra,Female,43,Chennai,Tamil Nadu,India,Consumer,2023-04-15
CUST-04108,Harsh Agarwal,Male,51,Ranchi,Jharkhand,India,Corporate,2023-01-12
CUST-04109,Nisha Jain,Female,27,Mumbai,Maharashtra,India,Corporate,2025-09-17
CUST-04110,Divya Sharma,Female,60,Mumbai,Maharashtra,India,Consumer,2023-02-18
CUST-04111,Shreya Bhat,Female,34,Gurugram,Haryana,India,Consumer,2025-02-19
CUST-04112,Tanvi Reddy,Female,34,Delhi,Delhi,India,Consumer,2024-10-02
CUST-04113,Arjun Jain,Male,28,Mumbai,Maharashtra,India,Corporate,2022-05-18
CUST-04114,Saanvi Nair,Female,44,Jaipur,Rajasthan,India,Consumer,2022-11-15
CUST-04115,Sandeep Kulkarni,Male,26,Pune,Maharashtra,India,Consumer,2025-02-09
CUST-04116,Aditi Jain,Female,33,Lucknow,Uttar Pradesh,India,Corporate,2024-04-07
CUST-04117,Anjali Singh,Female,51,Kolkata,West Bengal,India,Consumer,2025-11-03
CUST-04118,Pooja Kulkarni,Female,41,Kochi,Kerala,India,Consumer,2024-11-20
CUST-04119,Vikas Kulkarni,Male,20,Bengaluru,Karnataka,India,Consumer,2022-06-01
CUST-04120,Vaishnavi Gupta,Female,34,Hyderabad,Telangana,India,Consumer,2025-06-26
CUST-04121,Kavya Mukherjee,Female,30,Bengaluru,Karnataka,India,Consumer,2025-03-24
CUST-04122,Deepika Verma,Female,29,Kolkata,West Bengal,India,Consumer,2024-11-16
CUST-04123,Nisha Banerjee,Female,50,Kochi,Kerala,India,Consumer,2025-10-12
CUST-04124,Sneha Reddy,Female,38,Pune,Maharashtra,India,Consumer,2023-10-07
CUST-04125,Vivek Das,Male,19,Delhi,Delhi,India,Consumer,2025-01-30
CUST-04126,Shiv यादव,Other,33,Chennai,Tamil Nadu,India,Consumer,2023-07-07
CUST-04127,Saanvi Mishra,Female,63,Chennai,Tamil Nadu,India,Consumer,2025-10-01
CUST-04128,Tanvi Shah,Female,40,Kolkata,West Bengal,India,Consumer,2023-10-04
CUST-04129,Aditya Roy,Male,35,Kolkata,West Bengal,India,Consumer,2022-05-05
CUST-04130,Isha Reddy,Female,62,Kolkata,West Bengal,India,Consumer,2022-04-05
CUST-04131,Shreya Singh,Female,37,Chennai,Tamil Nadu,India,Corporate,2022-05-28
CUST-04132,Isha Mishra,Female,42,Raipur,Chhattisgarh,India,Consumer,2023-03-14
CUST-04133,Shreya Srinivasan,Female,20,Chandigarh,Chandigarh,India,Consumer,2022-03-04
CUST-04134,Siddharth यादव,Male,27,Delhi,Delhi,India,Corporate,2024-05-28
CUST-04135,Divya Bhat,Female,37,Surat,Gujarat,India,Corporate,2023-03-21
CUST-04136,Isha Banerjee,Female,48,Hyderabad,Telangana,India,Consumer,2023-06-12
CUST-04137,Tanvi Singh,Female,50,Kolkata,West Bengal,India,Consumer,2023-07-01
CUST-04138,Neha Jain,Female,50,Delhi,Delhi,India,Corporate,2023-02-23
CUST-04139,Rohan Srinivasan,Male,43,Hyderabad,Telangana,India,Small Business,2022-02-14
CUST-04140,Devansh Khanna,Other,36,Gurugram,Haryana,India,Consumer,2022-09-17
CUST-04141,Tanvi Mukherjee,Female,28,Chennai,Tamil Nadu,India,Consumer,2024-06-16
CUST-04142,Karan Singh,Male,40,Pune,Maharashtra,India,Consumer,2024-04-25
CUST-04143,Deepak Das,Male,34,Chennai,Tamil Nadu,India,Consumer,2025-04-24
CUST-04144,Manish Sharma,Male,46,Jaipur,Rajasthan,India,Consumer,2022-11-21
CUST-04145,Avni Nair,Other,32,Kolkata,West Bengal,India,Corporate,2024-09-20
CUST-04146,Aman Reddy,Male,44,Jaipur,Rajasthan,India,Consumer,2023-07-21
CUST-04147,Pranav Chatterjee,Male,23,Delhi,Delhi,India,Consumer,2023-12-31
CUST-04148,Manish Khanna,Male,23,Coimbatore,Tamil Nadu,India,Small Business,2022-09-03
CUST-04149,Vivek Iyer,Male,41,Chennai,Tamil Nadu,India,Small Business,2025-04-17
CUST-04150,Nikhil Jain,Male,26,Kolkata,West Bengal,India,Small Business,2023-08-06
CUST-04151,Rohan Banerjee,Male,37,Hyderabad,Telangana,India,Consumer,2025-11-30
CUST-04152,Ankit Kapoor,Male,46,Jaipur,Rajasthan,India,Consumer,2022-02-17
CUST-04153,Sandeep Sharma,Male,42,Goa,Goa,India,Consumer,2024-02-21
CUST-04154,Rahul Chatterjee,Male,29,Bhubaneswar,Odisha,India,Consumer,2025-02-14
CUST-04155,Pranav Agarwal,Male,59,Jaipur,Rajasthan,India,Consumer,2022-02-17
CUST-04156,Saanvi Bhat,Female,32,Pune,Maharashtra,India,Small Business,2022-05-30
CUST-04157,Nikhil Patel,Male,51,Bengaluru,Karnataka,India,Consumer,2022-11-19
CUST-04158,Samarth Roy,Other,28,Mumbai,Maharashtra,India,Consumer,2022-11-05
CUST-04159,Sandeep Mishra,Male,36,Pune,Maharashtra,India,Consumer,2025-10-27
CUST-04160,Aditi Chatterjee,Female,23,Surat,Gujarat,India,Consumer,2022-10-31
CUST-04161,Ananya Iyer,Female,30,Mumbai,Maharashtra,India,Consumer,2022-03-08
CUST-04162,Riya यादव,Female,48,Bengaluru,Karnataka,India,Small Business,2023-01-17
CUST-04163,Ankit Patel,Male,27,Mumbai,Maharashtra,India,Corporate,2024-10-23
CUST-04164,Devansh Sharma,Other,30,Lucknow,Uttar Pradesh,India,Consumer,2023-12-11
CUST-04165,Mohit यादव,Male,46,Jaipur,Rajasthan,India,Consumer,2025-08-05
CUST-04166,Ankit Mishra,Male,34,Visakhapatnam,Andhra Pradesh,India,Small Business,2025-02-27
CUST-04167,Riya Bhat,Female,43,Coimbatore,Tamil Nadu,India,Consumer,2023-09-07
CUST-04168,Riya Kapoor,Female,52,Delhi,Delhi,India,Consumer,2025-05-14
CUST-04169,Kriti Jain,Female,53,Pune,Maharashtra,India,Consumer,2023-05-17
CUST-04170,Aryan Nair,Male,54,Kolkata,West Bengal,India,Corporate,2023-08-26
CUST-04171,Tanvi Chatterjee,Female,25,Hyderabad,Telangana,India,Corporate,2024-09-12
CUST-04172,Vaishnavi Pandey,Female,40,Jaipur,Rajasthan,India,Consumer,2023-05-06
CUST-04173,Mohit Reddy,Male,31,Visakhapatnam,Andhra Pradesh,India,Corporate,2024-11-10
CUST-04174,Aarav Agarwal,Male,29,Lucknow,Uttar Pradesh,India,Consumer,2025-10-25
CUST-04175,Ankit Khanna,Male,58,Mumbai,Maharashtra,India,Consumer,2022-08-08
CUST-04176,Aditi Bhat,Female,29,Delhi,Delhi,India,Small Business,2022-01-28
CUST-04177,Nikhil Mehta,Male,44,Chennai,Tamil Nadu,India,Consumer,2025-02-22
CUST-04178,Karan Iyer,Male,42,Visakhapatnam,Andhra Pradesh,India,Corporate,2024-03-14
CUST-04179,Aryan Reddy,Male,49,Hyderabad,Telangana,India,Consumer,2025-06-27
CUST-04180,Pranav Verma,Male,31,Delhi,Delhi,India,Corporate,2022-05-18
CUST-04181,Nisha Jain,Female,33,Jaipur,Rajasthan,India,Corporate,2025-02-23
CUST-04182,Divya Mehta,Female,34,Mumbai,Maharashtra,India,Consumer,2022-09-01
CUST-04183,Vivek Khanna,Male,37,Pune,Maharashtra,India,Consumer,2025-09-10
CUST-04184,Pooja Pandey,Female,44,Coimbatore,Tamil Nadu,India,Small Business,2023-03-29
CUST-04185,Aashi Mukherjee,Other,35,Mumbai,Maharashtra,India,Consumer,2025-01-08
CUST-04186,Anushka Khanna,Female,30,Visakhapatnam,Andhra Pradesh,India,Corporate,2024-08-15
CUST-04187,Neha Pandey,Female,60,Patna,Bihar,India,Consumer,2022-07-10
CUST-04188,Meera Verma,Female,38,Jaipur,Rajasthan,India,Consumer,2024-04-26
CUST-04189,Arjun Banerjee,Male,33,Kolkata,West Bengal,India,Consumer,2022-06-30
CUST-04190,Isha Das,Female,47,Lucknow,Uttar Pradesh,India,Consumer,2025-12-21
CUST-04191,Ankit Banerjee,Male,34,Mumbai,Maharashtra,India,Consumer,2022-06-23
CUST-04192,Devansh Chatterjee,Other,42,Delhi,Delhi,India,Consumer,2023-04-06
CUST-04193,Mohit Gupta,Male,29,Pune,Maharashtra,India,Consumer,2023-12-30
CUST-04194,Vivek Banerjee,Male,25,Raipur,Chhattisgarh,India,Consumer,2022-01-30
CUST-04195,Ankit Reddy,Male,32,Hyderabad,Telangana,India,Consumer,2024-07-18
CUST-04196,Aryan Khanna,Male,50,Pune,Maharashtra,India,Consumer,2022-06-24
CUST-04197,Aditi Mishra,Female,43,Bengaluru,Karnataka,India,Small Business,2024-12-19
CUST-04198,Manish Mehta,Male,41,Kochi,Kerala,India,Consumer,2022-12-17
CUST-04199,Ankit Roy,Male,30,Kolkata,West Bengal,India,Consumer,2025-06-10
CUST-04200,Arjun Chatterjee,Male,21,Mumbai,Maharashtra,India,Corporate,2025-06-09
CUST-04201,Dev Agarwal,Male,29,Gurugram,Haryana,India,Consumer,2022-01-28
CUST-04202,Manish Singh,Male,45,Delhi,Delhi,India,Consumer,2025-06-13
CUST-04203,Sandeep Banerjee,Male,26,Delhi,Delhi,India,Consumer,2022-08-03
CUST-04204,Rahul Bhat,Male,38,Mumbai,Maharashtra,India,Corporate,2024-09-25
CUST-04205,Aditya Iyer,Male,53,Ahmedabad,Gujarat,India,Consumer,2022-11-26
CUST-04206,Ananya Chatterjee,Female,49,Lucknow,Uttar Pradesh,India,Small Business,2023-06-07
CUST-04207,Aditya Nair,Male,27,Pune,Maharashtra,India,Small Business,2022-02-11
CUST-04208,Nisha Chatterjee,Female,26,Surat,Gujarat,India,Small Business,2024-11-01
CUST-04209,Aditi Das,Female,33,Ranchi,Jharkhand,India,Consumer,2025-12-18
CUST-04210,Isha Bhat,Female,31,Kochi,Kerala,India,Consumer,2024-10-23
CUST-04211,Saanvi Kulkarni,Female,56,Bengaluru,Karnataka,India,Consumer,2025-07-23
CUST-04212,Meera Nair,Female,39,Delhi,Delhi,India,Consumer,2022-12-31
CUST-04213,Sandeep Mehta,Male,29,Kolkata,West Bengal,India,Corporate,2024-11-07
CUST-04214,Sandeep Sharma,Male,25,Kolkata,West Bengal,India,Consumer,2023-01-14
CUST-04215,Vivek Iyer,Male,24,Kolkata,West Bengal,India,Corporate,2024-06-13
CUST-04216,Riya Reddy,Female,54,Bengaluru,Karnataka,India,Consumer,2025-03-19
CUST-04217,Harsh Shah,Male,46,Bhubaneswar,Odisha,India,Corporate,2023-06-13
CUST-04218,Anushka Mehta,Female,32,Pune,Maharashtra,India,Consumer,2022-05-07
CUST-04219,Aditi Banerjee,Female,40,Ahmedabad,Gujarat,India,Corporate,2024-02-22
CUST-04220,Manish Srinivasan,Male,35,Indore,Madhya Pradesh,India,Consumer,2023-05-29
CUST-04221,Anushka Sharma,Female,24,Bengaluru,Karnataka,India,Corporate,2023-10-22
CUST-04222,Pranav यादव,Male,43,Gurugram,Haryana,India,Small Business,2022-10-26
CUST-04223,Siddharth Banerjee,Male,33,Gurugram,Haryana,India,Consumer,2024-07-04
CUST-04224,Vikas Banerjee,Male,39,Surat,Gujarat,India,Consumer,2023-03-06
CUST-04225,Pooja Bhat,Female,29,Gurugram,Haryana,India,Corporate,2025-07-24
CUST-04226,Mohit Patel,Male,33,Bengaluru,Karnataka,India,Consumer,2025-11-16
CUST-04227,Aanya Agarwal,Female,22,Bengaluru,Karnataka,India,Consumer,2025-06-07
CUST-04228,Divya Srinivasan,Female,43,Jaipur,Rajasthan,India,Consumer,2025-08-18
CUST-04229,Aryan Mehta,Male,24,Ahmedabad,Gujarat,India,Consumer,2022-03-05
CUST-04230,Arjun Patel,Male,20,Kolkata,West Bengal,India,Consumer,2023-08-13
CUST-04231,Rahul Gupta,Male,23,Patna,Bihar,India,Consumer,2025-07-25
CUST-04232,Meera Patel,Female,28,Bengaluru,Karnataka,India,Consumer,2022-08-22
CUST-04233,Anjali Patel,Female,28,Mumbai,Maharashtra,India,Consumer,2025-10-16
CUST-04234,Rahul Das,Male,25,Pune,Maharashtra,India,Consumer,2023-11-23
CUST-04235,Akash Shah,Male,26,Kolkata,West Bengal,India,Consumer,2024-05-27
CUST-04236,Mohit Bhat,Male,22,Delhi,Delhi,India,Consumer,2025-09-30
CUST-04237,Aashi Srinivasan,Other,47,Bengaluru,Karnataka,India,Consumer,2023-10-03
CUST-04238,Sneha Reddy,Female,26,Delhi,Delhi,India,Small Business,2022-10-16
CUST-04239,Nikhil Mukherjee,Male,28,Mumbai,Maharashtra,India,Consumer,2024-02-23
CUST-04240,Akash Das,Male,42,Delhi,Delhi,India,Consumer,2024-01-23
CUST-04241,Harsh Bhat,Male,38,Delhi,Delhi,India,Consumer,2024-05-16
CUST-04242,Nisha Khanna,Female,44,Delhi,Delhi,India,Consumer,2023-02-28
CUST-04243,Divya Jain,Female,26,Jaipur,Rajasthan,India,Consumer,2024-05-14
CUST-04244,Meera Kapoor,Female,26,Mumbai,Maharashtra,India,Corporate,2025-03-29
CUST-04245,Anjali Gupta,Female,46,Bengaluru,Karnataka,India,Small Business,2022-04-17
CUST-04246,Sneha Kulkarni,Female,47,Mumbai,Maharashtra,India,Corporate,2022-12-21
CUST-04247,Arjun Shah,Male,39,Mumbai,Maharashtra,India,Small Business,2022-12-25
CUST-04248,Sandeep Roy,Male,49,Raipur,Chhattisgarh,India,Consumer,2022-08-02
CUST-04249,Divya Srinivasan,Female,33,Pune,Maharashtra,India,Consumer,2022-05-26
CUST-04250,Tanvi Bhat,Female,45,Lucknow,Uttar Pradesh,India,Consumer,2024-09-06
CUST-04251,Dev Verma,Male,43,Mumbai,Maharashtra,India,Consumer,2022-05-29
CUST-04252,Vaishnavi Patel,Female,29,Hyderabad,Telangana,India,Consumer,2025-02-17
CUST-04253,Vikas Patel,Male,24,Kolkata,West Bengal,India,Consumer,2023-09-02
CUST-04254,Meera Pandey,Female,41,Delhi,Delhi,India,Consumer,2024-03-27
CUST-04255,Divya Khanna,Female,36,Pune,Maharashtra,India,Consumer,2022-12-10
CUST-04256,Aarav Srinivasan,Male,34,Bengaluru,Karnataka,India,Consumer,2025-08-14
CUST-04257,Sneha Nair,Female,33,Ahmedabad,Gujarat,India,Small Business,2025-07-28
CUST-04258,Kunal Srinivasan,Male,53,Chennai,Tamil Nadu,India,Consumer,2025-02-04
CUST-04259,Sneha Nair,Female,56,Ahmedabad,Gujarat,India,Consumer,2023-12-12
CUST-04260,Kunal Iyer,Male,25,Surat,Gujarat,India,Consumer,2025-09-03
CUST-04261,Ankit Chatterjee,Male,42,Lucknow,Uttar Pradesh,India,Consumer,2024-04-17
CUST-04262,Deepak Reddy,Male,29,Patna,Bihar,India,Small Business,2024-12-16
CUST-04263,Mohit Kapoor,Male,31,Surat,Gujarat,India,Consumer,2022-08-17
CUST-04264,Nisha Jain,Female,50,Kolkata,West Bengal,India,Consumer,2024-03-31
CUST-04265,Kriti Shah,Female,53,Jaipur,Rajasthan,India,Consumer,2022-10-30
CUST-04266,Aanya Khanna,Female,36,Hyderabad,Telangana,India,Consumer,2025-07-06
CUST-04267,Dev Iyer,Male,38,Bhubaneswar,Odisha,India,Consumer,2025-09-20
CUST-04268,Nikhil Pandey,Male,31,Chennai,Tamil Nadu,India,Small Business,2022-08-19
CUST-04269,Noor Iyer,Other,35,Ahmedabad,Gujarat,India,Consumer,2025-10-27
CUST-04270,Nikhil Nair,Male,34,Jaipur,Rajasthan,India,Corporate,2025-05-21
CUST-04271,Siddharth Jain,Male,58,Patna,Bihar,India,Consumer,2022-02-16
CUST-04272,Vivek Patel,Male,43,Bengaluru,Karnataka,India,Consumer,2022-11-15
CUST-04273,Deepak Patel,Male,47,Siliguri,West Bengal,India,Consumer,2022-10-07
CUST-04274,Vaishnavi Shah,Female,46,Indore,Madhya Pradesh,India,Consumer,2025-12-24
CUST-04275,Shreya Mishra,Female,41,Mumbai,Maharashtra,India,Consumer,2023-09-05
CUST-04276,Yash Iyer,Male,21,Chandigarh,Chandigarh,India,Consumer,2024-03-08
CUST-04277,Vivek Jain,Male,47,Hyderabad,Telangana,India,Consumer,2022-10-27
CUST-04278,Rishi Nair,Other,47,Kolkata,West Bengal,India,Consumer,2025-01-15
CUST-04279,Sandeep Banerjee,Male,47,Bhubaneswar,Odisha,India,Corporate,2023-08-18
CUST-04280,Yash Shah,Male,28,Delhi,Delhi,India,Small Business,2024-02-24
CUST-04281,Kriti Banerjee,Female,35,Jaipur,Rajasthan,India,Consumer,2025-11-27
CUST-04282,Sneha Roy,Female,33,Chennai,Tamil Nadu,India,Small Business,2025-10-19
CUST-04283,Arjun Khanna,Male,33,Hyderabad,Telangana,India,Consumer,2024-02-01
CUST-04284,Rohan Reddy,Male,33,Delhi,Delhi,India,Consumer,2023-09-10
CUST-04285,Deepika यादव,Female,46,Bengaluru,Karnataka,India,Consumer,2025-01-17
CUST-04286,Dev Reddy,Male,44,Pune,Maharashtra,India,Consumer,2025-07-29
CUST-04287,Tanvi Shah,Female,32,Lucknow,Uttar Pradesh,India,Small Business,2025-12-12
CUST-04288,Ankit Gupta,Male,45,Visakhapatnam,Andhra Pradesh,India,Consumer,2023-05-22
CUST-04289,Isha Verma,Female,52,Delhi,Delhi,India,Consumer,2024-01-24
CUST-04290,Harsh Shah,Male,44,Lucknow,Uttar Pradesh,India,Corporate,2025-02-03
CUST-04291,Aman Singh,Male,39,Mumbai,Maharashtra,India,Consumer,2023-08-02
CUST-04292,Akash Pandey,Male,41,Ahmedabad,Gujarat,India,Consumer,2024-08-19
CUST-04293,Shreya Mukherjee,Female,34,Delhi,Delhi,India,Corporate,2023-08-16
CUST-04294,Isha Das,Female,51,Ahmedabad,Gujarat,India,Consumer,2024-05-03
CUST-04295,Priya Sharma,Female,53,Surat,Gujarat,India,Small Business,2024-02-15
CUST-04296,Riya Patel,Female,41,Delhi,Delhi,India,Consumer,2023-09-06
CUST-04297,Aanya Khanna,Female,30,Lucknow,Uttar Pradesh,India,Consumer,2024-03-25
CUST-04298,Pranav Kulkarni,Male,31,Kolkata,West Bengal,India,Consumer,2022-05-07
CUST-04299,Nisha Mehta,Female,25,Kolkata,West Bengal,India,Small Business,2024-04-01
CUST-04300,Divya Mehta,Female,34,Delhi,Delhi,India,Corporate,2024-07-17
CUST-04301,Akash Mehta,Male,35,Mumbai,Maharashtra,India,Consumer,2025-12-21
CUST-04302,Aditi Singh,Female,39,Surat,Gujarat,India,Corporate,2024-03-25
CUST-04303,Rahul Banerjee,Male,24,Bhubaneswar,Odisha,India,Consumer,2022-05-23
CUST-04304,Arjun Shah,Male,39,Jaipur,Rajasthan,India,Consumer,2024-09-16
CUST-04305,Saanvi Bhat,Female,37,Visakhapatnam,Andhra Pradesh,India,Consumer,2025-05-18
CUST-04306,Vaishnavi Patel,Female,28,Ranchi,Jharkhand,India,Consumer,2022-09-01
CUST-04307,Isha Sharma,Female,41,Pune,Maharashtra,India,Consumer,2024-07-06
CUST-04308,Kavya Bhat,Female,45,Chandigarh,Chandigarh,India,Small Business,2023-08-18
CUST-04309,Aditi Nair,Female,21,Chandigarh,Chandigarh,India,Consumer,2024-10-22
CUST-04310,Aman Pandey,Male,58,Bhubaneswar,Odisha,India,Consumer,2022-05-25
CUST-04311,Saanvi Patel,Female,54,Kolkata,West Bengal,India,Consumer,2025-08-19
CUST-04312,Pooja Kapoor,Female,32,Delhi,Delhi,India,Small Business,2025-04-17
CUST-04313,Aarav Srinivasan,Male,41,Patna,Bihar,India,Small Business,2022-04-17
CUST-04314,Anushka Mehta,Female,36,Bengaluru,Karnataka,India,Corporate,2025-08-09
CUST-04315,Aryan Mishra,Male,25,Hyderabad,Telangana,India,Consumer,2025-02-15
CUST-04316,Sandeep Nair,Male,50,Visakhapatnam,Andhra Pradesh,India,Consumer,2025-01-12
CUST-04317,Isha Khanna,Female,31,Gurugram,Haryana,India,Consumer,2024-09-14
CUST-04318,Meera Sharma,Female,20,Chandigarh,Chandigarh,India,Consumer,2025-09-27
CUST-04319,Isha Agarwal,Female,34,Patna,Bihar,India,Consumer,2022-03-20
CUST-04320,Neha Shah,Female,33,Gurugram,Haryana,India,Consumer,2024-12-10
CUST-04321,Kunal Khanna,Male,30,Hyderabad,Telangana,India,Consumer,2022-12-02
CUST-04322,Aarav Roy,Male,50,Bengaluru,Karnataka,India,Small Business,2023-05-30
CUST-04323,Pooja Patel,Female,26,Mumbai,Maharashtra,India,Consumer,2022-03-07
CUST-04324,Anushka यादव,Female,37,Delhi,Delhi,India,Consumer,2023-04-07
CUST-04325,Shreya Mishra,Female,35,Ahmedabad,Gujarat,India,Consumer,2022-03-19
CUST-04326,Akash Nair,Male,54,Jaipur,Rajasthan,India,Small Business,2025-01-26
CUST-04327,Deepika Mukherjee,Female,31,Ahmedabad,Gujarat,India,Consumer,2024-04-21
CUST-04328,Tanvi Nair,Female,30,Chennai,Tamil Nadu,India,Consumer,2023-10-19
CUST-04329,Nisha Khanna,Female,42,Delhi,Delhi,India,Consumer,2024-03-11
CUST-04330,Ananya Chatterjee,Female,35,Chennai,Tamil Nadu,India,Small Business,2025-11-01
CUST-04331,Aryan Srinivasan,Male,51,Kochi,Kerala,India,Small Business,2024-03-07
CUST-04332,Aditya Reddy,Male,24,Pune,Maharashtra,India,Corporate,2025-08-24
CUST-04333,Aryan Roy,Male,54,Delhi,Delhi,India,Consumer,2024-04-01
CUST-04334,Anjali Pandey,Female,49,Kolkata,West Bengal,India,Consumer,2025-10-13
CUST-04335,Aryan Das,Male,50,Gurugram,Haryana,India,Consumer,2023-05-12
CUST-04336,Isha Srinivasan,Female,37,Delhi,Delhi,India,Corporate,2023-10-28
CUST-04337,Meera Banerjee,Female,59,Indore,Madhya Pradesh,India,Consumer,2022-05-13
CUST-04338,Arjun Patel,Male,32,Ahmedabad,Gujarat,India,Consumer,2023-01-11
CUST-04339,Arjun Kulkarni,Male,47,Ahmedabad,Gujarat,India,Consumer,2022-11-21
CUST-04340,Harsh Roy,Male,37,Bengaluru,Karnataka,India,Consumer,2022-10-11
CUST-04341,Aman Das,Male,50,Delhi,Delhi,India,Consumer,2022-01-21
CUST-04342,Anushka Verma,Female,31,Pune,Maharashtra,India,Consumer,2024-12-31
CUST-04343,Rahul Gupta,Male,32,Delhi,Delhi,India,Consumer,2025-02-13
CUST-04344,Kunal Banerjee,Male,27,Ahmedabad,Gujarat,India,Consumer,2024-03-03
CUST-04345,Dev Patel,Male,37,Visakhapatnam,Andhra Pradesh,India,Corporate,2022-08-04
CUST-04346,Vaishnavi Mukherjee,Female,37,Mumbai,Maharashtra,India,Corporate,2025-04-27
CUST-04347,Sandeep Jain,Male,32,Kolkata,West Bengal,India,Consumer,2025-01-19
CUST-04348,Saanvi Kapoor,Female,29,Bengaluru,Karnataka,India,Corporate,2023-10-17
CUST-04349,Riya Mishra,Female,22,Bengaluru,Karnataka,India,Consumer,2022-04-16
CUST-04350,Kunal Verma,Male,40,Mumbai,Maharashtra,India,Consumer,2023-08-15
CUST-04351,Tanvi Kulkarni,Female,22,Kolkata,West Bengal,India,Small Business,2024-11-23
CUST-04352,Ananya Khanna,Female,34,Chennai,Tamil Nadu,India,Small Business,2024-06-03
CUST-04353,Sneha Singh,Female,33,Lucknow,Uttar Pradesh,India,Small Business,2023-10-16
CUST-04354,Aditi Patel,Female,32,Patna,Bihar,India,Consumer,2022-09-22
CUST-04355,Karan Kapoor,Male,43,Delhi,Delhi,India,Consumer,2023-12-27
CUST-04356,Aditi Mukherjee,Female,34,Chandigarh,Chandigarh,India,Consumer,2024-02-19
CUST-04357,Vikas Singh,Male,41,Bengaluru,Karnataka,India,Small Business,2023-12-29
CUST-04358,Arjun Bhat,Male,29,Kolkata,West Bengal,India,Corporate,2025-10-28
CUST-04359,Meera Reddy,Female,34,Chandigarh,Chandigarh,India,Corporate,2022-05-09
CUST-04360,Anushka Pandey,Female,29,Bengaluru,Karnataka,India,Consumer,2023-08-07
CUST-04361,Karan Kapoor,Male,44,Mumbai,Maharashtra,India,Small Business,2024-11-25
CUST-04362,Deepika Mukherjee,Female,25,Kolkata,West Bengal,India,Corporate,2022-03-13
CUST-04363,Sneha Sharma,Female,35,Chandigarh,Chandigarh,India,Corporate,2024-12-08
CUST-04364,Vivek Roy,Male,34,Coimbatore,Tamil Nadu,India,Consumer,2022-06-30
CUST-04365,Manish Banerjee,Male,31,Kolkata,West Bengal,India,Consumer,2023-09-26
CUST-04366,Aditya Iyer,Male,60,Bengaluru,Karnataka,India,Consumer,2022-06-03
CUST-04367,Harsh Singh,Male,64,Mumbai,Maharashtra,India,Small Business,2022-07-04
CUST-04368,Anjali Srinivasan,Female,36,Gurugram,Haryana,India,Consumer,2024-12-25
CUST-04369,Kavya Shah,Female,25,Delhi,Delhi,India,Corporate,2024-06-04
CUST-04370,Vaishnavi Reddy,Female,41,Visakhapatnam,Andhra Pradesh,India,Corporate,2023-10-31
CUST-04371,Deepak Mishra,Male,20,Bengaluru,Karnataka,India,Consumer,2024-03-24
CUST-04372,Sneha Pandey,Female,49,Ahmedabad,Gujarat,India,Consumer,2022-05-29
CUST-04373,Meera Iyer,Female,41,Patna,Bihar,India,Corporate,2023-12-21
CUST-04374,Saanvi Mukherjee,Female,39,Goa,Goa,India,Small Business,2024-02-06
CUST-04375,Siddharth Gupta,Male,44,Delhi,Delhi,India,Small Business,2025-05-11
CUST-04376,Dev Reddy,Male,33,Chennai,Tamil Nadu,India,Consumer,2023-10-07
CUST-04377,Aman Sharma,Male,41,Gurugram,Haryana,India,Consumer,2024-10-02
CUST-04378,Dev Khanna,Male,34,Surat,Gujarat,India,Consumer,2022-12-07
CUST-04379,Yash Singh,Male,39,Chennai,Tamil Nadu,India,Consumer,2023-04-16
CUST-04380,Meera Agarwal,Female,43,Delhi,Delhi,India,Consumer,2025-10-01
CUST-04381,Divya यादव,Female,31,Delhi,Delhi,India,Consumer,2025-03-04
CUST-04382,Dev Jain,Male,47,Lucknow,Uttar Pradesh,India,Consumer,2024-05-14
CUST-04383,Sandeep Gupta,Male,29,Chennai,Tamil Nadu,India,Small Business,2024-11-03
CUST-04384,Ankit Verma,Male,37,Chennai,Tamil Nadu,India,Consumer,2022-06-07
CUST-04385,Deepika Nair,Female,44,Bengaluru,Karnataka,India,Consumer,2025-07-14
CUST-04386,Vikas Mehta,Male,29,Gurugram,Haryana,India,Small Business,2022-12-07
CUST-04387,Aman Sharma,Male,26,Delhi,Delhi,India,Consumer,2024-05-02
CUST-04388,Divya Kulkarni,Female,51,Mumbai,Maharashtra,India,Consumer,2024-07-19
CUST-04389,Ankit Chatterjee,Male,27,Visakhapatnam,Andhra Pradesh,India,Consumer,2024-06-18
CUST-04390,Kavya Bhat,Female,25,Surat,Gujarat,India,Small Business,2022-05-12
CUST-04391,Deepika Shah,Female,32,Mumbai,Maharashtra,India,Consumer,2024-05-11
CUST-04392,Dev Verma,Male,29,Mumbai,Maharashtra,India,Consumer,2025-11-11
CUST-04393,Kriti Pandey,Female,36,Kochi,Kerala,India,Consumer,2024-05-25
CUST-04394,Vikas Banerjee,Male,39,Mumbai,Maharashtra,India,Consumer,2022-12-12
CUST-04395,Rahul Shah,Male,32,Pune,Maharashtra,India,Small Business,2025-11-30
CUST-04396,Rohan Singh,Male,25,Bengaluru,Karnataka,India,Small Business,2025-05-11
CUST-04397,Rohan Nair,Male,30,Jaipur,Rajasthan,India,Consumer,2023-12-17
CUST-04398,Divya Banerjee,Female,28,Guwahati,Assam,India,Consumer,2025-02-05
CUST-04399,Rohan Singh,Male,48,Gurugram,Haryana,India,Corporate,2024-01-17
CUST-04400,Harsh Das,Male,20,Gurugram,Haryana,India,Consumer,2023-06-17
CUST-04401,Divya Roy,Female,36,Chennai,Tamil Nadu,India,Consumer,2023-09-28
CUST-04402,Aditya Kulkarni,Male,27,Chennai,Tamil Nadu,India,Consumer,2024-07-30
CUST-04403,Isha Iyer,Female,37,Jaipur,Rajasthan,India,Consumer,2025-11-24
CUST-04404,Vikas Reddy,Male,24,Bengaluru,Karnataka,India,Corporate,2023-03-13
CUST-04405,Anjali Mukherjee,Female,25,Indore,Madhya Pradesh,India,Small Business,2022-09-17
CUST-04406,Nikhil Singh,Male,35,Chandigarh,Chandigarh,India,Consumer,2024-08-08
CUST-04407,Sandeep Jain,Male,46,Delhi,Delhi,India,Consumer,2023-09-27
CUST-04408,Deepak Jain,Male,44,Patna,Bihar,India,Corporate,2024-03-30
CUST-04409,Deepak Kapoor,Male,31,Chennai,Tamil Nadu,India,Consumer,2025-11-05
CUST-04410,Siddharth Nair,Male,21,Raipur,Chhattisgarh,India,Small Business,2023-07-01
CUST-04411,Deepika Chatterjee,Female,41,Raipur,Chhattisgarh,India,Small Business,2024-06-24
CUST-04412,Vivek Bhat,Male,47,Chennai,Tamil Nadu,India,Consumer,2024-01-25
CUST-04413,Tanvi Bhat,Female,30,Ahmedabad,Gujarat,India,Consumer,2022-03-06
CUST-04414,Ananya Banerjee,Female,37,Bengaluru,Karnataka,India,Consumer,2022-07-06
CUST-04415,Aanya Das,Female,26,Surat,Gujarat,India,Consumer,2024-06-07
CUST-04416,Aman Verma,Male,58,Bengaluru,Karnataka,India,Corporate,2024-06-02
CUST-04417,Manish Mishra,Male,35,Mumbai,Maharashtra,India,Consumer,2025-01-26
CUST-04418,Deepak Kulkarni,Male,32,Ahmedabad,Gujarat,India,Consumer,2024-12-14
CUST-04419,Shreya Khanna,Female,49,Bengaluru,Karnataka,India,Consumer,2022-07-28
CUST-04420,Pranav Bhat,Male,54,Kolkata,West Bengal,India,Consumer,2022-06-08
CUST-04421,Akash Kulkarni,Male,33,Mumbai,Maharashtra,India,Consumer,2024-12-19
CUST-04422,Deepak Roy,Male,48,Gurugram,Haryana,India,Consumer,2022-08-27
CUST-04423,Kriti Verma,Female,55,Indore,Madhya Pradesh,India,Consumer,2022-01-14
CUST-04424,Aman Kulkarni,Male,41,Bengaluru,Karnataka,India,Small Business,2025-08-01
CUST-04425,Nikhil Banerjee,Male,53,Chennai,Tamil Nadu,India,Consumer,2023-05-19
CUST-04426,Kriti Reddy,Female,55,Raipur,Chhattisgarh,India,Consumer,2023-11-01
CUST-04427,Pranav Mukherjee,Male,32,Jaipur,Rajasthan,India,Consumer,2025-06-01
CUST-04428,Harsh Gupta,Male,30,Delhi,Delhi,India,Small Business,2025-10-27
CUST-04429,Suman Mehta,Other,42,Chandigarh,Chandigarh,India,Consumer,2022-02-21
CUST-04430,Ankit Roy,Male,53,Delhi,Delhi,India,Small Business,2023-05-27
CUST-04431,Pranav Chatterjee,Male,48,Chennai,Tamil Nadu,India,Consumer,2024-11-06
CUST-04432,Vikas Chatterjee,Male,48,Chandigarh,Chandigarh,India,Consumer,2023-06-26
CUST-04433,Karan Shah,Male,31,Pune,Maharashtra,India,Consumer,2023-12-20
CUST-04434,Rohan यादव,Male,36,Kolkata,West Bengal,India,Consumer,2023-11-25
CUST-04435,Sneha Kapoor,Female,48,Kolkata,West Bengal,India,Consumer,2025-12-18
CUST-04436,Vikas Kapoor,Male,41,Patna,Bihar,India,Consumer,2022-01-06
CUST-04437,Dev Patel,Male,49,Bengaluru,Karnataka,India,Consumer,2024-06-15
CUST-04438,Kunal Kulkarni,Male,39,Mumbai,Maharashtra,India,Small Business,2022-01-24
CUST-04439,Anushka Roy,Female,39,Hyderabad,Telangana,India,Consumer,2022-07-30
CUST-04440,Divya Khanna,Female,23,Gurugram,Haryana,India,Consumer,2022-05-05
CUST-04441,Deepika Chatterjee,Female,43,Chennai,Tamil Nadu,India,Consumer,2022-10-20
CUST-04442,Isha Das,Female,25,Chennai,Tamil Nadu,India,Consumer,2023-07-18
CUST-04443,Harsh Sharma,Male,46,Patna,Bihar,India,Consumer,2024-11-09
CUST-04444,Akash Mukherjee,Male,52,Pune,Maharashtra,India,Small Business,2022-06-14
CUST-04445,Akash Reddy,Male,28,Chennai,Tamil Nadu,India,Consumer,2022-12-06
CUST-04446,Deepika Kulkarni,Female,25,Ahmedabad,Gujarat,India,Corporate,2024-10-20
CUST-04447,Riya Sharma,Female,48,Chennai,Tamil Nadu,India,Consumer,2025-07-22
CUST-04448,Sandeep Mishra,Male,27,Pune,Maharashtra,India,Small Business,2025-01-30
CUST-04449,Vivek Chatterjee,Male,55,Lucknow,Uttar Pradesh,India,Consumer,2025-10-01
CUST-04450,Arjun Agarwal,Male,38,Bhubaneswar,Odisha,India,Consumer,2024-02-21
CUST-04451,Deepika Mukherjee,Female,47,Visakhapatnam,Andhra Pradesh,India,Corporate,2024-11-01
CUST-04452,Nisha Pandey,Female,27,Jaipur,Rajasthan,India,Consumer,2022-11-07
CUST-04453,Kavya Shah,Female,31,Kolkata,West Bengal,India,Small Business,2023-03-25
CUST-04454,Harsh Singh,Male,36,Bengaluru,Karnataka,India,Consumer,2023-11-15
CUST-04455,Tanvi Sharma,Female,45,Mumbai,Maharashtra,India,Consumer,2024-08-28
CUST-04456,Karan Pandey,Male,34,Jaipur,Rajasthan,India,Corporate,2023-05-12
CUST-04457,Devansh Kapoor,Other,42,Ahmedabad,Gujarat,India,Small Business,2025-10-25
CUST-04458,Rahul Reddy,Male,47,Gurugram,Haryana,India,Consumer,2024-09-29
CUST-04459,Neha Gupta,Female,34,Kolkata,West Bengal,India,Consumer,2024-09-12
CUST-04460,Pooja Jain,Female,21,Ahmedabad,Gujarat,India,Consumer,2024-04-21
CUST-04461,Aman Nair,Male,33,Ahmedabad,Gujarat,India,Consumer,2024-07-11
CUST-04462,Sneha Iyer,Female,36,Visakhapatnam,Andhra Pradesh,India,Consumer,2025-09-14
CUST-04463,Kunal Pandey,Male,26,Mumbai,Maharashtra,India,Small Business,2024-12-22
CUST-04464,Nikhil Mishra,Male,51,Gurugram,Haryana,India,Corporate,2023-06-27
CUST-04465,Aryan Reddy,Male,42,Ahmedabad,Gujarat,India,Consumer,2022-05-24
CUST-04466,Aditi Shah,Female,53,Hyderabad,Telangana,India,Consumer,2022-06-18
CUST-04467,Pooja Banerjee,Female,45,Delhi,Delhi,India,Consumer,2025-09-21
CUST-04468,Sandeep Shah,Male,38,Delhi,Delhi,India,Small Business,2023-12-19
CUST-04469,Shreya Das,Female,38,Indore,Madhya Pradesh,India,Consumer,2023-12-10
CUST-04470,Rahul Agarwal,Male,46,Kolkata,West Bengal,India,Corporate,2023-02-09
CUST-04471,Karan Khanna,Male,31,Mumbai,Maharashtra,India,Small Business,2024-12-28
CUST-04472,Vaishnavi Kapoor,Female,47,Lucknow,Uttar Pradesh,India,Corporate,2023-10-24
CUST-04473,Nikhil Pandey,Male,44,Visakhapatnam,Andhra Pradesh,India,Consumer,2024-02-22
CUST-04474,Akash Jain,Male,38,Bhubaneswar,Odisha,India,Consumer,2023-01-22
CUST-04475,Avni Das,Other,28,Mumbai,Maharashtra,India,Consumer,2024-05-17
CUST-04476,Neha यादव,Female,52,Jaipur,Rajasthan,India,Consumer,2022-12-13
CUST-04477,Rahul Shah,Male,39,Mumbai,Maharashtra,India,Consumer,2025-09-13
CUST-04478,Vikas Chatterjee,Male,32,Bengaluru,Karnataka,India,Small Business,2025-10-17
CUST-04479,Nikhil Verma,Male,26,Mumbai,Maharashtra,India,Consumer,2023-11-09
CUST-04480,Kavya Gupta,Female,24,Hyderabad,Telangana,India,Small Business,2024-05-01
CUST-04481,Ankit Pandey,Male,55,Mumbai,Maharashtra,India,Consumer,2022-05-23
CUST-04482,Ananya Mishra,Female,37,Bengaluru,Karnataka,India,Consumer,2023-06-01
CUST-04483,Kavya Banerjee,Female,34,Bengaluru,Karnataka,India,Consumer,2023-11-08
CUST-04484,Divya Khanna,Female,38,Raipur,Chhattisgarh,India,Small Business,2023-05-13
CUST-04485,Kunal Reddy,Male,33,Surat,Gujarat,India,Consumer,2024-09-21
CUST-04486,Deepak Banerjee,Male,27,Ahmedabad,Gujarat,India,Consumer,2024-11-30
CUST-04487,Riya Mukherjee,Female,49,Lucknow,Uttar Pradesh,India,Consumer,2022-09-19
CUST-04488,Siddharth Shah,Male,33,Bhubaneswar,Odisha,India,Corporate,2025-08-29
CUST-04489,Manish Pandey,Male,33,Jaipur,Rajasthan,India,Consumer,2024-05-05
CUST-04490,Yash Mishra,Male,57,Kolkata,West Bengal,India,Consumer,2023-01-23
CUST-04491,Aarav Roy,Male,52,Kolkata,West Bengal,India,Small Business,2024-07-06
CUST-04492,Riya Verma,Female,47,Guwahati,Assam,India,Consumer,2024-12-10
CUST-04493,Aditya Roy,Male,31,Hyderabad,Telangana,India,Consumer,2025-03-24
CUST-04494,Kunal Agarwal,Male,22,Gurugram,Haryana,India,Consumer,2022-06-12
CUST-04495,Anushka Iyer,Female,29,Kolkata,West Bengal,India,Consumer,2025-09-07
CUST-04496,Vikas Roy,Male,32,Delhi,Delhi,India,Consumer,2025-05-29
CUST-04497,Devansh Pandey,Other,38,Hyderabad,Telangana,India,Corporate,2025-09-13
CUST-04498,Manish Mishra,Male,30,Coimbatore,Tamil Nadu,India,Consumer,2023-12-08
CUST-04499,Riya Mishra,Female,38,Kolkata,West Bengal,India,Consumer,2022-12-27
CUST-04500,Vivek Roy,Male,21,Chandigarh,Chandigarh,India,Consumer,2023-06-13
CUST-04501,Nisha Reddy,Female,29,Pune,Maharashtra,India,Corporate,2024-01-26
CUST-04502,Sneha Khanna,Female,33,Gurugram,Haryana,India,Corporate,2025-02-26
CUST-04503,Kriti Mehta,Female,47,Gurugram,Haryana,India,Small Business,2024-11-16
CUST-04504,Dev Khanna,Male,38,Hyderabad,Telangana,India,Small Business,2024-11-03
CUST-04505,Siddharth Singh,Male,30,Delhi,Delhi,India,Consumer,2023-04-14
CUST-04506,Deepika यादव,Female,25,Mumbai,Maharashtra,India,Small Business,2022-06-07
CUST-04507,Vaishnavi Banerjee,Female,39,Kolkata,West Bengal,India,Consumer,2024-11-02
CUST-04508,Nisha Gupta,Female,41,Delhi,Delhi,India,Consumer,2022-04-22
CUST-04509,Deepika Kulkarni,Female,59,Mumbai,Maharashtra,India,Small Business,2025-11-19
CUST-04510,Sandeep Jain,Male,30,Goa,Goa,India,Consumer,2023-06-28
CUST-04511,Siddharth Kapoor,Male,39,Mumbai,Maharashtra,India,Consumer,2025-06-03
CUST-04512,Aryan Jain,Male,35,Indore,Madhya Pradesh,India,Consumer,2024-05-27
CUST-04513,Vaishnavi Gupta,Female,37,Surat,Gujarat,India,Consumer,2025-08-16
CUST-04514,Nisha Kulkarni,Female,47,Delhi,Delhi,India,Corporate,2022-03-12
CUST-04515,Deepika Singh,Female,28,Lucknow,Uttar Pradesh,India,Corporate,2024-03-02
CUST-04516,Nikhil Mukherjee,Male,26,Delhi,Delhi,India,Consumer,2023-07-11
CUST-04517,Priya Shah,Female,23,Mumbai,Maharashtra,India,Corporate,2023-02-16
CUST-04518,Rohan Sharma,Male,36,Pune,Maharashtra,India,Consumer,2023-09-24
CUST-04519,Aarav यादव,Male,44,Mumbai,Maharashtra,India,Consumer,2022-10-22
CUST-04520,Aditya Jain,Male,26,Gurugram,Haryana,India,Consumer,2022-06-08
CUST-04521,Kunal Banerjee,Male,43,Gurugram,Haryana,India,Consumer,2022-11-25
CUST-04522,Priya Patel,Female,23,Lucknow,Uttar Pradesh,India,Consumer,2025-07-02
CUST-04523,Vivek Chatterjee,Male,50,Kolkata,West Bengal,India,Small Business,2022-09-08
CUST-04524,Anushka Gupta,Female,48,Mumbai,Maharashtra,India,Consumer,2024-11-20
CUST-04525,Isha Nair,Female,40,Jaipur,Rajasthan,India,Corporate,2024-06-05
CUST-04526,Neha Verma,Female,42,Mumbai,Maharashtra,India,Consumer,2025-10-26
CUST-04527,Aman Roy,Male,44,Lucknow,Uttar Pradesh,India,Consumer,2024-08-05
CUST-04528,Tanvi Sharma,Female,27,Patna,Bihar,India,Consumer,2025-02-14
CUST-04529,Priya Gupta,Female,54,Chennai,Tamil Nadu,India,Consumer,2025-06-12
CUST-04530,Anjali Srinivasan,Female,30,Gurugram,Haryana,India,Consumer,2025-12-15
CUST-04531,Shreya Kapoor,Female,40,Mumbai,Maharashtra,India,Corporate,2024-03-18
CUST-04532,Aarav Srinivasan,Male,28,Kolkata,West Bengal,India,Consumer,2023-03-28
CUST-04533,Dev Jain,Male,55,Bengaluru,Karnataka,India,Consumer,2022-08-22
CUST-04534,Ananya Agarwal,Female,32,Kochi,Kerala,India,Consumer,2022-09-23
CUST-04535,Nisha Chatterjee,Female,43,Lucknow,Uttar Pradesh,India,Consumer,2024-09-05
CUST-04536,Pooja Verma,Female,28,Kolkata,West Bengal,India,Consumer,2023-04-17
CUST-04537,Avni Khanna,Other,20,Surat,Gujarat,India,Small Business,2024-04-30
CUST-04538,Kavya Srinivasan,Female,45,Mumbai,Maharashtra,India,Consumer,2024-04-18
CUST-04539,Manish Roy,Male,36,Guwahati,Assam,India,Consumer,2023-12-06
CUST-04540,Aryan Mehta,Male,58,Bengaluru,Karnataka,India,Consumer,2022-03-15
CUST-04541,Ankit Khanna,Male,35,Lucknow,Uttar Pradesh,India,Consumer,2025-07-23
CUST-04542,Aarav यादव,Male,46,Visakhapatnam,Andhra Pradesh,India,Consumer,2025-12-13
CUST-04543,Yash Verma,Male,48,Bhubaneswar,Odisha,India,Corporate,2024-01-13
CUST-04544,Saanvi Mehta,Female,45,Indore,Madhya Pradesh,India,Consumer,2025-02-12
CUST-04545,Pranav Nair,Male,42,Pune,Maharashtra,India,Consumer,2022-09-09
CUST-04546,Aarav Bhat,Male,31,Kochi,Kerala,India,Consumer,2022-04-30
CUST-04547,Karan Kapoor,Male,34,Chandigarh,Chandigarh,India,Consumer,2024-06-11
CUST-04548,Saanvi Gupta,Female,33,Raipur,Chhattisgarh,India,Corporate,2025-02-25
CUST-04549,Priya Mishra,Female,43,Delhi,Delhi,India,Corporate,2023-05-23
CUST-04550,Meera Jain,Female,48,Indore,Madhya Pradesh,India,Small Business,2022-12-25
CUST-04551,Divya Verma,Female,47,Mumbai,Maharashtra,India,Small Business,2023-08-31
CUST-04552,Meera Nair,Female,43,Kolkata,West Bengal,India,Small Business,2024-07-17
CUST-04553,Rohan Reddy,Male,23,Chennai,Tamil Nadu,India,Corporate,2025-03-01
CUST-04554,Nikhil Singh,Male,28,Bengaluru,Karnataka,India,Consumer,2024-02-05
CUST-04555,Ankit Khanna,Male,53,Chennai,Tamil Nadu,India,Consumer,2024-01-28
CUST-04556,Anushka Banerjee,Female,38,Indore,Madhya Pradesh,India,Corporate,2022-09-19
CUST-04557,Nisha Kapoor,Female,50,Delhi,Delhi,India,Consumer,2025-05-04
CUST-04558,Aarya Singh,Other,40,Chennai,Tamil Nadu,India,Consumer,2023-07-10
CUST-04559,Samarth Agarwal,Other,37,Mumbai,Maharashtra,India,Corporate,2023-08-01
CUST-04560,Siddharth Bhat,Male,36,Chennai,Tamil Nadu,India,Small Business,2022-04-08
CUST-04561,Divya Mishra,Female,25,Hyderabad,Telangana,India,Consumer,2025-09-20
CUST-04562,Harsh Singh,Male,45,Delhi,Delhi,India,Small Business,2025-01-04
CUST-04563,Mohit Patel,Male,31,Delhi,Delhi,India,Consumer,2023-04-30
CUST-04564,Vaishnavi Mehta,Female,28,Hyderabad,Telangana,India,Consumer,2022-11-20
CUST-04565,Nisha Roy,Female,28,Mumbai,Maharashtra,India,Small Business,2025-09-27
CUST-04566,Meera Pandey,Female,27,Visakhapatnam,Andhra Pradesh,India,Consumer,2023-01-13
CUST-04567,Kriti Mishra,Female,51,Chennai,Tamil Nadu,India,Corporate,2022-10-23
CUST-04568,Noor Iyer,Other,40,Surat,Gujarat,India,Small Business,2024-05-06
CUST-04569,Riya Chatterjee,Female,30,Hyderabad,Telangana,India,Consumer,2025-03-16
CUST-04570,Aman Das,Male,50,Chandigarh,Chandigarh,India,Corporate,2023-08-23
CUST-04571,Nisha Mukherjee,Female,36,Mumbai,Maharashtra,India,Consumer,2024-07-31
CUST-04572,Saanvi Roy,Female,40,Kochi,Kerala,India,Consumer,2023-08-17
CUST-04573,Aarav Mishra,Male,37,Raipur,Chhattisgarh,India,Consumer,2022-04-09
CUST-04574,Riya Khanna,Female,44,Chandigarh,Chandigarh,India,Small Business,2022-12-22
CUST-04575,Arjun Nair,Male,32,Chandigarh,Chandigarh,India,Consumer,2024-08-23
CUST-04576,Aman Iyer,Male,47,Chennai,Tamil Nadu,India,Consumer,2025-09-02
CUST-04577,Kavya Mehta,Female,28,Kolkata,West Bengal,India,Consumer,2023-10-21
CUST-04578,Devansh Sharma,Other,38,Ahmedabad,Gujarat,India,Consumer,2022-11-10
CUST-04579,Nisha Kulkarni,Female,38,Mumbai,Maharashtra,India,Consumer,2025-10-10
CUST-04580,Akash Verma,Male,49,Lucknow,Uttar Pradesh,India,Consumer,2023-11-21
CUST-04581,Riya Kapoor,Female,33,Ranchi,Jharkhand,India,Consumer,2025-05-28
CUST-04582,Pooja Kulkarni,Female,57,Bengaluru,Karnataka,India,Consumer,2022-05-02
CUST-04583,Suman Reddy,Other,31,Delhi,Delhi,India,Small Business,2025-11-09
CUST-04584,Aarav यादव,Male,33,Delhi,Delhi,India,Small Business,2023-07-06
CUST-04585,Kunal Gupta,Male,28,Gurugram,Haryana,India,Consumer,2023-04-02
CUST-04586,Riya Sharma,Female,56,Srinagar,Jammu and Kashmir,India,Consumer,2022-09-19
CUST-04587,Tanvi Mishra,Female,25,Gurugram,Haryana,India,Consumer,2025-02-11
CUST-04588,Riya Reddy,Female,41,Jaipur,Rajasthan,India,Consumer,2024-11-17
CUST-04589,Riya Sharma,Female,27,Delhi,Delhi,India,Consumer,2022-12-31
CUST-04590,Rahul Das,Male,25,Siliguri,West Bengal,India,Consumer,2022-04-21
CUST-04591,Rahul Roy,Male,40,Jaipur,Rajasthan,India,Consumer,2024-08-26
CUST-04592,Arjun Mehta,Male,30,Delhi,Delhi,India,Small Business,2022-09-15
CUST-04593,Vikas Jain,Male,30,Gurugram,Haryana,India,Consumer,2025-08-18
CUST-04594,Ankit Patel,Male,30,Delhi,Delhi,India,Consumer,2023-06-26
CUST-04595,Divya Shah,Female,26,Ranchi,Jharkhand,India,Small Business,2025-05-28
CUST-04596,Aditi Mukherjee,Female,37,Chennai,Tamil Nadu,India,Corporate,2023-11-03
CUST-04597,Isha Das,Female,22,Bengaluru,Karnataka,India,Consumer,2024-02-25
CUST-04598,Neha यादव,Female,38,Indore,Madhya Pradesh,India,Consumer,2024-01-02
CUST-04599,Nisha Das,Female,53,Delhi,Delhi,India,Consumer,2023-08-09
CUST-04600,Akash Nair,Male,49,Surat,Gujarat,India,Consumer,2024-03-30
CUST-04601,Rahul Sharma,Male,28,Jaipur,Rajasthan,India,Corporate,2023-06-01
CUST-04602,Divya Mehta,Female,30,Delhi,Delhi,India,Small Business,2022-11-17
CUST-04603,Deepika Banerjee,Female,29,Patna,Bihar,India,Consumer,2022-09-17
CUST-04604,Riya Chatterjee,Female,47,Chandigarh,Chandigarh,India,Small Business,2022-06-21
CUST-04605,Aditya Roy,Male,41,Coimbatore,Tamil Nadu,India,Consumer,2024-03-14
CUST-04606,Karan Pandey,Male,28,Chennai,Tamil Nadu,India,Small Business,2023-10-10
CUST-04607,Isha Srinivasan,Female,38,Ahmedabad,Gujarat,India,Consumer,2025-07-28
CUST-04608,Divya Mishra,Female,31,Pune,Maharashtra,India,Consumer,2023-11-10
CUST-04609,Mohit Singh,Male,40,Kolkata,West Bengal,India,Consumer,2023-05-06
CUST-04610,Kunal Chatterjee,Male,29,Bhubaneswar,Odisha,India,Consumer,2024-03-31
CUST-04611,Rohan Jain,Male,28,Mumbai,Maharashtra,India,Consumer,2022-02-05
CUST-04612,Aarav Singh,Male,31,Pune,Maharashtra,India,Corporate,2024-07-09
CUST-04613,Priya Mehta,Female,42,Jaipur,Rajasthan,India,Consumer,2025-02-08
CUST-04614,Karan Kulkarni,Male,30,Mumbai,Maharashtra,India,Small Business,2022-07-01
CUST-04615,Kavya Nair,Female,30,Delhi,Delhi,India,Consumer,2024-02-12
CUST-04616,Ankit Banerjee,Male,35,Kochi,Kerala,India,Corporate,2024-07-15
CUST-04617,Tanvi Chatterjee,Female,29,Delhi,Delhi,India,Consumer,2023-04-25
CUST-04618,Nikhil Iyer,Male,31,Kolkata,West Bengal,India,Consumer,2022-07-22
CUST-04619,Anushka Kapoor,Female,34,Mumbai,Maharashtra,India,Consumer,2023-09-05
CUST-04620,Aarav Chatterjee,Male,28,Delhi,Delhi,India,Small Business,2022-02-21
CUST-04621,Devansh Roy,Other,51,Delhi,Delhi,India,Corporate,2023-04-27
CUST-04622,Neha Jain,Female,21,Delhi,Delhi,India,Small Business,2023-02-28
CUST-04623,Ananya यादव,Female,25,Guwahati,Assam,India,Consumer,2024-02-25
CUST-04624,Harsh Mukherjee,Male,43,Bhubaneswar,Odisha,India,Consumer,2022-07-29
CUST-04625,Aanya Shah,Female,51,Srinagar,Jammu and Kashmir,India,Consumer,2023-08-19
CUST-04626,Aryan Banerjee,Male,28,Kolkata,West Bengal,India,Consumer,2024-10-26
CUST-04627,Nikhil Nair,Male,27,Lucknow,Uttar Pradesh,India,Small Business,2024-04-07
CUST-04628,Shreya Srinivasan,Female,49,Coimbatore,Tamil Nadu,India,Consumer,2025-04-22
CUST-04629,Isha Mukherjee,Female,51,Mumbai,Maharashtra,India,Consumer,2024-09-30
CUST-04630,Aditi Sharma,Female,34,Pune,Maharashtra,India,Small Business,2022-09-08
CUST-04631,Aditya Singh,Male,29,Gurugram,Haryana,India,Consumer,2025-12-18
CUST-04632,Noor Pandey,Other,32,Bengaluru,Karnataka,India,Small Business,2025-04-30
CUST-04633,Aditi Pandey,Female,31,Kolkata,West Bengal,India,Consumer,2023-07-14
CUST-04634,Yash Pandey,Male,36,Surat,Gujarat,India,Consumer,2022-10-11
CUST-04635,Deepika यादव,Female,24,Chennai,Tamil Nadu,India,Consumer,2025-02-26
CUST-04636,Priya Verma,Female,28,Bhubaneswar,Odisha,India,Consumer,2022-12-05
CUST-04637,Suman Pandey,Other,26,Hyderabad,Telangana,India,Consumer,2024-09-23
CUST-04638,Vaishnavi Mehta,Female,40,Srinagar,Jammu and Kashmir,India,Consumer,2023-06-16
CUST-04639,Dev Patel,Male,30,Delhi,Delhi,India,Small Business,2022-11-22
CUST-04640,Saanvi Roy,Female,43,Delhi,Delhi,India,Consumer,2025-06-14
CUST-04641,Shreya Roy,Female,24,Raipur,Chhattisgarh,India,Consumer,2025-05-16
CUST-04642,Aanya Chatterjee,Female,42,Gurugram,Haryana,India,Small Business,2022-05-27
CUST-04643,Deepika Pandey,Female,51,Mumbai,Maharashtra,India,Consumer,2024-02-10
CUST-04644,Aman Verma,Male,49,Ranchi,Jharkhand,India,Consumer,2022-10-18
CUST-04645,Nisha Mishra,Female,38,Pune,Maharashtra,India,Small Business,2024-03-06
CUST-04646,Meera Mehta,Female,29,Ahmedabad,Gujarat,India,Small Business,2024-10-02
CUST-04647,Nisha Agarwal,Female,57,Bhubaneswar,Odisha,India,Consumer,2025-04-29
CUST-04648,Vikas Iyer,Male,47,Guwahati,Assam,India,Consumer,2025-11-07
CUST-04649,Karan Chatterjee,Male,34,Goa,Goa,India,Consumer,2025-02-26
CUST-04650,Sandeep Jain,Male,45,Coimbatore,Tamil Nadu,India,Consumer,2025-06-19
CUST-04651,Suman Pandey,Other,27,Hyderabad,Telangana,India,Small Business,2023-06-19
CUST-04652,Ananya Gupta,Female,31,Raipur,Chhattisgarh,India,Consumer,2022-12-20
CUST-04653,Kriti Chatterjee,Female,39,Mumbai,Maharashtra,India,Small Business,2025-09-09
CUST-04654,Tanvi Verma,Female,44,Delhi,Delhi,India,Consumer,2022-10-17
CUST-04655,Aditi Das,Female,39,Pune,Maharashtra,India,Consumer,2024-01-03
CUST-04656,Saanvi Reddy,Female,25,Pune,Maharashtra,India,Small Business,2024-02-03
CUST-04657,Kriti Srinivasan,Female,31,Gurugram,Haryana,India,Consumer,2024-10-23
CUST-04658,Pooja Mishra,Female,53,Bengaluru,Karnataka,India,Consumer,2024-10-03
CUST-04659,Arjun Agarwal,Male,26,Delhi,Delhi,India,Consumer,2022-10-20
CUST-04660,Divya Patel,Female,34,Chandigarh,Chandigarh,India,Small Business,2022-02-10
CUST-04661,Pooja Mukherjee,Female,47,Patna,Bihar,India,Small Business,2025-03-11
CUST-04662,Tanvi Mukherjee,Female,23,Pune,Maharashtra,India,Consumer,2024-01-21
CUST-04663,Tanvi Gupta,Female,26,Lucknow,Uttar Pradesh,India,Small Business,2022-12-05
CUST-04664,Kavya Sharma,Female,48,Bengaluru,Karnataka,India,Consumer,2024-11-24
CUST-04665,Pooja Khanna,Female,53,Kolkata,West Bengal,India,Consumer,2023-09-17
CUST-04666,Deepika Kapoor,Female,40,Kolkata,West Bengal,India,Consumer,2022-04-28
CUST-04667,Aman Kapoor,Male,40,Coimbatore,Tamil Nadu,India,Corporate,2023-04-25
CUST-04668,Rohan Banerjee,Male,60,Delhi,Delhi,India,Consumer,2022-02-20
CUST-04669,Riya Nair,Female,33,Coimbatore,Tamil Nadu,India,Consumer,2023-01-15
CUST-04670,Meera Khanna,Female,44,Ahmedabad,Gujarat,India,Consumer,2025-01-12
CUST-04671,Shreya Chatterjee,Female,30,Kolkata,West Bengal,India,Small Business,2024-07-29
CUST-04672,Ankit Singh,Male,32,Lucknow,Uttar Pradesh,India,Consumer,2025-04-10
CUST-04673,Nikhil Agarwal,Male,38,Coimbatore,Tamil Nadu,India,Consumer,2023-07-27
CUST-04674,Saanvi Pandey,Female,43,Coimbatore,Tamil Nadu,India,Consumer,2024-10-27
CUST-04675,Aman Mukherjee,Male,32,Ahmedabad,Gujarat,India,Small Business,2022-11-04
CUST-04676,Yash Nair,Male,26,Patna,Bihar,India,Consumer,2025-10-10
CUST-04677,Priya Reddy,Female,26,Kolkata,West Bengal,India,Small Business,2025-02-19
CUST-04678,Ankit Chatterjee,Male,55,Chandigarh,Chandigarh,India,Small Business,2022-06-06
CUST-04679,Tanvi Gupta,Female,39,Kolkata,West Bengal,India,Consumer,2025-07-28
CUST-04680,Aman यादव,Male,54,Ranchi,Jharkhand,India,Consumer,2025-01-31
CUST-04681,Nisha Bhat,Female,50,Chennai,Tamil Nadu,India,Corporate,2023-11-12
CUST-04682,Aman Mukherjee,Male,41,Srinagar,Jammu and Kashmir,India,Small Business,2025-08-16
CUST-04683,Kriti Shah,Female,45,Pune,Maharashtra,India,Small Business,2024-04-06
CUST-04684,Riya Chatterjee,Female,33,Pune,Maharashtra,India,Corporate,2022-08-30
CUST-04685,Aashi Shah,Other,39,Guwahati,Assam,India,Consumer,2024-01-27
CUST-04686,Ananya Iyer,Female,38,Patna,Bihar,India,Consumer,2022-05-29
CUST-04687,Arjun Srinivasan,Male,33,Visakhapatnam,Andhra Pradesh,India,Consumer,2025-05-08
CUST-04688,Ananya Mehta,Female,41,Pune,Maharashtra,India,Consumer,2023-11-30
CUST-04689,Manish Gupta,Male,39,Ahmedabad,Gujarat,India,Small Business,2022-01-21
CUST-04690,Ananya Iyer,Female,50,Bengaluru,Karnataka,India,Consumer,2022-04-27
CUST-04691,Harsh Mishra,Male,44,Hyderabad,Telangana,India,Small Business,2025-05-05
CUST-04692,Sandeep Roy,Male,26,Lucknow,Uttar Pradesh,India,Corporate,2025-08-16
CUST-04693,Mohit Verma,Male,32,Delhi,Delhi,India,Consumer,2024-10-03
CUST-04694,Karan Srinivasan,Male,35,Kolkata,West Bengal,India,Consumer,2022-10-15
CUST-04695,Saanvi यादव,Female,37,Ahmedabad,Gujarat,India,Consumer,2023-10-13
CUST-04696,Yash Kulkarni,Male,22,Bengaluru,Karnataka,India,Small Business,2023-03-22
CUST-04697,Priya Singh,Female,25,Kolkata,West Bengal,India,Corporate,2022-11-17
CUST-04698,Tanvi Nair,Female,38,Chandigarh,Chandigarh,India,Small Business,2025-07-22
CUST-04699,Pranav Mehta,Male,44,Kolkata,West Bengal,India,Consumer,2022-12-10
CUST-04700,Mohit Chatterjee,Male,33,Siliguri,West Bengal,India,Small Business,2025-10-15
CUST-04701,Nisha Khanna,Female,24,Chandigarh,Chandigarh,India,Consumer,2023-09-14
CUST-04702,Ananya Bhat,Female,28,Delhi,Delhi,India,Consumer,2024-11-28
CUST-04703,Priya Nair,Female,21,Chennai,Tamil Nadu,India,Consumer,2022-09-10
CUST-04704,Sandeep Sharma,Male,30,Pune,Maharashtra,India,Consumer,2023-10-08
CUST-04705,Ananya Singh,Female,32,Indore,Madhya Pradesh,India,Small Business,2023-10-15
CUST-04706,Naman Srinivasan,Other,54,Hyderabad,Telangana,India,Consumer,2023-09-25
CUST-04707,Harsh Pandey,Male,43,Bhubaneswar,Odisha,India,Small Business,2025-10-15
CUST-04708,Kriti Nair,Female,18,Visakhapatnam,Andhra Pradesh,India,Consumer,2022-07-27
CUST-04709,Sandeep Verma,Male,52,Srinagar,Jammu and Kashmir,India,Consumer,2025-12-19
CUST-04710,Deepika Pandey,Female,49,Chandigarh,Chandigarh,India,Consumer,2025-02-21
CUST-04711,Arjun यादव,Male,46,Siliguri,West Bengal,India,Small Business,2025-02-25
CUST-04712,Pranav Mishra,Male,43,Delhi,Delhi,India,Consumer,2025-09-06
CUST-04713,Deepak Patel,Male,42,Ahmedabad,Gujarat,India,Consumer,2024-08-23
CUST-04714,Priya Agarwal,Female,22,Pune,Maharashtra,India,Consumer,2025-01-17
CUST-04715,Aarav Shah,Male,47,Coimbatore,Tamil Nadu,India,Consumer,2023-06-28
CUST-04716,Aarav Agarwal,Male,30,Gurugram,Haryana,India,Consumer,2023-08-02
CUST-04717,Vaishnavi Iyer,Female,41,Gurugram,Haryana,India,Consumer,2023-02-07
CUST-04718,Isha Kapoor,Female,60,Lucknow,Uttar Pradesh,India,Consumer,2024-03-09
CUST-04719,Nisha Mehta,Female,24,Goa,Goa,India,Consumer,2023-02-20
CUST-04720,Akash Bhat,Male,31,Chennai,Tamil Nadu,India,Consumer,2023-12-23
CUST-04721,Aman Chatterjee,Male,56,Kochi,Kerala,India,Consumer,2022-02-11
CUST-04722,Anjali यादव,Female,30,Hyderabad,Telangana,India,Consumer,2022-08-12
CUST-04723,Dev Mishra,Male,34,Mumbai,Maharashtra,India,Consumer,2024-12-04
CUST-04724,Aarav Iyer,Male,36,Kochi,Kerala,India,Consumer,2025-10-29
CUST-04725,Tanay Mukherjee,Other,36,Delhi,Delhi,India,Consumer,2025-09-30
CUST-04726,Pooja Mishra,Female,30,Chandigarh,Chandigarh,India,Small Business,2024-01-02
CUST-04727,Mohit Chatterjee,Male,53,Pune,Maharashtra,India,Small Business,2023-03-15
CUST-04728,Divya Chatterjee,Female,36,Hyderabad,Telangana,India,Corporate,2023-04-18
CUST-04729,Shiv Kapoor,Other,34,Surat,Gujarat,India,Consumer,2023-12-01
CUST-04730,Aditi Sharma,Female,25,Indore,Madhya Pradesh,India,Corporate,2022-08-30
CUST-04731,Siddharth Kulkarni,Male,33,Mumbai,Maharashtra,India,Small Business,2023-03-04
CUST-04732,Mohit यादव,Male,29,Chennai,Tamil Nadu,India,Consumer,2025-07-08
CUST-04733,Saanvi Roy,Female,33,Jaipur,Rajasthan,India,Small Business,2024-06-22
CUST-04734,Nikhil Chatterjee,Male,37,Indore,Madhya Pradesh,India,Consumer,2025-07-31
CUST-04735,Neha Kapoor,Female,31,Hyderabad,Telangana,India,Consumer,2023-04-03
CUST-04736,Arjun Nair,Male,33,Chandigarh,Chandigarh,India,Consumer,2025-05-16
CUST-04737,Aditya Patel,Male,44,Chandigarh,Chandigarh,India,Small Business,2025-11-01
CUST-04738,Kriti Jain,Female,62,Hyderabad,Telangana,India,Consumer,2022-02-16
CUST-04739,Kriti Mishra,Female,43,Mumbai,Maharashtra,India,Corporate,2022-05-17
CUST-04740,Aarav Mehta,Male,27,Delhi,Delhi,India,Small Business,2023-08-15
CUST-04741,Vikas Nair,Male,29,Kochi,Kerala,India,Consumer,2022-10-09
CUST-04742,Vivek Nair,Male,32,Indore,Madhya Pradesh,India,Corporate,2023-09-03
CUST-04743,Aditya Verma,Male,40,Hyderabad,Telangana,India,Corporate,2024-03-14
CUST-04744,Karan Roy,Male,43,Bengaluru,Karnataka,India,Small Business,2024-11-03
CUST-04745,Rohan Banerjee,Male,31,Bhubaneswar,Odisha,India,Consumer,2024-07-09
CUST-04746,Kriti Gupta,Female,32,Mumbai,Maharashtra,India,Consumer,2025-02-15
CUST-04747,Kriti Bhat,Female,22,Kolkata,West Bengal,India,Consumer,2022-12-23
CUST-04748,Pooja Gupta,Female,49,Hyderabad,Telangana,India,Consumer,2025-01-20
CUST-04749,Meera Bhat,Female,31,Chandigarh,Chandigarh,India,Consumer,2024-10-02
CUST-04750,Aditi Patel,Female,35,Bengaluru,Karnataka,India,Consumer,2023-07-27
CUST-04751,Meera Mehta,Female,42,Bengaluru,Karnataka,India,Consumer,2024-10-23
CUST-04752,Rohan Sharma,Male,35,Gurugram,Haryana,India,Consumer,2025-05-19
CUST-04753,Shreya Agarwal,Female,26,Kolkata,West Bengal,India,Consumer,2023-07-29
CUST-04754,Yash Mukherjee,Male,50,Kochi,Kerala,India,Consumer,2024-01-21
CUST-04755,Manish Khanna,Male,37,Indore,Madhya Pradesh,India,Corporate,2025-05-29
CUST-04756,Aryan Kapoor,Male,47,Delhi,Delhi,India,Consumer,2025-08-30
CUST-04757,Manish Singh,Male,48,Kolkata,West Bengal,India,Consumer,2025-07-02
CUST-04758,Vivek Mukherjee,Male,33,Raipur,Chhattisgarh,India,Consumer,2025-12-02
CUST-04759,Kriti Nair,Female,51,Gurugram,Haryana,India,Consumer,2025-09-28
CUST-04760,Sandeep Mukherjee,Male,45,Delhi,Delhi,India,Consumer,2023-01-20
CUST-04761,Rohan Singh,Male,55,Bengaluru,Karnataka,India,Consumer,2025-09-25
CUST-04762,Divya Shah,Female,47,Delhi,Delhi,India,Small Business,2023-10-29
CUST-04763,Rahul Pandey,Male,56,Bengaluru,Karnataka,India,Small Business,2022-03-01
CUST-04764,Yash Das,Male,38,Gurugram,Haryana,India,Consumer,2022-01-15
CUST-04765,Aadi Reddy,Other,52,Mumbai,Maharashtra,India,Consumer,2025-08-28
CUST-04766,Manish Mukherjee,Male,40,Delhi,Delhi,India,Consumer,2022-09-11
CUST-04767,Kriti Das,Female,43,Chandigarh,Chandigarh,India,Consumer,2022-05-28
CUST-04768,Sandeep Agarwal,Male,46,Jaipur,Rajasthan,India,Consumer,2022-05-17
CUST-04769,Divya Patel,Female,31,Mumbai,Maharashtra,India,Consumer,2025-09-15
CUST-04770,Kriti Iyer,Female,20,Chennai,Tamil Nadu,India,Corporate,2025-09-22
CUST-04771,Rahul Banerjee,Male,54,Bengaluru,Karnataka,India,Small Business,2024-10-18
CUST-04772,Anushka Kulkarni,Female,45,Hyderabad,Telangana,India,Consumer,2024-04-18
CUST-04773,Aanya Gupta,Female,22,Jaipur,Rajasthan,India,Consumer,2025-04-23
CUST-04774,Sneha Srinivasan,Female,25,Kolkata,West Bengal,India,Consumer,2022-12-03
CUST-04775,Ananya Bhat,Female,40,Delhi,Delhi,India,Small Business,2023-11-28
CUST-04776,Aman Singh,Male,55,Guwahati,Assam,India,Consumer,2023-03-19
CUST-04777,Ananya Jain,Female,31,Lucknow,Uttar Pradesh,India,Consumer,2022-06-28
CUST-04778,Aditya Agarwal,Male,56,Chennai,Tamil Nadu,India,Consumer,2025-09-23
CUST-04779,Divya Nair,Female,31,Pune,Maharashtra,India,Consumer,2023-01-27
CUST-04780,Siddharth Singh,Male,31,Jaipur,Rajasthan,India,Consumer,2022-03-12
CUST-04781,Saanvi Agarwal,Female,42,Gurugram,Haryana,India,Consumer,2024-12-25
CUST-04782,Harsh Mehta,Male,41,Hyderabad,Telangana,India,Small Business,2025-12-18
CUST-04783,Vaishnavi Verma,Female,36,Mumbai,Maharashtra,India,Consumer,2022-05-21
CUST-04784,Anjali Bhat,Female,27,Bengaluru,Karnataka,India,Small Business,2025-04-30
CUST-04785,Sneha Verma,Female,38,Lucknow,Uttar Pradesh,India,Consumer,2024-03-10
CUST-04786,Akash Srinivasan,Male,35,Indore,Madhya Pradesh,India,Small Business,2024-09-29
CUST-04787,Kunal Khanna,Male,37,Kochi,Kerala,India,Consumer,2022-07-17
CUST-04788,Ankit Shah,Male,41,Patna,Bihar,India,Consumer,2023-07-18
CUST-04789,Anjali Sharma,Female,24,Hyderabad,Telangana,India,Consumer,2023-07-11
CUST-04790,Kriti Mishra,Female,53,Raipur,Chhattisgarh,India,Consumer,2023-04-22
CUST-04791,Rohan Reddy,Male,37,Chennai,Tamil Nadu,India,Small Business,2023-05-25
CUST-04792,Anjali Mukherjee,Female,39,Hyderabad,Telangana,India,Corporate,2024-08-25
CUST-04793,Sandeep Srinivasan,Male,39,Chennai,Tamil Nadu,India,Consumer,2025-02-24
CUST-04794,Shiv Agarwal,Other,30,Delhi,Delhi,India,Consumer,2023-12-25
CUST-04795,Aditi Reddy,Female,39,Jaipur,Rajasthan,India,Consumer,2024-04-19
CUST-04796,Aanya Nair,Female,37,Mumbai,Maharashtra,India,Consumer,2024-08-27
CUST-04797,Kriti Bhat,Female,28,Kolkata,West Bengal,India,Corporate,2022-12-18
CUST-04798,Aryan यादव,Male,35,Jaipur,Rajasthan,India,Consumer,2022-04-19
CUST-04799,Aarav Agarwal,Male,45,Surat,Gujarat,India,Consumer,2022-05-18
CUST-04800,Rahul Roy,Male,26,Delhi,Delhi,India,Consumer,2023-09-27
CUST-04801,Rahul Pandey,Male,49,Kolkata,West Bengal,India,Corporate,2022-05-08
CUST-04802,Arjun Iyer,Male,45,Kochi,Kerala,India,Consumer,2023-08-21
CUST-04803,Sneha Patel,Female,26,Patna,Bihar,India,Small Business,2022-10-18
CUST-04804,Isha Srinivasan,Female,42,Chandigarh,Chandigarh,India,Consumer,2025-05-28
CUST-04805,Priya Nair,Female,56,Lucknow,Uttar Pradesh,India,Consumer,2022-01-14
CUST-04806,Pooja Mishra,Female,25,Bhubaneswar,Odisha,India,Small Business,2022-07-06
CUST-04807,Rahul Iyer,Male,53,Kolkata,West Bengal,India,Consumer,2024-10-25
CUST-04808,Akash Srinivasan,Male,52,Mumbai,Maharashtra,India,Corporate,2024-10-30
CUST-04809,Aman Das,Male,35,Mumbai,Maharashtra,India,Consumer,2024-05-02
CUST-04810,Neha Banerjee,Female,26,Jaipur,Rajasthan,India,Consumer,2024-04-13
CUST-04811,Tanay Agarwal,Other,24,Surat,Gujarat,India,Consumer,2022-10-20
CUST-04812,Vaishnavi Mishra,Female,27,Pune,Maharashtra,India,Small Business,2025-11-18
CUST-04813,Pranav Patel,Male,53,Ahmedabad,Gujarat,India,Consumer,2025-08-03
CUST-04814,Vaishnavi Kapoor,Female,34,Gurugram,Haryana,India,Consumer,2025-07-24
CUST-04815,Akash Sharma,Male,25,Goa,Goa,India,Consumer,2024-12-31
CUST-04816,Aman Mishra,Male,45,Jaipur,Rajasthan,India,Consumer,2025-06-13
CUST-04817,Harsh Sharma,Male,28,Mumbai,Maharashtra,India,Corporate,2022-05-24
CUST-04818,Aditya Chatterjee,Male,60,Delhi,Delhi,India,Consumer,2025-01-14
CUST-04819,Nisha Mukherjee,Female,34,Chennai,Tamil Nadu,India,Consumer,2025-08-07
CUST-04820,Rohan Verma,Male,28,Mumbai,Maharashtra,India,Consumer,2023-11-09
CUST-04821,Arjun Nair,Male,33,Pune,Maharashtra,India,Consumer,2022-08-17
CUST-04822,Isha Jain,Female,29,Bengaluru,Karnataka,India,Small Business,2025-06-09
CUST-04823,Yash Chatterjee,Male,36,Gurugram,Haryana,India,Consumer,2023-02-27
CUST-04824,Neha Shah,Female,46,Bengaluru,Karnataka,India,Consumer,2023-09-24
CUST-04825,Vivek Mishra,Male,47,Delhi,Delhi,India,Consumer,2025-09-11
CUST-04826,Shreya यादव,Female,49,Lucknow,Uttar Pradesh,India,Small Business,2024-08-04
CUST-04827,Divya Sharma,Female,36,Kolkata,West Bengal,India,Consumer,2024-04-23
CUST-04828,Rohan Kapoor,Male,30,Surat,Gujarat,India,Corporate,2023-07-21
CUST-04829,Aman Mishra,Male,35,Mumbai,Maharashtra,India,Small Business,2023-04-19
CUST-04830,Vikas Reddy,Male,50,Bengaluru,Karnataka,India,Consumer,2024-08-29
CUST-04831,Rohan Chatterjee,Male,47,Pune,Maharashtra,India,Consumer,2025-02-10
CUST-04832,Aanya Khanna,Female,38,Surat,Gujarat,India,Consumer,2024-07-07
CUST-04833,Harsh Iyer,Male,31,Chennai,Tamil Nadu,India,Corporate,2024-11-03
CUST-04834,Isha Verma,Female,40,Pune,Maharashtra,India,Corporate,2023-03-25
CUST-04835,Anushka Reddy,Female,29,Chandigarh,Chandigarh,India,Consumer,2025-05-26
CUST-04836,Vaishnavi Verma,Female,56,Mumbai,Maharashtra,India,Small Business,2022-12-07
CUST-04837,Pranav Roy,Male,41,Pune,Maharashtra,India,Consumer,2024-09-14
CUST-04838,Aashi Srinivasan,Other,43,Mumbai,Maharashtra,India,Consumer,2023-06-10
CUST-04839,Kriti Patel,Female,60,Chennai,Tamil Nadu,India,Consumer,2022-08-28
CUST-04840,Arjun Jain,Male,28,Bengaluru,Karnataka,India,Corporate,2025-06-26
CUST-04841,Avni Khanna,Other,36,Mumbai,Maharashtra,India,Corporate,2024-07-10
CUST-04842,Divya Chatterjee,Female,22,Delhi,Delhi,India,Consumer,2022-09-14
CUST-04843,Nisha Chatterjee,Female,22,Gurugram,Haryana,India,Corporate,2025-02-13
CUST-04844,Divya Reddy,Female,44,Ahmedabad,Gujarat,India,Corporate,2024-08-16
CUST-04845,Shreya Roy,Female,38,Bhubaneswar,Odisha,India,Consumer,2024-12-12
CUST-04846,Nikhil Chatterjee,Male,35,Kolkata,West Bengal,India,Consumer,2025-03-05
CUST-04847,Kavya Bhat,Female,38,Ahmedabad,Gujarat,India,Small Business,2025-11-14
CUST-04848,Rahul Khanna,Male,62,Kolkata,West Bengal,India,Consumer,2022-01-05
CUST-04849,Mohit Roy,Male,35,Ranchi,Jharkhand,India,Consumer,2024-02-27
CUST-04850,Vikas Banerjee,Male,32,Hyderabad,Telangana,India,Consumer,2022-12-11
CUST-04851,Kriti Gupta,Female,34,Indore,Madhya Pradesh,India,Consumer,2025-01-23
CUST-04852,Aanya यादव,Female,27,Hyderabad,Telangana,India,Consumer,2024-12-13
CUST-04853,Priya Mishra,Female,53,Lucknow,Uttar Pradesh,India,Consumer,2023-04-19
CUST-04854,Kriti Agarwal,Female,46,Mumbai,Maharashtra,India,Consumer,2024-09-05
CUST-04855,Aditi Kapoor,Female,43,Gurugram,Haryana,India,Consumer,2023-10-10
CUST-04856,Vikas Roy,Male,48,Ranchi,Jharkhand,India,Consumer,2022-04-28
CUST-04857,Mohit Mukherjee,Male,30,Mumbai,Maharashtra,India,Consumer,2023-09-13
CUST-04858,Manish Verma,Male,32,Visakhapatnam,Andhra Pradesh,India,Consumer,2023-08-31
CUST-04859,Rohan Chatterjee,Male,23,Delhi,Delhi,India,Corporate,2023-07-25
CUST-04860,Kavya Mehta,Female,41,Chennai,Tamil Nadu,India,Consumer,2022-06-16
CUST-04861,Harsh Mukherjee,Male,52,Bhubaneswar,Odisha,India,Small Business,2022-03-24
CUST-04862,Arjun Gupta,Male,40,Indore,Madhya Pradesh,India,Consumer,2023-11-23
CUST-04863,Vaishnavi Khanna,Female,55,Hyderabad,Telangana,India,Consumer,2025-06-20
CUST-04864,Harsh Singh,Male,31,Gurugram,Haryana,India,Consumer,2024-06-13
CUST-04865,Aarav Gupta,Male,22,Lucknow,Uttar Pradesh,India,Corporate,2022-12-13
CUST-04866,Nikhil Mukherjee,Male,42,Bengaluru,Karnataka,India,Small Business,2023-08-30
CUST-04867,Kavya यादव,Female,40,Mumbai,Maharashtra,India,Consumer,2025-05-02
CUST-04868,Ankit Agarwal,Male,52,Lucknow,Uttar Pradesh,India,Consumer,2024-05-01
CUST-04869,Pooja Gupta,Female,20,Bengaluru,Karnataka,India,Consumer,2022-04-12
CUST-04870,Rohan यादव,Male,39,Chennai,Tamil Nadu,India,Consumer,2024-11-02
CUST-04871,Pranav Verma,Male,26,Coimbatore,Tamil Nadu,India,Consumer,2025-10-27
CUST-04872,Sneha Bhat,Female,52,Bhubaneswar,Odisha,India,Consumer,2024-12-07
CUST-04873,Pranav Nair,Male,29,Indore,Madhya Pradesh,India,Corporate,2025-08-08
CUST-04874,Aanya Patel,Female,40,Visakhapatnam,Andhra Pradesh,India,Consumer,2022-06-20
CUST-04875,Tanvi Pandey,Female,26,Kolkata,West Bengal,India,Consumer,2025-10-13
CUST-04876,Sneha Patel,Female,38,Bengaluru,Karnataka,India,Consumer,2022-07-24
CUST-04877,Priya Reddy,Female,41,Coimbatore,Tamil Nadu,India,Consumer,2023-09-12
CUST-04878,Aarav Shah,Male,41,Hyderabad,Telangana,India,Small Business,2022-02-16
CUST-04879,Aanya Agarwal,Female,43,Ranchi,Jharkhand,India,Consumer,2024-11-30
CUST-04880,Kavya Agarwal,Female,39,Mumbai,Maharashtra,India,Small Business,2024-05-11
CUST-04881,Vikas Mishra,Male,46,Mumbai,Maharashtra,India,Consumer,2023-06-30
CUST-04882,Deepak Shah,Male,38,Mumbai,Maharashtra,India,Corporate,2025-07-26
CUST-04883,Karan Bhat,Male,33,Jaipur,Rajasthan,India,Consumer,2024-11-23
CUST-04884,Pooja Patel,Female,51,Kolkata,West Bengal,India,Consumer,2024-01-24
CUST-04885,Sandeep Das,Male,36,Gurugram,Haryana,India,Small Business,2025-03-05
CUST-04886,Kunal Mukherjee,Male,51,Kochi,Kerala,India,Consumer,2025-12-06
CUST-04887,Sandeep Kapoor,Male,48,Chennai,Tamil Nadu,India,Consumer,2025-06-04
CUST-04888,Aman Sharma,Male,28,Bhubaneswar,Odisha,India,Consumer,2024-05-11
CUST-04889,Isha Bhat,Female,23,Delhi,Delhi,India,Consumer,2024-08-10
CUST-04890,Aadi Khanna,Other,44,Surat,Gujarat,India,Consumer,2022-07-02
CUST-04891,Aryan Srinivasan,Male,38,Chennai,Tamil Nadu,India,Consumer,2023-12-04
CUST-04892,Nikhil Roy,Male,56,Ahmedabad,Gujarat,India,Small Business,2025-02-18
CUST-04893,Rohan Iyer,Male,29,Jaipur,Rajasthan,India,Consumer,2022-05-05
CUST-04894,Sneha Singh,Female,47,Pune,Maharashtra,India,Small Business,2024-10-08
CUST-04895,Sandeep Iyer,Male,35,Surat,Gujarat,India,Small Business,2023-11-25
CUST-04896,Pooja Bhat,Female,40,Delhi,Delhi,India,Consumer,2022-11-26
CUST-04897,Deepak Nair,Male,36,Chennai,Tamil Nadu,India,Consumer,2025-06-28
CUST-04898,Siddharth Srinivasan,Male,57,Gurugram,Haryana,India,Corporate,2025-10-05
CUST-04899,Meera Shah,Female,48,Jaipur,Rajasthan,India,Consumer,2025-01-07
CUST-04900,Sneha Sharma,Female,23,Lucknow,Uttar Pradesh,India,Consumer,2025-06-21
CUST-04901,Sneha Banerjee,Female,38,Bengaluru,Karnataka,India,Consumer,2025-09-03
CUST-04902,Nikhil Khanna,Male,27,Pune,Maharashtra,India,Corporate,2025-08-10
CUST-04903,Anushka Reddy,Female,53,Visakhapatnam,Andhra Pradesh,India,Consumer,2025-04-02
CUST-04904,Aman Pandey,Male,32,Gurugram,Haryana,India,Consumer,2023-07-10
CUST-04905,Vivek Shah,Male,47,Delhi,Delhi,India,Corporate,2024-08-01
CUST-04906,Neha Chatterjee,Female,33,Pune,Maharashtra,India,Consumer,2022-10-17
CUST-04907,Pooja Shah,Female,26,Guwahati,Assam,India,Consumer,2022-10-10
CUST-04908,Rohan Banerjee,Male,33,Jaipur,Rajasthan,India,Consumer,2022-10-06
CUST-04909,Sneha Khanna,Female,61,Mumbai,Maharashtra,India,Consumer,2023-07-31
CUST-04910,Kunal Patel,Male,57,Chandigarh,Chandigarh,India,Consumer,2022-05-07
CUST-04911,Ananya Pandey,Female,57,Chennai,Tamil Nadu,India,Small Business,2024-01-19
CUST-04912,Aditya यादव,Male,40,Delhi,Delhi,India,Consumer,2022-07-01
CUST-04913,Kriti Iyer,Female,30,Mumbai,Maharashtra,India,Corporate,2024-05-27
CUST-04914,Aditya Gupta,Male,47,Kolkata,West Bengal,India,Corporate,2023-05-15
CUST-04915,Anjali यादव,Female,28,Bengaluru,Karnataka,India,Consumer,2024-12-22
CUST-04916,Mohit Iyer,Male,30,Mumbai,Maharashtra,India,Consumer,2024-06-23
CUST-04917,Vikas Kulkarni,Male,31,Delhi,Delhi,India,Consumer,2025-11-02
CUST-04918,Dev Srinivasan,Male,46,Surat,Gujarat,India,Consumer,2024-06-21
CUST-04919,Sandeep Kulkarni,Male,47,Jaipur,Rajasthan,India,Consumer,2025-03-15
CUST-04920,Anjali Reddy,Female,44,Delhi,Delhi,India,Small Business,2022-12-14
CUST-04921,Aditya Nair,Male,45,Jaipur,Rajasthan,India,Consumer,2024-12-28
CUST-04922,Kunal Gupta,Male,21,Chandigarh,Chandigarh,India,Consumer,2023-12-20
CUST-04923,Harsh Gupta,Male,59,Surat,Gujarat,India,Consumer,2025-07-26
CUST-04924,Pooja Agarwal,Female,38,Mumbai,Maharashtra,India,Consumer,2024-09-08
CUST-04925,Anjali Roy,Female,24,Lucknow,Uttar Pradesh,India,Consumer,2023-01-21
CUST-04926,Pranav Srinivasan,Male,42,Gurugram,Haryana,India,Consumer,2025-07-15
CUST-04927,Vivek Sharma,Male,29,Pune,Maharashtra,India,Consumer,2025-12-05
CUST-04928,Nisha Gupta,Female,48,Indore,Madhya Pradesh,India,Consumer,2023-07-22
CUST-04929,Nisha Sharma,Female,38,Bengaluru,Karnataka,India,Consumer,2022-08-20
CUST-04930,Deepak Das,Male,41,Patna,Bihar,India,Consumer,2025-08-03
CUST-04931,Shreya Patel,Female,40,Surat,Gujarat,India,Consumer,2025-11-04
CUST-04932,Vaishnavi Shah,Female,36,Ahmedabad,Gujarat,India,Consumer,2023-07-02
CUST-04933,Priya Mukherjee,Female,26,Bhubaneswar,Odisha,India,Consumer,2024-11-24
CUST-04934,Neha Mishra,Female,53,Jaipur,Rajasthan,India,Consumer,2023-02-03
CUST-04935,Nikhil Kapoor,Male,24,Indore,Madhya Pradesh,India,Corporate,2022-02-28
CUST-04936,Meera Agarwal,Female,55,Kolkata,West Bengal,India,Consumer,2022-05-03
CUST-04937,Isha Jain,Female,39,Mumbai,Maharashtra,India,Consumer,2025-11-21
CUST-04938,Isha यादव,Female,48,Mumbai,Maharashtra,India,Consumer,2022-11-06
CUST-04939,Rohan Singh,Male,22,Bengaluru,Karnataka,India,Consumer,2023-02-24
CUST-04940,Pooja Shah,Female,55,Pune,Maharashtra,India,Corporate,2025-07-20
CUST-04941,Deepika Reddy,Female,30,Coimbatore,Tamil Nadu,India,Consumer,2023-08-26
CUST-04942,Vikas Kulkarni,Male,51,Jaipur,Rajasthan,India,Consumer,2022-10-24
CUST-04943,Akash Kulkarni,Male,36,Bengaluru,Karnataka,India,Consumer,2022-04-07
CUST-04944,Vaishnavi Khanna,Female,35,Chandigarh,Chandigarh,India,Consumer,2022-01-05
CUST-04945,Priya Reddy,Female,24,Kochi,Kerala,India,Consumer,2025-10-09
CUST-04946,Aarav Verma,Male,43,Hyderabad,Telangana,India,Consumer,2025-03-17
CUST-04947,Aman Singh,Male,34,Delhi,Delhi,India,Consumer,2025-10-16
CUST-04948,Neha Jain,Female,53,Bhubaneswar,Odisha,India,Small Business,2024-06-11
CUST-04949,Neha Chatterjee,Female,31,Delhi,Delhi,India,Corporate,2022-03-07
CUST-04950,Yash Sharma,Male,33,Lucknow,Uttar Pradesh,India,Consumer,2024-12-12
CUST-04951,Priya Patel,Female,46,Mumbai,Maharashtra,India,Corporate,2025-04-02
CUST-04952,Anjali Nair,Female,32,Kolkata,West Bengal,India,Small Business,2022-05-02
CUST-04953,Arjun Verma,Male,37,Bhubaneswar,Odisha,India,Consumer,2022-06-21
CUST-04954,Priya Nair,Female,40,Chennai,Tamil Nadu,India,Consumer,2022-12-20
CUST-04955,Deepika Sharma,Female,27,Coimbatore,Tamil Nadu,India,Corporate,2023-10-04
CUST-04956,Tanvi Bhat,Female,41,Bengaluru,Karnataka,India,Consumer,2024-01-05
CUST-04957,Pooja Banerjee,Female,28,Lucknow,Uttar Pradesh,India,Small Business,2024-05-27
CUST-04958,Riya Mehta,Female,53,Chennai,Tamil Nadu,India,Corporate,2025-01-19
CUST-04959,Anjali Kapoor,Female,45,Ahmedabad,Gujarat,India,Corporate,2025-12-19
CUST-04960,Aman Kapoor,Male,47,Delhi,Delhi,India,Corporate,2023-04-24
CUST-04961,Akash Iyer,Male,37,Delhi,Delhi,India,Small Business,2024-03-22
CUST-04962,Shreya Patel,Female,38,Chennai,Tamil Nadu,India,Consumer,2025-06-28
CUST-04963,Nisha Pandey,Female,49,Chandigarh,Chandigarh,India,Consumer,2023-10-31
CUST-04964,Kavya Mehta,Female,41,Gurugram,Haryana,India,Small Business,2024-08-13
CUST-04965,Kunal Das,Male,50,Bengaluru,Karnataka,India,Consumer,2025-12-15
CUST-04966,Kavya Mehta,Female,44,Gurugram,Haryana,India,Consumer,2024-09-10
CUST-04967,Avni Mishra,Other,56,Pune,Maharashtra,India,Consumer,2025-03-11
CUST-04968,Sandeep Singh,Male,28,Surat,Gujarat,India,Consumer,2023-02-28
CUST-04969,Rahul Pandey,Male,41,Mumbai,Maharashtra,India,Small Business,2024-04-24
CUST-04970,Isha Gupta,Female,31,Pune,Maharashtra,India,Consumer,2022-11-28
CUST-04971,Saanvi यादव,Female,51,Mumbai,Maharashtra,India,Small Business,2023-08-30
CUST-04972,Deepak Bhat,Male,45,Chennai,Tamil Nadu,India,Consumer,2025-01-10
CUST-04973,Ananya Iyer,Female,31,Surat,Gujarat,India,Small Business,2022-10-25
CUST-04974,Tanvi Srinivasan,Female,25,Pune,Maharashtra,India,Corporate,2025-07-17
CUST-04975,Aarav Mukherjee,Male,30,Mumbai,Maharashtra,India,Corporate,2023-10-06
CUST-04976,Sandeep Mehta,Male,35,Ahmedabad,Gujarat,India,Consumer,2022-01-05
CUST-04977,Nisha Mehta,Female,55,Kochi,Kerala,India,Consumer,2024-07-10
CUST-04978,Shreya Das,Female,59,Raipur,Chhattisgarh,India,Corporate,2025-01-05
CUST-04979,Aman Patel,Male,52,Jaipur,Rajasthan,India,Small Business,2024-10-18
CUST-04980,Harsh Bhat,Male,48,Lucknow,Uttar Pradesh,India,Consumer,2025-07-15
CUST-04981,Rahul Das,Male,60,Guwahati,Assam,India,Consumer,2022-05-24
CUST-04982,Rahul Agarwal,Male,53,Kolkata,West Bengal,India,Consumer,2024-12-15
CUST-04983,Divya Chatterjee,Female,33,Srinagar,Jammu and Kashmir,India,Consumer,2025-04-24
CUST-04984,Anushka Reddy,Female,34,Kolkata,West Bengal,India,Consumer,2022-04-18
CUST-04985,Deepika Khanna,Female,41,Delhi,Delhi,India,Consumer,2025-02-24
CUST-04986,Harsh Pandey,Male,61,Raipur,Chhattisgarh,India,Consumer,2023-01-27
CUST-04987,Deepak Mehta,Male,38,Pune,Maharashtra,India,Corporate,2022-07-12
CUST-04988,Aarav Jain,Male,34,Ahmedabad,Gujarat,India,Consumer,2024-07-19
CUST-04989,Meera Jain,Female,39,Mumbai,Maharashtra,India,Consumer,2024-10-26
CUST-04990,Vikas Jain,Male,55,Delhi,Delhi,India,Consumer,2025-10-28
CUST-04991,Nikhil Chatterjee,Male,40,Chandigarh,Chandigarh,India,Consumer,2024-01-17
CUST-04992,Anjali Sharma,Female,45,Mumbai,Maharashtra,India,Consumer,2022-02-10
CUST-04993,Deepak Roy,Male,44,Chennai,Tamil Nadu,India,Consumer,2023-09-28
CUST-04994,Priya Das,Female,48,Bengaluru,Karnataka,India,Consumer,2022-05-09
CUST-04995,Ankit Mukherjee,Male,33,Surat,Gujarat,India,Consumer,2025-08-20
CUST-04996,Deepak Agarwal,Male,29,Kolkata,West Bengal,India,Small Business,2022-05-26
CUST-04997,Vikas Mishra,Male,46,Delhi,Delhi,India,Small Business,2024-06-03
CUST-04998,Pooja Khanna,Female,46,Hyderabad,Telangana,India,Corporate,2023-05-12
CUST-04999,Karan Shah,Male,24,Mumbai,Maharashtra,India,Consumer,2023-04-21
CUST-05000,Yash Agarwal,Male,30,Bengaluru,Karnataka,India,Small Business,2024-03-02
CUST-05001,Rahul Singh,Male,62,Gurugram,Haryana,India,Small Business,2025-05-11
CUST-05002,Pooja Verma,Female,53,Kochi,Kerala,India,Corporate,2025-09-09
CUST-05003,Rohan Iyer,Male,29,Ahmedabad,Gujarat,India,Consumer,2023-02-11
CUST-05004,Sandeep Agarwal,Male,33,Mumbai,Maharashtra,India,Consumer,2025-01-27
CUST-05005,Vaishnavi Reddy,Female,36,Visakhapatnam,Andhra Pradesh,India,Small Business,2025-01-27
CUST-05006,Manish Khanna,Male,26,Kolkata,West Bengal,India,Consumer,2024-03-26
CUST-05007,Anushka Mehta,Female,30,Delhi,Delhi,India,Small Business,2025-07-10
CUST-05008,Nisha Iyer,Female,35,Lucknow,Uttar Pradesh,India,Consumer,2025-07-10
CUST-05009,Manish Roy,Male,46,Delhi,Delhi,India,Corporate,2024-11-05
CUST-05010,Yash Gupta,Male,51,Bengaluru,Karnataka,India,Small Business,2022-04-15
CUST-05011,Isha Patel,Female,38,Bengaluru,Karnataka,India,Small Business,2024-01-23
CUST-05012,Nisha Shah,Female,37,Kochi,Kerala,India,Consumer,2025-02-23
CUST-05013,Dev Iyer,Male,29,Chandigarh,Chandigarh,India,Corporate,2022-02-12
CUST-05014,Anushka Khanna,Female,31,Bengaluru,Karnataka,India,Consumer,2022-04-09
CUST-05015,Aanya Khanna,Female,32,Hyderabad,Telangana,India,Corporate,2025-01-09
CUST-05016,Nikhil Reddy,Male,22,Bhubaneswar,Odisha,India,Consumer,2022-10-03
CUST-05017,Pooja Chatterjee,Female,28,Kolkata,West Bengal,India,Consumer,2023-03-21
CUST-05018,Ankit Agarwal,Male,41,Ahmedabad,Gujarat,India,Consumer,2025-03-26
CUST-05019,Rohan Jain,Male,41,Mumbai,Maharashtra,India,Consumer,2022-08-31
CUST-05020,Akash Khanna,Male,63,Pune,Maharashtra,India,Consumer,2024-05-02
CUST-05021,Deepika Chatterjee,Female,29,Delhi,Delhi,India,Small Business,2024-11-09
CUST-05022,Pooja Mehta,Female,41,Hyderabad,Telangana,India,Consumer,2025-03-09
CUST-05023,Vaishnavi Banerjee,Female,39,Mumbai,Maharashtra,India,Consumer,2023-02-10
CUST-05024,Shreya Das,Female,29,Gurugram,Haryana,India,Small Business,2023-04-25
CUST-05025,Isha Bhat,Female,32,Gurugram,Haryana,India,Small Business,2023-02-01
CUST-05026,Rahul Banerjee,Male,52,Bengaluru,Karnataka,India,Consumer,2025-05-24
CUST-05027,Kriti Kulkarni,Female,34,Ahmedabad,Gujarat,India,Consumer,2022-04-20
CUST-05028,Aditi Mishra,Female,37,Mumbai,Maharashtra,India,Consumer,2025-12-06
CUST-05029,Tanvi Kapoor,Female,25,Lucknow,Uttar Pradesh,India,Consumer,2024-07-05
CUST-05030,Pooja Pandey,Female,29,Delhi,Delhi,India,Consumer,2025-11-23
CUST-05031,Vikas Banerjee,Male,48,Chennai,Tamil Nadu,India,Consumer,2025-07-20
CUST-05032,Meera Kulkarni,Female,44,Bengaluru,Karnataka,India,Corporate,2024-04-26
CUST-05033,Akash Patel,Male,45,Gurugram,Haryana,India,Corporate,2025-02-21
CUST-05034,Deepak Kapoor,Male,21,Pune,Maharashtra,India,Consumer,2025-05-03
CUST-05035,Ankit Banerjee,Male,37,Kochi,Kerala,India,Consumer,2022-01-24
CUST-05036,Akash Sharma,Male,38,Chennai,Tamil Nadu,India,Consumer,2023-05-01
CUST-05037,Divya Agarwal,Female,34,Mumbai,Maharashtra,India,Consumer,2022-03-10
CUST-05038,Aman Kulkarni,Male,50,Chandigarh,Chandigarh,India,Consumer,2024-06-02
CUST-05039,Aman Jain,Male,40,Delhi,Delhi,India,Corporate,2025-12-14
CUST-05040,Arjun Singh,Male,37,Mumbai,Maharashtra,India,Consumer,2023-04-04
CUST-05041,Riya Nair,Female,57,Visakhapatnam,Andhra Pradesh,India,Consumer,2025-08-08
CUST-05042,Manish Chatterjee,Male,32,Hyderabad,Telangana,India,Consumer,2022-01-06
CUST-05043,Aarav Shah,Male,39,Ranchi,Jharkhand,India,Consumer,2022-06-02
CUST-05044,Aditi Singh,Female,29,Indore,Madhya Pradesh,India,Consumer,2023-09-25
CUST-05045,Kunal Agarwal,Male,48,Hyderabad,Telangana,India,Small Business,2024-06-13
CUST-05046,Kavya Reddy,Female,25,Surat,Gujarat,India,Consumer,2022-12-26
CUST-05047,Kriti Reddy,Female,51,Chandigarh,Chandigarh,India,Small Business,2025-10-05
CUST-05048,Karan Sharma,Male,31,Bengaluru,Karnataka,India,Consumer,2023-01-20
CUST-05049,Aanya Kapoor,Female,31,Indore,Madhya Pradesh,India,Consumer,2024-04-14
CUST-05050,Aanya Kapoor,Female,20,Gurugram,Haryana,India,Consumer,2022-07-13
CUST-05051,Sneha यादव,Female,39,Pune,Maharashtra,India,Consumer,2024-12-23
CUST-05052,Mohit Shah,Male,25,Bengaluru,Karnataka,India,Corporate,2023-11-14
CUST-05053,Deepika Shah,Female,26,Delhi,Delhi,India,Corporate,2024-01-03
CUST-05054,Kavya Shah,Female,34,Kolkata,West Bengal,India,Consumer,2022-04-04
CUST-05055,Yash Roy,Male,27,Lucknow,Uttar Pradesh,India,Corporate,2024-11-01
CUST-05056,Rahul Patel,Male,29,Ahmedabad,Gujarat,India,Consumer,2024-11-18
CUST-05057,Manish Verma,Male,34,Bengaluru,Karnataka,India,Small Business,2024-06-08
CUST-05058,Divya Kulkarni,Female,31,Pune,Maharashtra,India,Corporate,2025-06-04
CUST-05059,Harsh Reddy,Male,27,Gurugram,Haryana,India,Consumer,2024-05-06
CUST-05060,Kunal Mukherjee,Male,32,Ahmedabad,Gujarat,India,Consumer,2022-11-15
CUST-05061,Aryan Kulkarni,Male,24,Chandigarh,Chandigarh,India,Consumer,2025-12-16
CUST-05062,Divya Patel,Female,23,Delhi,Delhi,India,Consumer,2024-06-02
CUST-05063,Karan Jain,Male,59,Bengaluru,Karnataka,India,Small Business,2022-07-18
CUST-05064,Aditya Bhat,Male,53,Chennai,Tamil Nadu,India,Consumer,2023-03-27
CUST-05065,Rohan Singh,Male,28,Chandigarh,Chandigarh,India,Consumer,2024-03-08
CUST-05066,Shreya Verma,Female,48,Delhi,Delhi,India,Small Business,2023-12-26
CUST-05067,Divya Nair,Female,55,Bhubaneswar,Odisha,India,Corporate,2023-02-22
CUST-05068,Aditya Khanna,Male,25,Gurugram,Haryana,India,Consumer,2025-02-10
CUST-05069,Ankit Iyer,Male,38,Hyderabad,Telangana,India,Consumer,2025-02-13
CUST-05070,Nisha Banerjee,Female,51,Bengaluru,Karnataka,India,Consumer,2023-09-20
CUST-05071,Pooja Reddy,Female,30,Kolkata,West Bengal,India,Consumer,2025-09-10
CUST-05072,Vaishnavi Nair,Female,30,Mumbai,Maharashtra,India,Consumer,2025-12-13
CUST-05073,Aanya Gupta,Female,47,Bhubaneswar,Odisha,India,Small Business,2023-05-01
CUST-05074,Kunal Jain,Male,31,Lucknow,Uttar Pradesh,India,Small Business,2023-06-09
CUST-05075,Anushka Roy,Female,38,Bhubaneswar,Odisha,India,Consumer,2025-02-11
CUST-05076,Divya Patel,Female,39,Chandigarh,Chandigarh,India,Consumer,2025-12-10
CUST-05077,Arjun Das,Male,40,Chandigarh,Chandigarh,India,Corporate,2022-12-20
CUST-05078,Dev Gupta,Male,47,Hyderabad,Telangana,India,Small Business,2024-06-22
CUST-05079,Vikas Iyer,Male,40,Mumbai,Maharashtra,India,Small Business,2024-08-03
CUST-05080,Aman Kapoor,Male,27,Delhi,Delhi,India,Consumer,2025-09-24
CUST-05081,Deepak Bhat,Male,21,Bhubaneswar,Odisha,India,Small Business,2023-06-22
CUST-05082,Isha Reddy,Female,47,Lucknow,Uttar Pradesh,India,Consumer,2023-11-09
CUST-05083,Arjun Jain,Male,32,Coimbatore,Tamil Nadu,India,Consumer,2023-05-06
CUST-05084,Ananya Roy,Female,43,Lucknow,Uttar Pradesh,India,Small Business,2022-09-29
CUST-05085,Tanvi Das,Female,58,Surat,Gujarat,India,Consumer,2023-09-04
CUST-05086,Aryan Mukherjee,Male,55,Chennai,Tamil Nadu,India,Consumer,2023-04-17
CUST-05087,Shreya Mehta,Female,58,Kolkata,West Bengal,India,Consumer,2022-11-02
CUST-05088,Deepak Mehta,Male,37,Delhi,Delhi,India,Small Business,2023-11-23
CUST-05089,Kavya Das,Female,55,Gurugram,Haryana,India,Corporate,2025-09-02
CUST-05090,Meera Kulkarni,Female,42,Lucknow,Uttar Pradesh,India,Consumer,2023-12-23
CUST-05091,Ira Gupta,Other,47,Chennai,Tamil Nadu,India,Small Business,2025-06-13
CUST-05092,Aditya Khanna,Male,60,Hyderabad,Telangana,India,Consumer,2023-06-02
CUST-05093,Anjali Srinivasan,Female,33,Mumbai,Maharashtra,India,Consumer,2022-05-14
CUST-05094,Ananya Nair,Female,37,Bengaluru,Karnataka,India,Consumer,2022-10-25
CUST-05095,Ananya Reddy,Female,37,Bengaluru,Karnataka,India,Small Business,2022-05-05
CUST-05096,Siddharth Singh,Male,26,Mumbai,Maharashtra,India,Consumer,2024-07-02
CUST-05097,Aditi Banerjee,Female,52,Hyderabad,Telangana,India,Consumer,2023-03-01
CUST-05098,Neha Patel,Female,30,Ahmedabad,Gujarat,India,Consumer,2023-01-01
CUST-05099,Siddharth Sharma,Male,27,Bengaluru,Karnataka,India,Consumer,2023-05-07
CUST-05100,Vivek Singh,Male,28,Gurugram,Haryana,India,Consumer,2022-11-18
CUST-05101,Vivek Agarwal,Male,63,Jaipur,Rajasthan,India,Small Business,2023-06-04
CUST-05102,Nikhil Sharma,Male,38,Mumbai,Maharashtra,India,Corporate,2025-07-02
CUST-05103,Sandeep Singh,Male,25,Mumbai,Maharashtra,India,Consumer,2023-08-23
CUST-05104,Kavya Verma,Female,52,Ahmedabad,Gujarat,India,Corporate,2025-11-09
CUST-05105,Aditi Kapoor,Female,34,Ahmedabad,Gujarat,India,Consumer,2024-01-23
CUST-05106,Vikas Mehta,Male,24,Ahmedabad,Gujarat,India,Consumer,2025-04-07
CUST-05107,Arjun Kulkarni,Male,57,Kolkata,West Bengal,India,Corporate,2023-07-03
CUST-05108,Aman Pandey,Male,30,Delhi,Delhi,India,Consumer,2022-05-12
CUST-05109,Aanya Kulkarni,Female,27,Visakhapatnam,Andhra Pradesh,India,Small Business,2023-04-04
CUST-05110,Sneha Reddy,Female,55,Bengaluru,Karnataka,India,Consumer,2023-04-29
CUST-05111,Akash Pandey,Male,33,Gurugram,Haryana,India,Consumer,2025-09-10
CUST-05112,Sandeep यादव,Male,52,Kochi,Kerala,India,Small Business,2025-03-12
CUST-05113,Vivek Verma,Male,48,Surat,Gujarat,India,Consumer,2022-01-14
CUST-05114,Pranav Mehta,Male,56,Hyderabad,Telangana,India,Consumer,2024-03-23
CUST-05115,Ankit Singh,Male,24,Jaipur,Rajasthan,India,Consumer,2025-04-07
CUST-05116,Manish Banerjee,Male,51,Delhi,Delhi,India,Consumer,2025-05-31
CUST-05117,Harsh Pandey,Male,34,Bengaluru,Karnataka,India,Consumer,2023-07-23
CUST-05118,Arjun Roy,Male,57,Delhi,Delhi,India,Small Business,2022-06-03
CUST-05119,Riya Pandey,Female,45,Mumbai,Maharashtra,India,Consumer,2022-02-27
CUST-05120,Dev Jain,Male,33,Bengaluru,Karnataka,India,Consumer,2023-03-28
CUST-05121,Manish Nair,Male,53,Delhi,Delhi,India,Small Business,2023-09-16
CUST-05122,Kriti Reddy,Female,29,Indore,Madhya Pradesh,India,Consumer,2022-12-24
CUST-05123,Riya यादव,Female,41,Surat,Gujarat,India,Small Business,2024-06-16
CUST-05124,Tanvi Kapoor,Female,45,Chennai,Tamil Nadu,India,Consumer,2023-09-09
CUST-05125,Kunal Roy,Male,53,Kolkata,West Bengal,India,Small Business,2023-09-04
CUST-05126,Yash Mishra,Male,53,Jaipur,Rajasthan,India,Consumer,2022-12-14
CUST-05127,Anushka Singh,Female,36,Gurugram,Haryana,India,Consumer,2023-04-22
CUST-05128,Nisha Mishra,Female,34,Delhi,Delhi,India,Consumer,2022-09-30
CUST-05129,Priya Kulkarni,Female,29,Mumbai,Maharashtra,India,Consumer,2022-02-10
CUST-05130,Nikhil Chatterjee,Male,37,Mumbai,Maharashtra,India,Corporate,2023-12-18
CUST-05131,Siddharth Iyer,Male,39,Gurugram,Haryana,India,Consumer,2022-06-04
CUST-05132,Pooja Srinivasan,Female,28,Mumbai,Maharashtra,India,Consumer,2023-06-29
CUST-05133,Aanya Kulkarni,Female,38,Bengaluru,Karnataka,India,Corporate,2024-01-18
CUST-05134,Karan Roy,Male,52,Ranchi,Jharkhand,India,Consumer,2024-04-13
CUST-05135,Riya Das,Female,37,Kolkata,West Bengal,India,Consumer,2025-02-11
CUST-05136,Manish Jain,Male,47,Bhubaneswar,Odisha,India,Consumer,2025-11-30
CUST-05137,Aarav Srinivasan,Male,34,Ahmedabad,Gujarat,India,Consumer,2023-01-25
CUST-05138,Divya Kulkarni,Female,25,Mumbai,Maharashtra,India,Consumer,2024-04-02
CUST-05139,Vikas Das,Male,39,Lucknow,Uttar Pradesh,India,Consumer,2025-03-02
CUST-05140,Karan Jain,Male,42,Kochi,Kerala,India,Consumer,2022-02-13
CUST-05141,Meera Srinivasan,Female,34,Hyderabad,Telangana,India,Consumer,2022-03-09
CUST-05142,Sandeep Kulkarni,Male,47,Bengaluru,Karnataka,India,Corporate,2023-11-20
CUST-05143,Deepak Agarwal,Male,28,Mumbai,Maharashtra,India,Consumer,2022-02-19
CUST-05144,Isha Jain,Female,36,Gurugram,Haryana,India,Consumer,2023-07-19
CUST-05145,Aman यादव,Male,56,Kolkata,West Bengal,India,Consumer,2022-06-10
CUST-05146,Tanvi Mukherjee,Female,57,Chennai,Tamil Nadu,India,Consumer,2023-11-19
CUST-05147,Akash यादव,Male,28,Bengaluru,Karnataka,India,Consumer,2023-04-12
CUST-05148,Aditya Roy,Male,36,Hyderabad,Telangana,India,Consumer,2022-06-13
CUST-05149,Aanya Kapoor,Female,35,Bhubaneswar,Odisha,India,Corporate,2024-06-14
CUST-05150,Sandeep Khanna,Male,40,Mumbai,Maharashtra,India,Consumer,2022-10-27
CUST-05151,Meera Mishra,Female,54,Pune,Maharashtra,India,Small Business,2022-08-22
CUST-05152,Manish Iyer,Male,48,Siliguri,West Bengal,India,Consumer,2022-04-11
CUST-05153,Neha Singh,Female,25,Lucknow,Uttar Pradesh,India,Small Business,2023-12-26
CUST-05154,Aditi Patel,Female,53,Hyderabad,Telangana,India,Small Business,2024-05-03
CUST-05155,Shreya यादव,Female,55,Delhi,Delhi,India,Corporate,2024-01-14
CUST-05156,Rahul Gupta,Male,26,Kolkata,West Bengal,India,Consumer,2022-01-17
CUST-05157,Vivek Shah,Male,32,Jaipur,Rajasthan,India,Consumer,2024-12-24
CUST-05158,Sandeep Mehta,Male,35,Delhi,Delhi,India,Consumer,2022-09-29
CUST-05159,Rahul Kapoor,Male,28,Kolkata,West Bengal,India,Consumer,2024-07-06
CUST-05160,Deepak Nair,Male,36,Guwahati,Assam,India,Consumer,2022-01-20
CUST-05161,Vivek Reddy,Male,37,Kolkata,West Bengal,India,Consumer,2025-08-09
CUST-05162,Manish Mukherjee,Male,41,Delhi,Delhi,India,Consumer,2023-08-15
CUST-05163,Aarav Srinivasan,Male,40,Lucknow,Uttar Pradesh,India,Small Business,2022-05-10
CUST-05164,Riya Jain,Female,34,Bengaluru,Karnataka,India,Consumer,2024-06-07
CUST-05165,Anushka Banerjee,Female,30,Delhi,Delhi,India,Consumer,2025-08-15
CUST-05166,Shreya Gupta,Female,32,Bengaluru,Karnataka,India,Consumer,2022-01-04
CUST-05167,Kriti Gupta,Female,26,Kolkata,West Bengal,India,Small Business,2024-09-15
CUST-05168,Ahan Srinivasan,Other,45,Mumbai,Maharashtra,India,Consumer,2022-08-17
CUST-05169,Vikas Roy,Male,33,Ahmedabad,Gujarat,India,Consumer,2023-11-23
CUST-05170,Aditi Kulkarni,Female,54,Delhi,Delhi,India,Corporate,2025-03-24
CUST-05171,Ananya Banerjee,Female,41,Delhi,Delhi,India,Consumer,2025-06-05
CUST-05172,Aman Verma,Male,31,Pune,Maharashtra,India,Consumer,2024-11-20
CUST-05173,Aryan Das,Male,32,Ahmedabad,Gujarat,India,Corporate,2023-07-23
CUST-05174,Kriti Agarwal,Female,56,Visakhapatnam,Andhra Pradesh,India,Consumer,2024-05-23
CUST-05175,Pooja Sharma,Female,52,Mumbai,Maharashtra,India,Consumer,2025-09-15
CUST-05176,Pranav Singh,Male,27,Jaipur,Rajasthan,India,Consumer,2023-12-31
CUST-05177,Sneha Jain,Female,52,Mumbai,Maharashtra,India,Corporate,2023-12-12
CUST-05178,Sneha Mehta,Female,35,Surat,Gujarat,India,Small Business,2024-06-20
CUST-05179,Kunal Sharma,Male,38,Delhi,Delhi,India,Consumer,2024-10-03
CUST-05180,Kavya Patel,Female,37,Raipur,Chhattisgarh,India,Consumer,2023-01-01
CUST-05181,Rohan यादव,Male,38,Delhi,Delhi,India,Consumer,2023-02-01
CUST-05182,Aryan Kulkarni,Male,24,Mumbai,Maharashtra,India,Consumer,2023-10-30
CUST-05183,Sandeep Gupta,Male,49,Gurugram,Haryana,India,Consumer,2024-02-14
CUST-05184,Sneha Gupta,Female,36,Mumbai,Maharashtra,India,Consumer,2022-11-07
CUST-05185,Priya Agarwal,Female,42,Delhi,Delhi,India,Consumer,2022-01-24
CUST-05186,Aditi Sharma,Female,26,Mumbai,Maharashtra,India,Corporate,2024-02-11
CUST-05187,Rahul Sharma,Male,37,Mumbai,Maharashtra,India,Consumer,2022-09-11
CUST-05188,Anjali Shah,Female,38,Mumbai,Maharashtra,India,Consumer,2024-05-14
CUST-05189,Sneha Iyer,Female,20,Pune,Maharashtra,India,Consumer,2025-03-25
CUST-05190,Sneha Iyer,Female,24,Mumbai,Maharashtra,India,Consumer,2022-03-27
CUST-05191,Pooja Verma,Female,48,Mumbai,Maharashtra,India,Consumer,2024-06-20
CUST-05192,Vaishnavi Das,Female,57,Mumbai,Maharashtra,India,Small Business,2025-07-04
CUST-05193,Kriti Patel,Female,50,Raipur,Chhattisgarh,India,Consumer,2024-03-26
CUST-05194,Akash Nair,Male,34,Bengaluru,Karnataka,India,Consumer,2025-12-13
CUST-05195,Ankit Nair,Male,28,Kochi,Kerala,India,Consumer,2024-04-29
CUST-05196,Aryan Bhat,Male,50,Pune,Maharashtra,India,Small Business,2023-11-01
CUST-05197,Aryan Agarwal,Male,29,Kolkata,West Bengal,India,Consumer,2023-01-01
CUST-05198,Aman Banerjee,Male,38,Surat,Gujarat,India,Corporate,2024-10-01
CUST-05199,Nisha Nair,Female,38,Hyderabad,Telangana,India,Consumer,2023-11-27
CUST-05200,Sneha Mukherjee,Female,32,Pune,Maharashtra,India,Consumer,2022-12-10
CUST-05201,Manish Roy,Male,33,Lucknow,Uttar Pradesh,India,Corporate,2023-03-29
CUST-05202,Aman Sharma,Male,33,Goa,Goa,India,Consumer,2022-06-14
CUST-05203,Aditi Iyer,Female,40,Mumbai,Maharashtra,India,Small Business,2024-05-06
CUST-05204,Arjun Mishra,Male,50,Gurugram,Haryana,India,Consumer,2025-03-13
CUST-05205,Tanvi यादव,Female,40,Pune,Maharashtra,India,Consumer,2022-05-03
CUST-05206,Pranav Singh,Male,43,Mumbai,Maharashtra,India,Corporate,2024-12-01
CUST-05207,Nikhil Chatterjee,Male,47,Patna,Bihar,India,Consumer,2024-06-19
CUST-05208,Akash Agarwal,Male,34,Bengaluru,Karnataka,India,Consumer,2023-02-04
CUST-05209,Dev Reddy,Male,55,Coimbatore,Tamil Nadu,India,Consumer,2025-09-14
CUST-05210,Sandeep Jain,Male,39,Mumbai,Maharashtra,India,Consumer,2025-04-29
CUST-05211,Siddharth Das,Male,57,Visakhapatnam,Andhra Pradesh,India,Consumer,2023-06-07
CUST-05212,Harsh Banerjee,Male,34,Siliguri,West Bengal,India,Corporate,2022-10-22
CUST-05213,Deepak Kulkarni,Male,54,Srinagar,Jammu and Kashmir,India,Consumer,2023-02-01
CUST-05214,Kunal Nair,Male,21,Guwahati,Assam,India,Consumer,2022-10-21
CUST-05215,Kriti Bhat,Female,45,Guwahati,Assam,India,Small Business,2024-11-23
CUST-05216,Divya Srinivasan,Female,31,Bengaluru,Karnataka,India,Small Business,2022-04-11
CUST-05217,Kunal Chatterjee,Male,34,Jaipur,Rajasthan,India,Corporate,2023-07-11
CUST-05218,Tanvi Iyer,Female,50,Ahmedabad,Gujarat,India,Consumer,2022-02-28
CUST-05219,Akash Bhat,Male,31,Delhi,Delhi,India,Corporate,2022-09-20
CUST-05220,Manish Roy,Male,41,Gurugram,Haryana,India,Consumer,2025-05-09
CUST-05221,Divya Mehta,Female,22,Chandigarh,Chandigarh,India,Consumer,2024-02-25
CUST-05222,Pranav Pandey,Male,50,Pune,Maharashtra,India,Consumer,2024-12-01
CUST-05223,Sandeep Nair,Male,25,Lucknow,Uttar Pradesh,India,Small Business,2025-06-16
CUST-05224,Riya Pandey,Female,34,Bengaluru,Karnataka,India,Consumer,2023-10-19
CUST-05225,Vikas Mukherjee,Male,50,Bengaluru,Karnataka,India,Consumer,2024-03-03
CUST-05226,Priya Pandey,Female,47,Delhi,Delhi,India,Consumer,2023-03-16
CUST-05227,Anushka Singh,Female,48,Chennai,Tamil Nadu,India,Consumer,2025-09-13
CUST-05228,Anushka Shah,Female,29,Bengaluru,Karnataka,India,Consumer,2023-02-18
CUST-05229,Divya Nair,Female,25,Kolkata,West Bengal,India,Consumer,2024-05-25
CUST-05230,Pranav Sharma,Male,55,Bhubaneswar,Odisha,India,Consumer,2022-11-05
CUST-05231,Sandeep Kapoor,Male,40,Delhi,Delhi,India,Corporate,2023-06-04
CUST-05232,Vikas Nair,Male,31,Delhi,Delhi,India,Consumer,2025-11-26
CUST-05233,Isha Das,Female,40,Siliguri,West Bengal,India,Consumer,2025-05-30
CUST-05234,Tanvi Singh,Female,44,Kolkata,West Bengal,India,Consumer,2022-02-02
CUST-05235,Nisha Nair,Female,28,Indore,Madhya Pradesh,India,Small Business,2023-12-27
CUST-05236,Divya Nair,Female,55,Delhi,Delhi,India,Consumer,2024-07-18
CUST-05237,Rahul Patel,Male,51,Indore,Madhya Pradesh,India,Small Business,2025-01-21
CUST-05238,Vaishnavi यादव,Female,63,Gurugram,Haryana,India,Consumer,2022-10-04
CUST-05239,Kavya Sharma,Female,52,Kolkata,West Bengal,India,Consumer,2022-02-04
CUST-05240,Vaishnavi Jain,Female,46,Hyderabad,Telangana,India,Consumer,2025-10-15
CUST-05241,Arjun Pandey,Male,47,Kochi,Kerala,India,Small Business,2023-11-07
CUST-05242,Anushka Banerjee,Female,24,Bengaluru,Karnataka,India,Consumer,2025-06-17
CUST-05243,Arjun Srinivasan,Male,43,Coimbatore,Tamil Nadu,India,Consumer,2024-04-17
CUST-05244,Riya Mehta,Female,43,Bengaluru,Karnataka,India,Consumer,2025-03-14
CUST-05245,Kavya Mishra,Female,33,Kolkata,West Bengal,India,Consumer,2024-05-30
CUST-05246,Karan Singh,Male,33,Bhubaneswar,Odisha,India,Consumer,2025-01-29
CUST-05247,Mohit Agarwal,Male,23,Lucknow,Uttar Pradesh,India,Consumer,2024-08-10
CUST-05248,Anushka Verma,Female,36,Lucknow,Uttar Pradesh,India,Consumer,2022-02-15
CUST-05249,Pranav Chatterjee,Male,29,Surat,Gujarat,India,Corporate,2022-11-07
CUST-05250,Kriti Shah,Female,52,Hyderabad,Telangana,India,Small Business,2023-10-14
CUST-05251,Aditi Kulkarni,Female,31,Surat,Gujarat,India,Corporate,2023-03-16
CUST-05252,Shreya Verma,Female,50,Lucknow,Uttar Pradesh,India,Small Business,2022-06-11
CUST-05253,Vikas Bhat,Male,27,Surat,Gujarat,India,Small Business,2024-02-10
CUST-05254,Akash Mukherjee,Male,35,Hyderabad,Telangana,India,Small Business,2025-08-15
CUST-05255,Rohan Patel,Male,29,Jaipur,Rajasthan,India,Consumer,2023-06-17
CUST-05256,Kriti Pandey,Female,49,Delhi,Delhi,India,Consumer,2023-08-25
CUST-05257,Rahul Iyer,Male,26,Delhi,Delhi,India,Small Business,2023-10-04
CUST-05258,Kriti Patel,Female,31,Siliguri,West Bengal,India,Consumer,2022-10-28
CUST-05259,Aarya Verma,Other,40,Surat,Gujarat,India,Consumer,2023-05-28
CUST-05260,Ananya Kapoor,Female,29,Chandigarh,Chandigarh,India,Small Business,2024-02-28
CUST-05261,Pooja Srinivasan,Female,36,Mumbai,Maharashtra,India,Consumer,2022-07-29
CUST-05262,Sandeep Sharma,Male,47,Chandigarh,Chandigarh,India,Consumer,2025-07-19
CUST-05263,Ira Kulkarni,Other,31,Srinagar,Jammu and Kashmir,India,Consumer,2025-10-24
CUST-05264,Neha Chatterjee,Female,40,Kolkata,West Bengal,India,Consumer,2025-12-04
CUST-05265,Aman Kapoor,Male,32,Patna,Bihar,India,Consumer,2022-08-23
CUST-05266,Karan Agarwal,Male,27,Jaipur,Rajasthan,India,Consumer,2025-04-23
CUST-05267,Akash Mehta,Male,28,Surat,Gujarat,India,Consumer,2023-10-08
CUST-05268,Deepak Bhat,Male,25,Chandigarh,Chandigarh,India,Consumer,2025-03-22
CUST-05269,Mohit Gupta,Male,34,Delhi,Delhi,India,Consumer,2022-06-18
CUST-05270,Karan Das,Male,40,Delhi,Delhi,India,Consumer,2025-10-18
CUST-05271,Anushka Sharma,Female,36,Delhi,Delhi,India,Consumer,2023-04-08
CUST-05272,Aditya Shah,Male,52,Bengaluru,Karnataka,India,Consumer,2025-11-04
CUST-05273,Dev Chatterjee,Male,45,Hyderabad,Telangana,India,Consumer,2023-10-12
CUST-05274,Sandeep Roy,Male,61,Mumbai,Maharashtra,India,Corporate,2025-03-07
CUST-05275,Anushka Gupta,Female,45,Kochi,Kerala,India,Consumer,2025-07-12
CUST-05276,Deepak Jain,Male,23,Delhi,Delhi,India,Consumer,2023-07-24
CUST-05277,Aman Reddy,Male,33,Chennai,Tamil Nadu,India,Small Business,2022-06-15
CUST-05278,Ankit Singh,Male,37,Surat,Gujarat,India,Consumer,2025-01-13
CUST-05279,Neha Banerjee,Female,34,Mumbai,Maharashtra,India,Small Business,2023-10-03
CUST-05280,Pranav Bhat,Male,30,Mumbai,Maharashtra,India,Consumer,2023-01-04
CUST-05281,Kriti Patel,Female,42,Mumbai,Maharashtra,India,Consumer,2025-08-30
CUST-05282,Karan Pandey,Male,25,Mumbai,Maharashtra,India,Small Business,2023-06-21
CUST-05283,Deepak Iyer,Male,42,Kochi,Kerala,India,Corporate,2024-03-04
CUST-05284,Aditya Chatterjee,Male,24,Pune,Maharashtra,India,Consumer,2022-07-19
CUST-05285,Aditya यादव,Male,38,Bengaluru,Karnataka,India,Consumer,2022-07-11
CUST-05286,Aanya Chatterjee,Female,28,Delhi,Delhi,India,Consumer,2025-04-17
CUST-05287,Siddharth Nair,Male,56,Delhi,Delhi,India,Consumer,2025-09-11
CUST-05288,Meera Jain,Female,32,Indore,Madhya Pradesh,India,Consumer,2023-06-24
CUST-05289,Nikhil Reddy,Male,51,Surat,Gujarat,India,Consumer,2024-05-16
CUST-05290,Deepika Chatterjee,Female,28,Ranchi,Jharkhand,India,Corporate,2022-03-14
CUST-05291,Harsh Mehta,Male,36,Mumbai,Maharashtra,India,Small Business,2023-06-02
CUST-05292,Aanya Kapoor,Female,37,Mumbai,Maharashtra,India,Consumer,2022-12-05
CUST-05293,Samarth Agarwal,Other,27,Pune,Maharashtra,India,Corporate,2024-03-13
CUST-05294,Divya Srinivasan,Female,33,Bengaluru,Karnataka,India,Consumer,2025-01-25
CUST-05295,Isha Das,Female,57,Mumbai,Maharashtra,India,Consumer,2022-01-31
CUST-05296,Suman Patel,Other,49,Lucknow,Uttar Pradesh,India,Consumer,2024-04-14
CUST-05297,Aryan Kulkarni,Male,26,Chandigarh,Chandigarh,India,Consumer,2023-07-22
CUST-05298,Pooja Kulkarni,Female,46,Delhi,Delhi,India,Consumer,2023-06-21
CUST-05299,Vivek Das,Male,58,Raipur,Chhattisgarh,India,Consumer,2025-11-09
CUST-05300,Neha Nair,Female,29,Bengaluru,Karnataka,India,Small Business,2025-03-04
CUST-05301,Nisha Kapoor,Female,28,Ahmedabad,Gujarat,India,Consumer,2022-09-07
CUST-05302,Harsh Srinivasan,Male,28,Mumbai,Maharashtra,India,Consumer,2022-06-11
CUST-05303,Anushka Shah,Female,46,Delhi,Delhi,India,Consumer,2023-03-06
CUST-05304,Aarav Nair,Male,45,Hyderabad,Telangana,India,Consumer,2023-06-21
CUST-05305,Ankit Mishra,Male,30,Kolkata,West Bengal,India,Consumer,2022-07-08
CUST-05306,Sneha Roy,Female,52,Coimbatore,Tamil Nadu,India,Small Business,2024-06-11
CUST-05307,Priya Gupta,Female,31,Goa,Goa,India,Consumer,2024-06-11
CUST-05308,Manish Jain,Male,31,Chennai,Tamil Nadu,India,Consumer,2022-03-04
CUST-05309,Sneha Singh,Female,24,Bengaluru,Karnataka,India,Consumer,2023-07-15
CUST-05310,Riya Mehta,Female,30,Pune,Maharashtra,India,Consumer,2025-04-03
CUST-05311,Sneha Kulkarni,Female,48,Bengaluru,Karnataka,India,Small Business,2024-12-30
CUST-05312,Pooja Chatterjee,Female,37,Kochi,Kerala,India,Consumer,2024-06-02
CUST-05313,Isha Gupta,Female,27,Kolkata,West Bengal,India,Consumer,2023-03-23
CUST-05314,Deepika Banerjee,Female,35,Jaipur,Rajasthan,India,Consumer,2025-11-04
CUST-05315,Saanvi Iyer,Female,47,Hyderabad,Telangana,India,Consumer,2023-03-16
CUST-05316,Pooja Iyer,Female,28,Mumbai,Maharashtra,India,Consumer,2022-12-20
CUST-05317,Shreya Patel,Female,29,Ahmedabad,Gujarat,India,Consumer,2025-07-07
CUST-05318,Aryan Jain,Male,30,Mumbai,Maharashtra,India,Small Business,2023-12-09
CUST-05319,Aditya Sharma,Male,49,Mumbai,Maharashtra,India,Corporate,2025-11-12
CUST-05320,Sneha Pandey,Female,48,Ahmedabad,Gujarat,India,Consumer,2023-09-09
CUST-05321,Aditya Agarwal,Male,29,Chennai,Tamil Nadu,India,Consumer,2024-06-04
CUST-05322,Manish Verma,Male,27,Coimbatore,Tamil Nadu,India,Small Business,2024-01-30
CUST-05323,Saanvi Chatterjee,Female,30,Delhi,Delhi,India,Consumer,2022-10-13
CUST-05324,Deepak Jain,Male,35,Lucknow,Uttar Pradesh,India,Corporate,2022-11-20
CUST-05325,Neha Srinivasan,Female,33,Mumbai,Maharashtra,India,Consumer,2022-04-15
CUST-05326,Nisha Sharma,Female,52,Bhubaneswar,Odisha,India,Corporate,2025-10-06
CUST-05327,Deepika Roy,Female,46,Pune,Maharashtra,India,Consumer,2022-03-20
CUST-05328,Neha Reddy,Female,38,Delhi,Delhi,India,Consumer,2025-02-06
CUST-05329,Kavya Nair,Female,55,Hyderabad,Telangana,India,Small Business,2024-05-08
CUST-05330,Anjali Gupta,Female,30,Gurugram,Haryana,India,Small Business,2022-11-28
CUST-05331,Pooja Das,Female,34,Raipur,Chhattisgarh,India,Consumer,2025-12-15
CUST-05332,Sneha Das,Female,29,Jaipur,Rajasthan,India,Consumer,2025-02-22
CUST-05333,Harsh Jain,Male,33,Gurugram,Haryana,India,Small Business,2023-06-27
CUST-05334,Vivek Chatterjee,Male,27,Chennai,Tamil Nadu,India,Consumer,2025-05-15
CUST-05335,Vivek Iyer,Male,35,Jaipur,Rajasthan,India,Small Business,2025-12-15
CUST-05336,Rohan Srinivasan,Male,38,Guwahati,Assam,India,Consumer,2025-01-08
CUST-05337,Riya Mishra,Female,25,Delhi,Delhi,India,Consumer,2022-03-25
CUST-05338,Siddharth Pandey,Male,30,Gurugram,Haryana,India,Corporate,2025-01-28
CUST-05339,Pooja Das,Female,27,Indore,Madhya Pradesh,India,Consumer,2024-07-14
CUST-05340,Kunal Shah,Male,33,Hyderabad,Telangana,India,Consumer,2024-11-01
CUST-05341,Isha यादव,Female,39,Delhi,Delhi,India,Consumer,2022-01-05
CUST-05342,Aarav Kulkarni,Male,33,Gurugram,Haryana,India,Consumer,2022-06-04
CUST-05343,Avni Singh,Other,42,Mumbai,Maharashtra,India,Consumer,2025-07-01
CUST-05344,Aman Gupta,Male,23,Chandigarh,Chandigarh,India,Consumer,2025-05-31
CUST-05345,Shreya Gupta,Female,34,Bengaluru,Karnataka,India,Consumer,2025-01-16
CUST-05346,Aman Bhat,Male,44,Jaipur,Rajasthan,India,Small Business,2022-01-17
CUST-05347,Akash Pandey,Male,39,Kolkata,West Bengal,India,Small Business,2024-08-21
CUST-05348,Neha Roy,Female,33,Bhubaneswar,Odisha,India,Small Business,2024-03-07
CUST-05349,Karan Chatterjee,Male,29,Delhi,Delhi,India,Consumer,2022-10-02
CUST-05350,Deepika Mehta,Female,44,Bengaluru,Karnataka,India,Consumer,2022-08-19
CUST-05351,Divya Gupta,Female,43,Bhubaneswar,Odisha,India,Consumer,2025-04-22
CUST-05352,Saanvi Kapoor,Female,44,Coimbatore,Tamil Nadu,India,Consumer,2023-11-21
CUST-05353,Pooja Verma,Female,40,Jaipur,Rajasthan,India,Consumer,2023-08-11
CUST-05354,Arjun Kapoor,Male,28,Delhi,Delhi,India,Consumer,2023-08-20
CUST-05355,Nisha Mishra,Female,30,Lucknow,Uttar Pradesh,India,Consumer,2022-08-10
CUST-05356,Nikhil Gupta,Male,40,Bengaluru,Karnataka,India,Corporate,2025-01-15
CUST-05357,Pranav Agarwal,Male,29,Bhubaneswar,Odisha,India,Consumer,2023-04-29
CUST-05358,Arjun Kulkarni,Male,32,Bengaluru,Karnataka,India,Consumer,2024-01-10
CUST-05359,Aditya Srinivasan,Male,53,Pune,Maharashtra,India,Small Business,2025-01-24
CUST-05360,Karan यादव,Male,34,Hyderabad,Telangana,India,Consumer,2022-09-08
CUST-05361,Vivek Srinivasan,Male,42,Kochi,Kerala,India,Consumer,2022-07-05
CUST-05362,Aanya Agarwal,Female,19,Delhi,Delhi,India,Consumer,2023-02-11
CUST-05363,Kriti Mehta,Female,48,Gurugram,Haryana,India,Consumer,2022-07-19
CUST-05364,Meera Mishra,Female,34,Gurugram,Haryana,India,Consumer,2025-10-11
CUST-05365,Rahul Mishra,Male,26,Lucknow,Uttar Pradesh,India,Small Business,2025-04-03
CUST-05366,Divya Patel,Female,29,Pune,Maharashtra,India,Consumer,2023-11-16
CUST-05367,Saanvi Singh,Female,37,Hyderabad,Telangana,India,Corporate,2024-05-02
CUST-05368,Kavya Iyer,Female,25,Mumbai,Maharashtra,India,Consumer,2025-11-23
CUST-05369,Ankit Iyer,Male,31,Chennai,Tamil Nadu,India,Consumer,2022-07-10
CUST-05370,Aman Kapoor,Male,36,Lucknow,Uttar Pradesh,India,Corporate,2022-09-20
CUST-05371,Riya Verma,Female,29,Coimbatore,Tamil Nadu,India,Consumer,2022-03-12
CUST-05372,Pooja Chatterjee,Female,31,Siliguri,West Bengal,India,Consumer,2025-05-22
CUST-05373,Sandeep Banerjee,Male,24,Delhi,Delhi,India,Small Business,2024-03-24
CUST-05374,Naman Singh,Other,45,Jaipur,Rajasthan,India,Consumer,2024-08-06
CUST-05375,Vikas Khanna,Male,36,Indore,Madhya Pradesh,India,Corporate,2025-11-12
CUST-05376,Siddharth Singh,Male,33,Kolkata,West Bengal,India,Consumer,2024-12-04
CUST-05377,Rahul Gupta,Male,40,Pune,Maharashtra,India,Consumer,2024-12-27
CUST-05378,Rahul Shah,Male,42,Delhi,Delhi,India,Small Business,2024-11-05
CUST-05379,Aditi Roy,Female,44,Gurugram,Haryana,India,Consumer,2022-01-23
CUST-05380,Saanvi Agarwal,Female,38,Pune,Maharashtra,India,Consumer,2023-04-22
CUST-05381,Aanya Nair,Female,19,Gurugram,Haryana,India,Consumer,2022-03-29
CUST-05382,Aanya Khanna,Female,40,Patna,Bihar,India,Consumer,2024-11-29
CUST-05383,Manish Srinivasan,Male,54,Pune,Maharashtra,India,Consumer,2024-07-22
CUST-05384,Aman Mukherjee,Male,29,Ahmedabad,Gujarat,India,Consumer,2022-04-08
CUST-05385,Aditi Iyer,Female,39,Bengaluru,Karnataka,India,Corporate,2024-02-27
CUST-05386,Aman Kapoor,Male,37,Guwahati,Assam,India,Consumer,2024-06-16
CUST-05387,Kriti Roy,Female,26,Lucknow,Uttar Pradesh,India,Consumer,2024-03-24
CUST-05388,Dev Sharma,Male,23,Visakhapatnam,Andhra Pradesh,India,Consumer,2023-12-14
CUST-05389,Isha Agarwal,Female,21,Bengaluru,Karnataka,India,Consumer,2024-07-27
CUST-05390,Kriti Srinivasan,Female,56,Bengaluru,Karnataka,India,Consumer,2023-02-07
CUST-05391,Ankit Mehta,Male,35,Mumbai,Maharashtra,India,Consumer,2022-05-27
CUST-05392,Nikhil Jain,Male,27,Ahmedabad,Gujarat,India,Consumer,2025-01-25
CUST-05393,Nisha Verma,Female,27,Patna,Bihar,India,Consumer,2024-10-18
CUST-05394,Shreya Khanna,Female,25,Delhi,Delhi,India,Small Business,2024-06-26
CUST-05395,Deepak Pandey,Male,26,Bengaluru,Karnataka,India,Corporate,2024-11-05
CUST-05396,Neha Shah,Female,22,Jaipur,Rajasthan,India,Consumer,2023-07-26
CUST-05397,Pooja Roy,Female,25,Kolkata,West Bengal,India,Corporate,2022-09-03
CUST-05398,Harsh Srinivasan,Male,28,Kolkata,West Bengal,India,Consumer,2023-12-24
CUST-05399,Vivek Verma,Male,47,Ahmedabad,Gujarat,India,Consumer,2024-10-30
CUST-05400,Tanvi Srinivasan,Female,33,Surat,Gujarat,India,Consumer,2023-02-02
CUST-05401,Aditya Roy,Male,42,Gurugram,Haryana,India,Consumer,2023-06-20
CUST-05402,Dev Roy,Male,50,Chennai,Tamil Nadu,India,Consumer,2024-01-05
CUST-05403,Aryan Mukherjee,Male,35,Kolkata,West Bengal,India,Consumer,2024-08-02
CUST-05404,Akash Gupta,Male,20,Kolkata,West Bengal,India,Corporate,2025-12-08
CUST-05405,Aditi Singh,Female,48,Kolkata,West Bengal,India,Consumer,2022-11-13
CUST-05406,Isha Nair,Female,34,Delhi,Delhi,India,Small Business,2025-03-16
CUST-05407,Nikhil Banerjee,Male,28,Bengaluru,Karnataka,India,Consumer,2023-12-15
CUST-05408,Aditya Chatterjee,Male,39,Delhi,Delhi,India,Consumer,2025-12-08
CUST-05409,Neha Reddy,Female,50,Delhi,Delhi,India,Small Business,2023-08-01
CUST-05410,Arjun Sharma,Male,50,Bengaluru,Karnataka,India,Consumer,2025-03-17
CUST-05411,Deepika Mehta,Female,39,Lucknow,Uttar Pradesh,India,Small Business,2022-04-21
CUST-05412,Siddharth Mukherjee,Male,52,Delhi,Delhi,India,Small Business,2023-07-16
CUST-05413,Nisha Mukherjee,Female,46,Jaipur,Rajasthan,India,Small Business,2023-11-18
CUST-05414,Kavya Agarwal,Female,40,Mumbai,Maharashtra,India,Consumer,2024-02-20
CUST-05415,Manish Roy,Male,34,Hyderabad,Telangana,India,Small Business,2025-10-05
CUST-05416,Neha Khanna,Female,54,Chennai,Tamil Nadu,India,Consumer,2025-11-16
CUST-05417,Aanya Banerjee,Female,38,Mumbai,Maharashtra,India,Consumer,2022-02-17
CUST-05418,Vivek Banerjee,Male,31,Delhi,Delhi,India,Consumer,2022-12-02
CUST-05419,Pooja Bhat,Female,35,Lucknow,Uttar Pradesh,India,Consumer,2025-07-31
CUST-05420,Deepika Mukherjee,Female,23,Hyderabad,Telangana,India,Consumer,2025-07-01
CUST-05421,Meera Pandey,Female,32,Visakhapatnam,Andhra Pradesh,India,Consumer,2023-06-20
CUST-05422,Aryan Singh,Male,31,Ahmedabad,Gujarat,India,Consumer,2025-09-27
CUST-05423,Dev Patel,Male,33,Jaipur,Rajasthan,India,Corporate,2024-11-29
CUST-05424,Vivek Agarwal,Male,26,Pune,Maharashtra,India,Consumer,2022-01-27
CUST-05425,Sandeep Gupta,Male,37,Chennai,Tamil Nadu,India,Consumer,2023-08-27
CUST-05426,Ankit Iyer,Male,47,Jaipur,Rajasthan,India,Corporate,2023-11-15
CUST-05427,Tanvi Das,Female,52,Kolkata,West Bengal,India,Corporate,2023-09-23
CUST-05428,Karan Kapoor,Male,30,Pune,Maharashtra,India,Consumer,2025-07-21
CUST-05429,Nikhil Roy,Male,58,Mumbai,Maharashtra,India,Small Business,2025-12-05
CUST-05430,Aashi Srinivasan,Other,47,Surat,Gujarat,India,Consumer,2024-07-13
CUST-05431,Vivek Sharma,Male,40,Srinagar,Jammu and Kashmir,India,Consumer,2023-03-18
CUST-05432,Anjali Singh,Female,41,Goa,Goa,India,Consumer,2022-07-15
CUST-05433,Sandeep Kapoor,Male,59,Bengaluru,Karnataka,India,Small Business,2024-04-22
CUST-05434,Aanya Kapoor,Female,50,Kolkata,West Bengal,India,Corporate,2023-11-06
CUST-05435,Kavya Nair,Female,30,Visakhapatnam,Andhra Pradesh,India,Consumer,2025-08-16
CUST-05436,Nikhil Verma,Male,36,Mumbai,Maharashtra,India,Consumer,2022-04-25
CUST-05437,Ankit Verma,Male,29,Jaipur,Rajasthan,India,Consumer,2025-05-31
CUST-05438,Rohan Iyer,Male,25,Coimbatore,Tamil Nadu,India,Small Business,2022-01-27
CUST-05439,Tanvi Sharma,Female,47,Kolkata,West Bengal,India,Consumer,2024-02-16
CUST-05440,Aarav Kulkarni,Male,43,Delhi,Delhi,India,Consumer,2022-10-26
CUST-05441,Shreya Pandey,Female,56,Gurugram,Haryana,India,Corporate,2022-12-07
CUST-05442,Deepika Agarwal,Female,52,Lucknow,Uttar Pradesh,India,Consumer,2023-10-15
CUST-05443,Nikhil Shah,Male,24,Coimbatore,Tamil Nadu,India,Consumer,2024-02-24
CUST-05444,Aanya Srinivasan,Female,26,Hyderabad,Telangana,India,Small Business,2024-10-18
CUST-05445,Vaishnavi Srinivasan,Female,51,Delhi,Delhi,India,Consumer,2024-06-06
CUST-05446,Nisha Singh,Female,36,Kolkata,West Bengal,India,Consumer,2025-06-29
CUST-05447,Aditya Sharma,Male,54,Kolkata,West Bengal,India,Consumer,2022-02-26
CUST-05448,Manish Bhat,Male,31,Mumbai,Maharashtra,India,Consumer,2022-03-21
CUST-05449,Deepak Agarwal,Male,40,Bengaluru,Karnataka,India,Consumer,2025-06-06
CUST-05450,Aditi Srinivasan,Female,37,Hyderabad,Telangana,India,Corporate,2024-05-13
CUST-05451,Sandeep Jain,Male,45,Chennai,Tamil Nadu,India,Small Business,2025-12-26
CUST-05452,Neha यादव,Female,32,Delhi,Delhi,India,Consumer,2025-11-13
CUST-05453,Neha Shah,Female,30,Ahmedabad,Gujarat,India,Consumer,2022-01-15
CUST-05454,Siddharth Khanna,Male,19,Lucknow,Uttar Pradesh,India,Consumer,2025-03-27
CUST-05455,Isha Sharma,Female,42,Chennai,Tamil Nadu,India,Corporate,2023-08-25
CUST-05456,Arjun Kapoor,Male,30,Gurugram,Haryana,India,Corporate,2025-09-12
CUST-05457,Deepak Roy,Male,23,Hyderabad,Telangana,India,Consumer,2024-02-17
CUST-05458,Naman Banerjee,Other,37,Delhi,Delhi,India,Consumer,2023-04-22
CUST-05459,Deepika Singh,Female,35,Delhi,Delhi,India,Small Business,2023-11-29
CUST-05460,Priya Jain,Female,40,Mumbai,Maharashtra,India,Consumer,2023-10-30
CUST-05461,Nikhil Mishra,Male,32,Delhi,Delhi,India,Consumer,2023-08-29
CUST-05462,Pranav Agarwal,Male,33,Mumbai,Maharashtra,India,Consumer,2023-02-13
CUST-05463,Aditya Jain,Male,32,Ahmedabad,Gujarat,India,Consumer,2025-03-19
CUST-05464,Vikas Mukherjee,Male,29,Jaipur,Rajasthan,India,Consumer,2024-03-31
CUST-05465,Dev Das,Male,31,Mumbai,Maharashtra,India,Small Business,2023-04-10
CUST-05466,Siddharth Shah,Male,32,Delhi,Delhi,India,Consumer,2023-06-17
CUST-05467,Mohit Iyer,Male,27,Pune,Maharashtra,India,Consumer,2024-07-08
CUST-05468,Ankit Das,Male,57,Coimbatore,Tamil Nadu,India,Small Business,2023-05-27
CUST-05469,Pooja Mishra,Female,34,Delhi,Delhi,India,Consumer,2024-06-28
CUST-05470,Shreya Singh,Female,28,Kochi,Kerala,India,Consumer,2025-11-12
CUST-05471,Aryan यादव,Male,47,Kolkata,West Bengal,India,Small Business,2022-09-05
CUST-05472,Pooja Mehta,Female,31,Bhubaneswar,Odisha,India,Consumer,2022-01-16
CUST-05473,Aryan Banerjee,Male,48,Chennai,Tamil Nadu,India,Corporate,2024-05-25
CUST-05474,Pranav Singh,Male,46,Pune,Maharashtra,India,Consumer,2024-05-28
CUST-05475,Aanya Reddy,Female,55,Bengaluru,Karnataka,India,Consumer,2023-09-13
CUST-05476,Aarav Roy,Male,43,Delhi,Delhi,India,Consumer,2022-02-20
CUST-05477,Isha Mishra,Female,36,Mumbai,Maharashtra,India,Small Business,2023-03-03
CUST-05478,Rohan Patel,Male,42,Mumbai,Maharashtra,India,Small Business,2023-02-04
CUST-05479,Divya Singh,Female,40,Mumbai,Maharashtra,India,Consumer,2023-06-01
CUST-05480,Ankit Singh,Male,53,Lucknow,Uttar Pradesh,India,Consumer,2024-09-06
CUST-05481,Noor Roy,Other,32,Kolkata,West Bengal,India,Consumer,2023-06-01
CUST-05482,Vivek Iyer,Male,60,Delhi,Delhi,India,Consumer,2025-01-12
CUST-05483,Arjun Shah,Male,46,Pune,Maharashtra,India,Small Business,2024-03-18
CUST-05484,Rohan Agarwal,Male,37,Ahmedabad,Gujarat,India,Small Business,2022-10-10
CUST-05485,Vaishnavi Mehta,Female,33,Gurugram,Haryana,India,Consumer,2024-08-06
CUST-05486,Kunal Sharma,Male,38,Gurugram,Haryana,India,Small Business,2024-10-26
CUST-05487,Ankit Kapoor,Male,31,Gurugram,Haryana,India,Corporate,2024-07-14
CUST-05488,Nikhil Singh,Male,52,Kolkata,West Bengal,India,Small Business,2025-09-16
CUST-05489,Ananya Verma,Female,55,Delhi,Delhi,India,Consumer,2025-05-25
CUST-05490,Mohit Jain,Male,39,Delhi,Delhi,India,Consumer,2023-01-28
CUST-05491,Arjun Mishra,Male,36,Delhi,Delhi,India,Consumer,2023-11-24
CUST-05492,Pranav Verma,Male,30,Bengaluru,Karnataka,India,Consumer,2022-04-02
CUST-05493,Tanvi Srinivasan,Female,30,Kolkata,West Bengal,India,Consumer,2025-10-23
CUST-05494,Saanvi Reddy,Female,27,Gurugram,Haryana,India,Corporate,2024-04-05
CUST-05495,Anjali Khanna,Female,49,Surat,Gujarat,India,Corporate,2022-02-12
CUST-05496,Sandeep Mukherjee,Male,22,Indore,Madhya Pradesh,India,Consumer,2022-05-04
CUST-05497,Akash Kapoor,Male,43,Srinagar,Jammu and Kashmir,India,Consumer,2023-09-28
CUST-05498,Aarav Reddy,Male,41,Chandigarh,Chandigarh,India,Corporate,2022-11-02
CUST-05499,Aryan Das,Male,27,Chandigarh,Chandigarh,India,Consumer,2024-10-18
CUST-05500,Aryan Banerjee,Male,37,Coimbatore,Tamil Nadu,India,Consumer,2023-03-05
CUST-05501,Kiran Mishra,Other,48,Kolkata,West Bengal,India,Consumer,2024-05-28
CUST-05502,Akash Shah,Male,34,Chennai,Tamil Nadu,India,Consumer,2024-11-20
CUST-05503,Riya Mehta,Female,27,Bengaluru,Karnataka,India,Consumer,2024-11-14
CUST-05504,Vaishnavi Das,Female,49,Delhi,Delhi,India,Small Business,2024-10-04
CUST-05505,Yash Pandey,Male,42,Lucknow,Uttar Pradesh,India,Consumer,2023-10-01
CUST-05506,Tanvi Gupta,Female,44,Delhi,Delhi,India,Consumer,2024-02-02
CUST-05507,Aanya Gupta,Female,36,Guwahati,Assam,India,Consumer,2023-12-23
CUST-05508,Mohit Mukherjee,Male,58,Kolkata,West Bengal,India,Consumer,2023-09-06
CUST-05509,Arjun Jain,Male,44,Kolkata,West Bengal,India,Consumer,2022-11-30
CUST-05510,Vikas Das,Male,47,Patna,Bihar,India,Consumer,2023-04-17
CUST-05511,Anjali Mehta,Female,51,Mumbai,Maharashtra,India,Consumer,2024-05-14
CUST-05512,Noor Srinivasan,Other,31,Bengaluru,Karnataka,India,Consumer,2025-08-17
CUST-05513,Riya Bhat,Female,34,Coimbatore,Tamil Nadu,India,Consumer,2025-10-05
CUST-05514,Akash Nair,Male,38,Mumbai,Maharashtra,India,Corporate,2024-09-05
CUST-05515,Saanvi Bhat,Female,41,Hyderabad,Telangana,India,Consumer,2023-04-24
CUST-05516,Yash Singh,Male,58,Pune,Maharashtra,India,Consumer,2023-07-26
CUST-05517,Rohan Agarwal,Male,27,Mumbai,Maharashtra,India,Consumer,2025-10-07
CUST-05518,Vivek यादव,Male,45,Bengaluru,Karnataka,India,Small Business,2025-09-09
CUST-05519,Rahul Shah,Male,26,Hyderabad,Telangana,India,Consumer,2024-05-04
CUST-05520,Pooja Mishra,Female,30,Lucknow,Uttar Pradesh,India,Small Business,2025-04-06
CUST-05521,Rahul Singh,Male,46,Hyderabad,Telangana,India,Consumer,2025-07-17
CUST-05522,Harsh Mehta,Male,25,Lucknow,Uttar Pradesh,India,Consumer,2024-01-18
CUST-05523,Riya Pandey,Female,33,Coimbatore,Tamil Nadu,India,Corporate,2022-11-03
CUST-05524,Aarav Bhat,Male,48,Bengaluru,Karnataka,India,Small Business,2025-08-12
CUST-05525,Meera Kulkarni,Female,45,Chandigarh,Chandigarh,India,Consumer,2024-10-26
CUST-05526,Ananya Srinivasan,Female,54,Gurugram,Haryana,India,Consumer,2023-09-12
CUST-05527,Aanya Srinivasan,Female,28,Kolkata,West Bengal,India,Consumer,2022-05-21
CUST-05528,Isha Mehta,Female,41,Kochi,Kerala,India,Consumer,2025-03-07
CUST-05529,Isha Kapoor,Female,37,Chandigarh,Chandigarh,India,Consumer,2022-12-20
CUST-05530,Nikhil Banerjee,Male,36,Ahmedabad,Gujarat,India,Consumer,2024-06-15
CUST-05531,Vikas Mishra,Male,49,Gurugram,Haryana,India,Consumer,2024-12-25
CUST-05532,Aman Mukherjee,Male,32,Chandigarh,Chandigarh,India,Corporate,2025-08-10
CUST-05533,Aarav Verma,Male,41,Chennai,Tamil Nadu,India,Consumer,2022-12-03
CUST-05534,Anjali Das,Female,46,Delhi,Delhi,India,Consumer,2023-05-20
CUST-05535,Saanvi Chatterjee,Female,25,Chennai,Tamil Nadu,India,Small Business,2022-04-24
CUST-05536,Ankit Singh,Male,43,Ahmedabad,Gujarat,India,Consumer,2024-11-25
CUST-05537,Yash Sharma,Male,36,Gurugram,Haryana,India,Consumer,2023-08-30
CUST-05538,Kunal Jain,Male,32,Coimbatore,Tamil Nadu,India,Consumer,2025-06-05
CUST-05539,Shreya Iyer,Female,57,Hyderabad,Telangana,India,Consumer,2023-10-10
CUST-05540,Neha यादव,Female,31,Ahmedabad,Gujarat,India,Consumer,2022-09-29
CUST-05541,Ananya Bhat,Female,45,Mumbai,Maharashtra,India,Corporate,2023-05-21
CUST-05542,Sneha Srinivasan,Female,41,Gurugram,Haryana,India,Consumer,2023-01-20
CUST-05543,Akash Mukherjee,Male,47,Gurugram,Haryana,India,Consumer,2022-01-03
CUST-05544,Rishi Mukherjee,Other,33,Ahmedabad,Gujarat,India,Consumer,2022-01-10
CUST-05545,Manish Patel,Male,31,Mumbai,Maharashtra,India,Consumer,2025-12-11
CUST-05546,Shreya Kapoor,Female,25,Bhubaneswar,Odisha,India,Consumer,2025-09-22
CUST-05547,Dev Nair,Male,47,Pune,Maharashtra,India,Consumer,2024-04-02
CUST-05548,Rohan Srinivasan,Male,48,Mumbai,Maharashtra,India,Consumer,2024-01-22
CUST-05549,Deepika Sharma,Female,49,Gurugram,Haryana,India,Consumer,2024-09-18
CUST-05550,Manish Sharma,Male,25,Bengaluru,Karnataka,India,Consumer,2024-01-15
CUST-05551,Tanvi Kulkarni,Female,24,Delhi,Delhi,India,Consumer,2024-12-05
CUST-05552,Isha Mishra,Female,29,Kochi,Kerala,India,Consumer,2024-03-06
CUST-05553,Deepika Shah,Female,44,Bengaluru,Karnataka,India,Consumer,2022-07-19
CUST-05554,Aarav Agarwal,Male,45,Jaipur,Rajasthan,India,Consumer,2024-10-11
CUST-05555,Vikas Khanna,Male,29,Delhi,Delhi,India,Small Business,2024-12-17
CUST-05556,Ankit Chatterjee,Male,48,Coimbatore,Tamil Nadu,India,Consumer,2022-08-17
CUST-05557,Dev Bhat,Male,49,Kolkata,West Bengal,India,Small Business,2024-10-30
CUST-05558,Divya Das,Female,45,Kolkata,West Bengal,India,Consumer,2023-04-24
CUST-05559,Sandeep Jain,Male,36,Bengaluru,Karnataka,India,Corporate,2023-04-18
CUST-05560,Pranav Iyer,Male,37,Jaipur,Rajasthan,India,Consumer,2024-06-15
CUST-05561,Vikas Mukherjee,Male,23,Kolkata,West Bengal,India,Corporate,2023-09-27
CUST-05562,Aarav Chatterjee,Male,47,Hyderabad,Telangana,India,Consumer,2023-03-14
CUST-05563,Nikhil Kulkarni,Male,46,Srinagar,Jammu and Kashmir,India,Small Business,2024-12-11
CUST-05564,Naman Banerjee,Other,29,Mumbai,Maharashtra,India,Small Business,2024-06-24
CUST-05565,Sneha Das,Female,35,Hyderabad,Telangana,India,Consumer,2025-06-07
CUST-05566,Aditya Pandey,Male,29,Kolkata,West Bengal,India,Corporate,2024-07-22
CUST-05567,Neha Verma,Female,34,Kochi,Kerala,India,Consumer,2024-10-16
CUST-05568,Ananya Bhat,Female,22,Mumbai,Maharashtra,India,Consumer,2022-06-11
CUST-05569,Divya Jain,Female,25,Chennai,Tamil Nadu,India,Consumer,2023-09-30
CUST-05570,Ananya Gupta,Female,51,Ahmedabad,Gujarat,India,Consumer,2025-06-05
CUST-05571,Isha Gupta,Female,44,Bengaluru,Karnataka,India,Consumer,2024-10-29
CUST-05572,Nikhil Mukherjee,Male,28,Coimbatore,Tamil Nadu,India,Small Business,2025-05-01
CUST-05573,Tanvi Verma,Female,52,Siliguri,West Bengal,India,Corporate,2022-11-19
CUST-05574,Sneha Bhat,Female,43,Kolkata,West Bengal,India,Corporate,2025-05-04
CUST-05575,Mohit Nair,Male,24,Delhi,Delhi,India,Consumer,2022-02-26
CUST-05576,Kavya Mishra,Female,28,Bengaluru,Karnataka,India,Consumer,2025-11-26
CUST-05577,Arjun Mukherjee,Male,33,Pune,Maharashtra,India,Consumer,2025-03-04
CUST-05578,Nisha Reddy,Female,32,Bhubaneswar,Odisha,India,Consumer,2024-05-06
CUST-05579,Mohit Singh,Male,47,Mumbai,Maharashtra,India,Consumer,2023-06-10
CUST-05580,Aanya Mehta,Female,29,Chennai,Tamil Nadu,India,Small Business,2022-06-09
CUST-05581,Ananya Reddy,Female,27,Ahmedabad,Gujarat,India,Consumer,2025-06-06
CUST-05582,Aditi Mehta,Female,23,Gurugram,Haryana,India,Small Business,2023-04-27
CUST-05583,Dev Iyer,Male,35,Delhi,Delhi,India,Consumer,2024-03-05
CUST-05584,Vaishnavi Patel,Female,37,Delhi,Delhi,India,Consumer,2025-04-25
CUST-05585,Dev Gupta,Male,27,Hyderabad,Telangana,India,Small Business,2023-01-23
CUST-05586,Aditya Jain,Male,31,Coimbatore,Tamil Nadu,India,Consumer,2023-09-02
CUST-05587,Shreya Pandey,Female,35,Patna,Bihar,India,Consumer,2022-12-06
CUST-05588,Vaishnavi Gupta,Female,27,Hyderabad,Telangana,India,Consumer,2023-02-17
CUST-05589,Deepika Patel,Female,36,Kochi,Kerala,India,Small Business,2025-06-05
CUST-05590,Anushka Sharma,Female,43,Lucknow,Uttar Pradesh,India,Consumer,2025-02-12
CUST-05591,Nisha Gupta,Female,63,Chennai,Tamil Nadu,India,Corporate,2024-03-26
CUST-05592,Isha Kapoor,Female,33,Coimbatore,Tamil Nadu,India,Small Business,2022-10-26
CUST-05593,Ananya Banerjee,Female,48,Hyderabad,Telangana,India,Consumer,2022-08-18
CUST-05594,Rahul Roy,Male,29,Ahmedabad,Gujarat,India,Consumer,2024-06-28
CUST-05595,Pranav यादव,Male,20,Mumbai,Maharashtra,India,Small Business,2025-07-14
CUST-05596,Karan Shah,Male,31,Bengaluru,Karnataka,India,Corporate,2025-08-13
CUST-05597,Shreya Kapoor,Female,25,Coimbatore,Tamil Nadu,India,Small Business,2025-06-23
CUST-05598,Anjali Sharma,Female,35,Pune,Maharashtra,India,Consumer,2025-01-12
CUST-05599,Sandeep Khanna,Male,27,Kolkata,West Bengal,India,Consumer,2024-01-30
CUST-05600,Siddharth Iyer,Male,36,Jaipur,Rajasthan,India,Consumer,2025-12-12
CUST-05601,Shreya Roy,Female,51,Kolkata,West Bengal,India,Consumer,2024-02-15
CUST-05602,Manish Bhat,Male,32,Jaipur,Rajasthan,India,Consumer,2025-10-09
CUST-05603,Akash Jain,Male,35,Lucknow,Uttar Pradesh,India,Consumer,2024-07-01
CUST-05604,Mohit Mehta,Male,32,Mumbai,Maharashtra,India,Consumer,2022-06-23
CUST-05605,Aditi Jain,Female,47,Bengaluru,Karnataka,India,Consumer,2022-10-05
CUST-05606,Sandeep Mehta,Male,44,Gurugram,Haryana,India,Consumer,2025-09-17
CUST-05607,Aditi Iyer,Female,36,Gurugram,Haryana,India,Consumer,2023-05-31
CUST-05608,Sandeep यादव,Male,27,Jaipur,Rajasthan,India,Consumer,2022-12-14
CUST-05609,Saanvi Das,Female,44,Siliguri,West Bengal,India,Small Business,2024-11-21
CUST-05610,Pranav Nair,Male,36,Kolkata,West Bengal,India,Consumer,2022-07-13
CUST-05611,Ananya Mishra,Female,45,Delhi,Delhi,India,Consumer,2023-12-03
CUST-05612,Ankit Reddy,Male,35,Indore,Madhya Pradesh,India,Consumer,2024-06-18
CUST-05613,Meera Das,Female,53,Ahmedabad,Gujarat,India,Consumer,2024-06-27
CUST-05614,Nikhil Banerjee,Male,31,Chennai,Tamil Nadu,India,Consumer,2023-06-30
CUST-05615,Arjun Nair,Male,27,Chandigarh,Chandigarh,India,Small Business,2023-07-11
CUST-05616,Anjali Nair,Female,54,Patna,Bihar,India,Consumer,2023-11-07
CUST-05617,Kunal Roy,Male,60,Chennai,Tamil Nadu,India,Consumer,2023-04-19
CUST-05618,Riya Mukherjee,Female,39,Chandigarh,Chandigarh,India,Consumer,2023-10-15
CUST-05619,Saanvi Bhat,Female,25,Kolkata,West Bengal,India,Consumer,2025-04-14
CUST-05620,Sneha Agarwal,Female,46,Jaipur,Rajasthan,India,Consumer,2024-07-04
CUST-05621,Akash Sharma,Male,50,Gurugram,Haryana,India,Small Business,2024-04-18
CUST-05622,Mohit Verma,Male,46,Gurugram,Haryana,India,Consumer,2024-06-13
CUST-05623,Saanvi Sharma,Female,48,Bengaluru,Karnataka,India,Corporate,2025-11-24
CUST-05624,Tanvi Verma,Female,44,Delhi,Delhi,India,Consumer,2024-10-04
CUST-05625,Harsh Sharma,Male,47,Chennai,Tamil Nadu,India,Consumer,2022-11-20
CUST-05626,Harsh Kapoor,Male,55,Bengaluru,Karnataka,India,Consumer,2024-11-11
CUST-05627,Isha Iyer,Female,30,Jaipur,Rajasthan,India,Small Business,2024-12-02
CUST-05628,Aanya Agarwal,Female,24,Chandigarh,Chandigarh,India,Corporate,2025-05-02
CUST-05629,Rahul Agarwal,Male,36,Kolkata,West Bengal,India,Consumer,2025-05-15
CUST-05630,Nisha Verma,Female,33,Mumbai,Maharashtra,India,Consumer,2024-01-24
CUST-05631,Pranav Banerjee,Male,47,Jaipur,Rajasthan,India,Small Business,2025-07-23
CUST-05632,Tanvi Jain,Female,24,Goa,Goa,India,Corporate,2022-10-10
CUST-05633,Nisha Das,Female,23,Hyderabad,Telangana,India,Small Business,2024-01-05
CUST-05634,Aryan Mukherjee,Male,35,Indore,Madhya Pradesh,India,Small Business,2023-05-15
CUST-05635,Aryan Das,Male,34,Patna,Bihar,India,Small Business,2024-11-20
CUST-05636,Dev Shah,Male,21,Jaipur,Rajasthan,India,Consumer,2025-08-26
CUST-05637,Deepak Sharma,Male,39,Bhubaneswar,Odisha,India,Consumer,2025-06-21
CUST-05638,Kavya Patel,Female,43,Lucknow,Uttar Pradesh,India,Consumer,2023-03-02
CUST-05639,Aman Banerjee,Male,42,Patna,Bihar,India,Consumer,2024-01-30
CUST-05640,Vivek Roy,Male,36,Ahmedabad,Gujarat,India,Consumer,2025-04-29
CUST-05641,Deepika Verma,Female,50,Mumbai,Maharashtra,India,Small Business,2023-01-31
CUST-05642,Tanvi Patel,Female,36,Lucknow,Uttar Pradesh,India,Consumer,2025-12-05
CUST-05643,Siddharth Shah,Male,25,Chennai,Tamil Nadu,India,Consumer,2023-02-19
CUST-05644,Pooja Jain,Female,29,Hyderabad,Telangana,India,Consumer,2025-05-06
CUST-05645,Noor यादव,Other,40,Bhubaneswar,Odisha,India,Consumer,2023-11-16
CUST-05646,Dev Verma,Male,34,Kolkata,West Bengal,India,Consumer,2023-01-21
CUST-05647,Dev Singh,Male,60,Lucknow,Uttar Pradesh,India,Small Business,2025-01-17
CUST-05648,Aanya Khanna,Female,38,Kolkata,West Bengal,India,Consumer,2025-09-21
CUST-05649,Akash Agarwal,Male,40,Pune,Maharashtra,India,Consumer,2025-03-24
CUST-05650,Isha Pandey,Female,35,Jaipur,Rajasthan,India,Small Business,2024-10-06
CUST-05651,Anushka Chatterjee,Female,45,Kolkata,West Bengal,India,Small Business,2025-05-27
CUST-05652,Vaishnavi Singh,Female,28,Bengaluru,Karnataka,India,Consumer,2023-05-11
CUST-05653,Harsh Pandey,Male,46,Bengaluru,Karnataka,India,Consumer,2022-01-16
CUST-05654,Anushka Nair,Female,24,Ahmedabad,Gujarat,India,Small Business,2022-05-05
CUST-05655,Karan Verma,Male,42,Jaipur,Rajasthan,India,Consumer,2025-01-27
CUST-05656,Rahul Mishra,Male,44,Lucknow,Uttar Pradesh,India,Consumer,2023-12-15
CUST-05657,Siddharth Khanna,Male,32,Kolkata,West Bengal,India,Consumer,2023-08-05
CUST-05658,Aarav Sharma,Male,32,Mumbai,Maharashtra,India,Consumer,2024-02-26
CUST-05659,Deepika Mishra,Female,48,Bengaluru,Karnataka,India,Corporate,2024-01-30
CUST-05660,Dev Sharma,Male,30,Gurugram,Haryana,India,Consumer,2025-03-07
CUST-05661,Ankit Sharma,Male,38,Ahmedabad,Gujarat,India,Consumer,2023-02-22
CUST-05662,Divya Verma,Female,37,Coimbatore,Tamil Nadu,India,Consumer,2024-07-08
CUST-05663,Rahul यादव,Male,29,Delhi,Delhi,India,Consumer,2024-09-20
CUST-05664,Aanya Kulkarni,Female,29,Kolkata,West Bengal,India,Consumer,2022-02-03
CUST-05665,Aryan Agarwal,Male,41,Chandigarh,Chandigarh,India,Consumer,2025-06-04
CUST-05666,Aanya Verma,Female,31,Bengaluru,Karnataka,India,Consumer,2025-01-07
CUST-05667,Deepika Jain,Female,54,Siliguri,West Bengal,India,Small Business,2023-08-11
CUST-05668,Vaishnavi Kapoor,Female,30,Ahmedabad,Gujarat,India,Consumer,2022-03-04
CUST-05669,Vivek Agarwal,Male,44,Pune,Maharashtra,India,Consumer,2025-02-02
CUST-05670,Aarav Agarwal,Male,57,Delhi,Delhi,India,Consumer,2023-12-27
CUST-05671,Naman Singh,Other,29,Surat,Gujarat,India,Small Business,2025-07-08
CUST-05672,Riya Kapoor,Female,52,Raipur,Chhattisgarh,India,Consumer,2023-07-23
CUST-05673,Yash Iyer,Male,43,Bengaluru,Karnataka,India,Small Business,2023-11-26
CUST-05674,Nisha Khanna,Female,35,Gurugram,Haryana,India,Consumer,2025-05-26
CUST-05675,Aditya Mukherjee,Male,55,Delhi,Delhi,India,Consumer,2025-09-05
CUST-05676,Neha Verma,Female,50,Gurugram,Haryana,India,Consumer,2022-11-02
CUST-05677,Pooja Reddy,Female,28,Bengaluru,Karnataka,India,Consumer,2022-10-06
CUST-05678,Tanvi Bhat,Female,30,Bengaluru,Karnataka,India,Corporate,2024-01-23
CUST-05679,Aanya Mishra,Female,34,Mumbai,Maharashtra,India,Consumer,2024-02-20
CUST-05680,Aarav Das,Male,29,Chennai,Tamil Nadu,India,Consumer,2025-07-15
CUST-05681,Nikhil Mukherjee,Male,37,Pune,Maharashtra,India,Consumer,2023-05-30
CUST-05682,Anushka Kapoor,Female,49,Delhi,Delhi,India,Corporate,2023-11-15
CUST-05683,Vaishnavi Srinivasan,Female,39,Delhi,Delhi,India,Consumer,2023-11-09
CUST-05684,Harsh Iyer,Male,47,Chennai,Tamil Nadu,India,Consumer,2023-05-19
CUST-05685,Tanvi Pandey,Female,25,Mumbai,Maharashtra,India,Consumer,2023-01-10
CUST-05686,Kavya Shah,Female,49,Visakhapatnam,Andhra Pradesh,India,Consumer,2023-10-20
CUST-05687,Siddharth Mukherjee,Male,33,Jaipur,Rajasthan,India,Consumer,2022-02-27
CUST-05688,Nisha Gupta,Female,25,Bhubaneswar,Odisha,India,Consumer,2022-09-05
CUST-05689,Tanvi Verma,Female,32,Kolkata,West Bengal,India,Consumer,2022-05-27
CUST-05690,Neha Kapoor,Female,38,Gurugram,Haryana,India,Corporate,2022-07-03
CUST-05691,Akash Banerjee,Male,49,Indore,Madhya Pradesh,India,Consumer,2023-08-17
CUST-05692,Karan Reddy,Male,43,Delhi,Delhi,India,Corporate,2022-06-07
CUST-05693,Kriti Agarwal,Female,50,Mumbai,Maharashtra,India,Consumer,2023-07-25
CUST-05694,Sneha Nair,Female,30,Jaipur,Rajasthan,India,Consumer,2024-05-11
CUST-05695,Kiran Bhat,Other,30,Guwahati,Assam,India,Corporate,2024-07-17
CUST-05696,Aditya Verma,Male,42,Patna,Bihar,India,Small Business,2024-03-17
CUST-05697,Riya Iyer,Female,36,Delhi,Delhi,India,Consumer,2023-05-21
CUST-05698,Riya यादव,Female,56,Ahmedabad,Gujarat,India,Consumer,2023-09-13
CUST-05699,Vaishnavi Srinivasan,Female,34,Delhi,Delhi,India,Consumer,2023-01-13
CUST-05700,Aarav Srinivasan,Male,33,Patna,Bihar,India,Consumer,2025-05-25
CUST-05701,Isha यादव,Female,30,Kolkata,West Bengal,India,Consumer,2024-09-07
CUST-05702,Deepika Agarwal,Female,39,Chennai,Tamil Nadu,India,Consumer,2024-11-05
CUST-05703,Aryan Chatterjee,Male,45,Chandigarh,Chandigarh,India,Consumer,2024-06-23
CUST-05704,Deepak Nair,Male,45,Jaipur,Rajasthan,India,Consumer,2022-06-02
CUST-05705,Ankit Shah,Male,58,Hyderabad,Telangana,India,Consumer,2022-06-10
CUST-05706,Tanvi Iyer,Female,37,Delhi,Delhi,India,Small Business,2023-03-25
CUST-05707,Kunal Roy,Male,38,Raipur,Chhattisgarh,India,Consumer,2025-12-08
CUST-05708,Vaishnavi Chatterjee,Female,33,Kolkata,West Bengal,India,Consumer,2025-05-03
CUST-05709,Manish Mukherjee,Male,48,Jaipur,Rajasthan,India,Consumer,2022-10-02
CUST-05710,Nisha Kulkarni,Female,39,Bengaluru,Karnataka,India,Consumer,2023-11-29
CUST-05711,Meera यादव,Female,40,Ahmedabad,Gujarat,India,Consumer,2025-05-30
CUST-05712,Kunal Singh,Male,42,Raipur,Chhattisgarh,India,Consumer,2022-09-26
CUST-05713,Rahul Mishra,Male,45,Patna,Bihar,India,Consumer,2025-07-30
CUST-05714,Ananya Das,Female,32,Pune,Maharashtra,India,Consumer,2025-07-30
CUST-05715,Sandeep Roy,Male,43,Jaipur,Rajasthan,India,Consumer,2025-09-22
CUST-05716,Shreya Bhat,Female,24,Hyderabad,Telangana,India,Consumer,2022-08-02
CUST-05717,Siddharth Bhat,Male,36,Pune,Maharashtra,India,Consumer,2022-11-09
CUST-05718,Avni Bhat,Other,26,Kolkata,West Bengal,India,Consumer,2022-08-17
CUST-05719,Vikas Chatterjee,Male,34,Delhi,Delhi,India,Consumer,2022-12-07
CUST-05720,Sandeep Iyer,Male,44,Chandigarh,Chandigarh,India,Consumer,2024-06-28
CUST-05721,Pranav Singh,Male,29,Gurugram,Haryana,India,Corporate,2023-06-15
CUST-05722,Aarav Sharma,Male,56,Kolkata,West Bengal,India,Consumer,2022-08-22
CUST-05723,Sneha Reddy,Female,51,Mumbai,Maharashtra,India,Consumer,2023-09-16
CUST-05724,Neha Nair,Female,38,Kolkata,West Bengal,India,Consumer,2025-05-07
CUST-05725,Ananya Chatterjee,Female,36,Ahmedabad,Gujarat,India,Consumer,2025-04-30
CUST-05726,Anjali Verma,Female,31,Bhubaneswar,Odisha,India,Small Business,2023-02-26
CUST-05727,Pooja Roy,Female,30,Delhi,Delhi,India,Small Business,2025-08-01
CUST-05728,Sneha Banerjee,Female,52,Indore,Madhya Pradesh,India,Consumer,2024-09-10
CUST-05729,Neha Bhat,Female,28,Pune,Maharashtra,India,Consumer,2025-03-26
CUST-05730,Ankit Banerjee,Male,51,Delhi,Delhi,India,Consumer,2025-10-29
CUST-05731,Aditi Mehta,Female,39,Pune,Maharashtra,India,Consumer,2025-04-03
CUST-05732,Anjali Pandey,Female,27,Chandigarh,Chandigarh,India,Consumer,2023-01-26
CUST-05733,Ankit Sharma,Male,28,Kochi,Kerala,India,Consumer,2023-04-08
CUST-05734,Aditi Bhat,Female,27,Chennai,Tamil Nadu,India,Consumer,2023-11-07
CUST-05735,Isha Reddy,Female,51,Gurugram,Haryana,India,Small Business,2025-07-15
CUST-05736,Dev Mukherjee,Male,26,Lucknow,Uttar Pradesh,India,Consumer,2023-05-24
CUST-05737,Aditya Shah,Male,55,Kolkata,West Bengal,India,Consumer,2022-03-22
CUST-05738,Harsh Shah,Male,47,Jaipur,Rajasthan,India,Small Business,2025-09-01
CUST-05739,Rohan Singh,Male,50,Delhi,Delhi,India,Consumer,2022-03-19
CUST-05740,Ananya Jain,Female,44,Ranchi,Jharkhand,India,Consumer,2023-03-20
CUST-05741,Karan Nair,Male,33,Chandigarh,Chandigarh,India,Small Business,2022-03-18
CUST-05742,Neha Jain,Female,39,Hyderabad,Telangana,India,Small Business,2024-07-07
CUST-05743,Aryan Iyer,Male,29,Bengaluru,Karnataka,India,Small Business,2023-05-11
CUST-05744,Tanvi Iyer,Female,29,Mumbai,Maharashtra,India,Consumer,2025-08-28
CUST-05745,Rahul Khanna,Male,30,Kochi,Kerala,India,Consumer,2024-09-07
CUST-05746,Aman Jain,Male,33,Mumbai,Maharashtra,India,Consumer,2022-06-02
CUST-05747,Yash Reddy,Male,51,Mumbai,Maharashtra,India,Consumer,2023-11-12
CUST-05748,Arjun Jain,Male,31,Gurugram,Haryana,India,Small Business,2022-01-09
CUST-05749,Arjun यादव,Male,34,Kochi,Kerala,India,Consumer,2024-05-30
CUST-05750,Aryan Verma,Male,25,Delhi,Delhi,India,Corporate,2023-01-09
CUST-05751,Nikhil Chatterjee,Male,30,Jaipur,Rajasthan,India,Consumer,2023-11-19
CUST-05752,Deepika Chatterjee,Female,40,Gurugram,Haryana,India,Consumer,2022-12-05
CUST-05753,Arjun Chatterjee,Male,33,Coimbatore,Tamil Nadu,India,Consumer,2023-12-12
CUST-05754,Tanvi Sharma,Female,54,Bengaluru,Karnataka,India,Consumer,2023-09-26
CUST-05755,Siddharth Srinivasan,Male,30,Chennai,Tamil Nadu,India,Consumer,2025-09-26
CUST-05756,Vaishnavi Bhat,Female,55,Pune,Maharashtra,India,Small Business,2022-11-28
CUST-05757,Vikas Iyer,Male,23,Chennai,Tamil Nadu,India,Small Business,2022-09-05
CUST-05758,Isha Iyer,Female,53,Delhi,Delhi,India,Consumer,2024-05-29
CUST-05759,Mohit Singh,Male,25,Mumbai,Maharashtra,India,Corporate,2024-09-11
CUST-05760,Sneha Banerjee,Female,48,Chennai,Tamil Nadu,India,Consumer,2025-06-25
CUST-05761,Deepika Verma,Female,32,Hyderabad,Telangana,India,Consumer,2022-07-27
CUST-05762,Ananya Mehta,Female,37,Chennai,Tamil Nadu,India,Small Business,2024-12-12
CUST-05763,Sneha Pandey,Female,39,Hyderabad,Telangana,India,Consumer,2023-10-05
CUST-05764,Shreya Mehta,Female,28,Bengaluru,Karnataka,India,Consumer,2024-10-03
CUST-05765,Riya Das,Female,36,Jaipur,Rajasthan,India,Consumer,2024-12-17
CUST-05766,Kriti Sharma,Female,48,Hyderabad,Telangana,India,Corporate,2025-07-27
CUST-05767,Isha यादव,Female,41,Pune,Maharashtra,India,Consumer,2024-08-29
CUST-05768,Vaishnavi Iyer,Female,36,Mumbai,Maharashtra,India,Consumer,2023-03-05
CUST-05769,Akash Kulkarni,Male,48,Chandigarh,Chandigarh,India,Consumer,2025-02-01
CUST-05770,Sneha Patel,Female,31,Kochi,Kerala,India,Small Business,2023-08-14
CUST-05771,Saanvi Shah,Female,28,Hyderabad,Telangana,India,Consumer,2024-06-13
CUST-05772,Deepika Banerjee,Female,31,Chennai,Tamil Nadu,India,Consumer,2022-09-08
CUST-05773,Harsh Gupta,Male,37,Kolkata,West Bengal,India,Consumer,2024-05-12
CUST-05774,Pooja Mishra,Female,56,Goa,Goa,India,Consumer,2023-02-20
CUST-05775,Ananya Mehta,Female,25,Bengaluru,Karnataka,India,Consumer,2023-02-20
CUST-05776,Isha Roy,Female,35,Raipur,Chhattisgarh,India,Consumer,2025-06-13
CUST-05777,Karan Kapoor,Male,46,Chennai,Tamil Nadu,India,Consumer,2023-09-15
CUST-05778,Anushka Sharma,Female,42,Mumbai,Maharashtra,India,Consumer,2022-12-25
CUST-05779,Samarth Patel,Other,30,Chennai,Tamil Nadu,India,Consumer,2023-09-05
CUST-05780,Kriti Kapoor,Female,51,Bengaluru,Karnataka,India,Consumer,2022-11-22
CUST-05781,Meera Patel,Female,45,Bengaluru,Karnataka,India,Consumer,2023-09-08
CUST-05782,Shreya Srinivasan,Female,32,Indore,Madhya Pradesh,India,Consumer,2025-01-08
CUST-05783,Kavya Jain,Female,30,Gurugram,Haryana,India,Consumer,2023-09-29
CUST-05784,Pooja Agarwal,Female,39,Delhi,Delhi,India,Consumer,2024-04-13
CUST-05785,Ankit Khanna,Male,30,Bengaluru,Karnataka,India,Small Business,2023-12-08
CUST-05786,Aditi Mehta,Female,44,Delhi,Delhi,India,Consumer,2022-10-01
CUST-05787,Yash Iyer,Male,31,Gurugram,Haryana,India,Consumer,2025-01-17
CUST-05788,Kunal Roy,Male,42,Ahmedabad,Gujarat,India,Consumer,2022-07-23
CUST-05789,Aman Roy,Male,40,Chennai,Tamil Nadu,India,Consumer,2025-07-04
CUST-05790,Aarav Kulkarni,Male,48,Visakhapatnam,Andhra Pradesh,India,Consumer,2024-12-29
CUST-05791,Manish Verma,Male,27,Lucknow,Uttar Pradesh,India,Small Business,2025-02-01
CUST-05792,Ira Sharma,Other,35,Chennai,Tamil Nadu,India,Corporate,2022-06-13
CUST-05793,Ankit Pandey,Male,38,Kolkata,West Bengal,India,Consumer,2023-07-26
CUST-05794,Akash Mishra,Male,41,Kolkata,West Bengal,India,Consumer,2022-01-07
CUST-05795,Meera यादव,Female,37,Visakhapatnam,Andhra Pradesh,India,Consumer,2024-01-12
CUST-05796,Anjali Verma,Female,39,Jaipur,Rajasthan,India,Small Business,2023-07-20
CUST-05797,Aditi Mehta,Female,39,Delhi,Delhi,India,Consumer,2022-05-31
CUST-05798,Deepak Pandey,Male,33,Delhi,Delhi,India,Consumer,2022-01-19
CUST-05799,Shreya Khanna,Female,42,Patna,Bihar,India,Consumer,2023-03-16
CUST-05800,Harsh Mehta,Male,30,Jaipur,Rajasthan,India,Consumer,2022-05-24
CUST-05801,Rahul Singh,Male,39,Delhi,Delhi,India,Small Business,2025-07-11
CUST-05802,Meera Roy,Female,30,Ahmedabad,Gujarat,India,Corporate,2022-01-08
CUST-05803,Pooja Verma,Female,45,Ahmedabad,Gujarat,India,Consumer,2025-05-03
CUST-05804,Deepika Iyer,Female,32,Srinagar,Jammu and Kashmir,India,Consumer,2024-10-25
CUST-05805,Deepika Iyer,Female,36,Indore,Madhya Pradesh,India,Consumer,2022-12-01
CUST-05806,Anjali Shah,Female,33,Delhi,Delhi,India,Consumer,2024-04-01
CUST-05807,Kriti Iyer,Female,25,Jaipur,Rajasthan,India,Small Business,2025-06-13
CUST-05808,Dev Kulkarni,Male,40,Hyderabad,Telangana,India,Consumer,2024-05-14
CUST-05809,Saanvi Singh,Female,53,Visakhapatnam,Andhra Pradesh,India,Consumer,2025-08-21
CUST-05810,Deepika Shah,Female,41,Hyderabad,Telangana,India,Consumer,2024-05-04
CUST-05811,Arjun Gupta,Male,22,Bhubaneswar,Odisha,India,Consumer,2022-04-27
CUST-05812,Nikhil Singh,Male,34,Hyderabad,Telangana,India,Consumer,2025-03-14
CUST-05813,Vivek Verma,Male,41,Coimbatore,Tamil Nadu,India,Small Business,2025-12-24
CUST-05814,Manish Srinivasan,Male,63,Visakhapatnam,Andhra Pradesh,India,Small Business,2022-08-22
CUST-05815,Rishi Kapoor,Other,33,Patna,Bihar,India,Consumer,2025-04-11
CUST-05816,Priya Kapoor,Female,38,Gurugram,Haryana,India,Small Business,2022-07-27
CUST-05817,Priya Mukherjee,Female,23,Mumbai,Maharashtra,India,Consumer,2025-04-23
CUST-05818,Vivek Shah,Male,34,Pune,Maharashtra,India,Corporate,2022-04-22
CUST-05819,Riya Nair,Female,30,Lucknow,Uttar Pradesh,India,Consumer,2024-11-25
CUST-05820,Nikhil Khanna,Male,53,Kochi,Kerala,India,Small Business,2025-05-14
CUST-05821,Deepika Singh,Female,44,Hyderabad,Telangana,India,Small Business,2023-04-30
CUST-05822,Vaishnavi Roy,Female,24,Bengaluru,Karnataka,India,Consumer,2024-04-20
CUST-05823,Arjun Iyer,Male,24,Pune,Maharashtra,India,Consumer,2022-03-16
CUST-05824,Pooja Chatterjee,Female,31,Delhi,Delhi,India,Consumer,2023-03-19
CUST-05825,Aryan Verma,Male,26,Bhubaneswar,Odisha,India,Consumer,2025-07-14
CUST-05826,Tanvi Kulkarni,Female,29,Mumbai,Maharashtra,India,Consumer,2022-05-18
CUST-05827,Suman Mukherjee,Other,23,Pune,Maharashtra,India,Consumer,2022-05-23
CUST-05828,Sandeep Srinivasan,Male,58,Chennai,Tamil Nadu,India,Consumer,2024-04-16
CUST-05829,Kriti Reddy,Female,38,Gurugram,Haryana,India,Consumer,2023-05-15
CUST-05830,Deepak Agarwal,Male,22,Ahmedabad,Gujarat,India,Consumer,2024-05-22
CUST-05831,Ahan Jain,Other,56,Coimbatore,Tamil Nadu,India,Consumer,2023-07-06
CUST-05832,Siddharth Bhat,Male,47,Indore,Madhya Pradesh,India,Consumer,2025-11-13
CUST-05833,Rohan Reddy,Male,30,Raipur,Chhattisgarh,India,Consumer,2024-10-18
CUST-05834,Deepika Roy,Female,30,Hyderabad,Telangana,India,Corporate,2025-08-13
CUST-05835,Pooja Singh,Female,32,Chennai,Tamil Nadu,India,Consumer,2023-07-07
CUST-05836,Shreya Pandey,Female,41,Visakhapatnam,Andhra Pradesh,India,Consumer,2022-12-18
CUST-05837,Kriti Pandey,Female,34,Mumbai,Maharashtra,India,Small Business,2024-09-10
CUST-05838,Yash Mukherjee,Male,46,Pune,Maharashtra,India,Consumer,2025-11-21
CUST-05839,Kriti Iyer,Female,34,Bengaluru,Karnataka,India,Small Business,2022-09-23
CUST-05840,Dev Roy,Male,58,Kolkata,West Bengal,India,Consumer,2022-04-27
CUST-05841,Isha Banerjee,Female,28,Chennai,Tamil Nadu,India,Consumer,2025-10-14
CUST-05842,Vikas Pandey,Male,24,Delhi,Delhi,India,Consumer,2022-11-21
CUST-05843,Aanya Srinivasan,Female,37,Ahmedabad,Gujarat,India,Consumer,2022-09-28
CUST-05844,Rahul Singh,Male,37,Jaipur,Rajasthan,India,Small Business,2024-01-19
CUST-05845,Yash Verma,Male,33,Jaipur,Rajasthan,India,Consumer,2023-05-26
CUST-05846,Aditya Kulkarni,Male,33,Delhi,Delhi,India,Consumer,2023-08-26
CUST-05847,Ahan Pandey,Other,46,Bengaluru,Karnataka,India,Consumer,2022-01-11
CUST-05848,Ankit यादव,Male,54,Coimbatore,Tamil Nadu,India,Small Business,2024-03-27
CUST-05849,Nikhil Jain,Male,27,Hyderabad,Telangana,India,Small Business,2025-07-01
CUST-05850,Neha Nair,Female,35,Srinagar,Jammu and Kashmir,India,Consumer,2022-05-27
CUST-05851,Pranav Singh,Male,44,Kolkata,West Bengal,India,Consumer,2024-05-27
CUST-05852,Manish Bhat,Male,26,Hyderabad,Telangana,India,Consumer,2025-08-04
CUST-05853,Shiv Banerjee,Other,42,Raipur,Chhattisgarh,India,Corporate,2024-01-01
CUST-05854,Dev Patel,Male,39,Srinagar,Jammu and Kashmir,India,Consumer,2025-01-18
CUST-05855,Ananya Jain,Female,31,Lucknow,Uttar Pradesh,India,Consumer,2024-06-09
CUST-05856,Neha Banerjee,Female,47,Chennai,Tamil Nadu,India,Small Business,2025-09-03
CUST-05857,Kavya Pandey,Female,42,Hyderabad,Telangana,India,Consumer,2024-01-25
CUST-05858,Aditi Srinivasan,Female,24,Delhi,Delhi,India,Corporate,2023-12-02
CUST-05859,Rohan Sharma,Male,31,Raipur,Chhattisgarh,India,Consumer,2023-10-24
CUST-05860,Deepak Roy,Male,27,Delhi,Delhi,India,Consumer,2024-02-21
CUST-05861,Shreya Mehta,Female,32,Delhi,Delhi,India,Consumer,2025-08-18
CUST-05862,Aanya Patel,Female,42,Hyderabad,Telangana,India,Consumer,2022-07-18
CUST-05863,Dev Reddy,Male,28,Gurugram,Haryana,India,Consumer,2025-07-25
CUST-05864,Pooja Reddy,Female,54,Ahmedabad,Gujarat,India,Consumer,2023-02-06
CUST-05865,Karan Srinivasan,Male,47,Ahmedabad,Gujarat,India,Small Business,2025-06-26
CUST-05866,Aarav Mishra,Male,33,Delhi,Delhi,India,Consumer,2024-11-05
CUST-05867,Yash Agarwal,Male,35,Visakhapatnam,Andhra Pradesh,India,Consumer,2022-06-17
CUST-05868,Priya Agarwal,Female,42,Chandigarh,Chandigarh,India,Corporate,2023-10-02
CUST-05869,Aanya Banerjee,Female,38,Chennai,Tamil Nadu,India,Consumer,2024-09-17
CUST-05870,Rahul Nair,Male,40,Bengaluru,Karnataka,India,Consumer,2023-10-11
CUST-05871,Nisha Banerjee,Female,37,Chandigarh,Chandigarh,India,Consumer,2022-10-11
CUST-05872,Pranav Bhat,Male,58,Kochi,Kerala,India,Consumer,2022-05-27
CUST-05873,Ankit Nair,Male,31,Kolkata,West Bengal,India,Consumer,2025-04-19
CUST-05874,Deepika Patel,Female,44,Surat,Gujarat,India,Small Business,2025-03-20
CUST-05875,Rohan Roy,Male,22,Mumbai,Maharashtra,India,Consumer,2022-10-24
CUST-05876,Meera Mishra,Female,36,Kolkata,West Bengal,India,Consumer,2023-12-02
CUST-05877,Rahul Verma,Male,37,Mumbai,Maharashtra,India,Consumer,2024-05-17
CUST-05878,Sandeep Patel,Male,31,Kolkata,West Bengal,India,Consumer,2025-12-17
CUST-05879,Dev Verma,Male,48,Mumbai,Maharashtra,India,Consumer,2024-05-26
CUST-05880,Siddharth Mukherjee,Male,38,Indore,Madhya Pradesh,India,Consumer,2023-02-04
CUST-05881,Mohit Das,Male,61,Mumbai,Maharashtra,India,Consumer,2025-06-27
CUST-05882,Saanvi Bhat,Female,36,Delhi,Delhi,India,Consumer,2024-10-06
CUST-05883,Ankit Verma,Male,55,Bengaluru,Karnataka,India,Consumer,2024-04-23
CUST-05884,Aditi Gupta,Female,43,Kolkata,West Bengal,India,Consumer,2022-04-17
CUST-05885,Divya Roy,Female,61,Lucknow,Uttar Pradesh,India,Consumer,2024-07-07
CUST-05886,Vikas Jain,Male,41,Bengaluru,Karnataka,India,Consumer,2022-01-19
CUST-05887,Kavya Gupta,Female,29,Guwahati,Assam,India,Consumer,2023-06-09
CUST-05888,Sneha Iyer,Female,37,Chennai,Tamil Nadu,India,Small Business,2025-12-14
CUST-05889,Aadi Nair,Other,43,Bhubaneswar,Odisha,India,Consumer,2024-08-21
CUST-05890,Vaishnavi Banerjee,Female,39,Delhi,Delhi,India,Consumer,2023-09-10
CUST-05891,Manish Sharma,Male,36,Chandigarh,Chandigarh,India,Consumer,2025-05-14
CUST-05892,Aanya Banerjee,Female,40,Bhubaneswar,Odisha,India,Consumer,2023-09-16
CUST-05893,Akash Nair,Male,37,Delhi,Delhi,India,Consumer,2025-03-08
CUST-05894,Vaishnavi यादव,Female,42,Surat,Gujarat,India,Consumer,2023-06-03
CUST-05895,Aditi Mukherjee,Female,32,Pune,Maharashtra,India,Consumer,2024-04-03
CUST-05896,Rohan Srinivasan,Male,36,Chennai,Tamil Nadu,India,Small Business,2022-07-30
CUST-05897,Pranav Singh,Male,33,Delhi,Delhi,India,Consumer,2025-05-24
CUST-05898,Aryan Bhat,Male,39,Mumbai,Maharashtra,India,Consumer,2022-07-12
CUST-05899,Aman Banerjee,Male,37,Chennai,Tamil Nadu,India,Consumer,2022-11-14
CUST-05900,Manish Nair,Male,61,Delhi,Delhi,India,Consumer,2023-03-13
CUST-05901,Neha Jain,Female,24,Kolkata,West Bengal,India,Corporate,2023-04-05
CUST-05902,Aarav Sharma,Male,20,Kolkata,West Bengal,India,Small Business,2023-01-16
CUST-05903,Karan Banerjee,Male,48,Patna,Bihar,India,Consumer,2024-02-09
CUST-05904,Karan Banerjee,Male,47,Delhi,Delhi,India,Consumer,2022-04-04
CUST-05905,Mohit Singh,Male,40,Mumbai,Maharashtra,India,Small Business,2025-03-13
CUST-05906,Anjali Roy,Female,30,Kochi,Kerala,India,Consumer,2023-04-14
CUST-05907,Tanvi Gupta,Female,39,Gurugram,Haryana,India,Consumer,2025-03-06
CUST-05908,Anushka Kulkarni,Female,40,Delhi,Delhi,India,Small Business,2023-04-29
CUST-05909,Harsh Mukherjee,Male,38,Bengaluru,Karnataka,India,Small Business,2022-11-13
CUST-05910,Yash Agarwal,Male,29,Hyderabad,Telangana,India,Consumer,2024-02-29
CUST-05911,Kriti Kapoor,Female,35,Kolkata,West Bengal,India,Consumer,2023-06-25
CUST-05912,Dev Pandey,Male,35,Chennai,Tamil Nadu,India,Consumer,2025-02-02
CUST-05913,Rohan Kapoor,Male,45,Siliguri,West Bengal,India,Small Business,2024-07-03
CUST-05914,Isha Reddy,Female,40,Jaipur,Rajasthan,India,Small Business,2025-07-22
CUST-05915,Sandeep Iyer,Male,37,Lucknow,Uttar Pradesh,India,Consumer,2024-12-28
CUST-05916,Ankit Banerjee,Male,34,Bengaluru,Karnataka,India,Consumer,2025-02-23
CUST-05917,Aditi Patel,Female,19,Srinagar,Jammu and Kashmir,India,Corporate,2023-05-01
CUST-05918,Kavya Kulkarni,Female,32,Delhi,Delhi,India,Consumer,2025-02-21
CUST-05919,Nisha Iyer,Female,42,Delhi,Delhi,India,Corporate,2022-05-01
CUST-05920,Kriti Khanna,Female,38,Bhubaneswar,Odisha,India,Consumer,2025-01-25
CUST-05921,Kunal यादव,Male,49,Bengaluru,Karnataka,India,Small Business,2022-12-23
CUST-05922,Saanvi Mishra,Female,28,Pune,Maharashtra,India,Corporate,2025-10-23
CUST-05923,Saanvi Mukherjee,Female,46,Jaipur,Rajasthan,India,Consumer,2023-01-02
CUST-05924,Ananya Mehta,Female,60,Hyderabad,Telangana,India,Consumer,2022-10-05
CUST-05925,Isha Roy,Female,34,Chennai,Tamil Nadu,India,Consumer,2023-01-06
CUST-05926,Vikas Kulkarni,Male,31,Jaipur,Rajasthan,India,Consumer,2024-11-26
CUST-05927,Deepak Verma,Male,43,Pune,Maharashtra,India,Consumer,2022-12-31
CUST-05928,Arjun Jain,Male,27,Delhi,Delhi,India,Consumer,2023-09-09
CUST-05929,Riya Mehta,Female,31,Coimbatore,Tamil Nadu,India,Small Business,2024-03-14
CUST-05930,Anushka Das,Female,47,Delhi,Delhi,India,Consumer,2023-12-22
CUST-05931,Dev Roy,Male,23,Chennai,Tamil Nadu,India,Corporate,2025-05-06
CUST-05932,Tanvi Srinivasan,Female,55,Surat,Gujarat,India,Corporate,2024-06-11
CUST-05933,Sneha Chatterjee,Female,59,Ahmedabad,Gujarat,India,Corporate,2024-11-18
CUST-05934,Yash Agarwal,Male,46,Hyderabad,Telangana,India,Corporate,2025-01-03
CUST-05935,Isha Iyer,Female,31,Jaipur,Rajasthan,India,Consumer,2023-06-22
CUST-05936,Anjali Patel,Female,39,Indore,Madhya Pradesh,India,Consumer,2022-01-01
CUST-05937,Arjun Das,Male,31,Siliguri,West Bengal,India,Small Business,2024-01-14
CUST-05938,Anjali Das,Female,30,Bengaluru,Karnataka,India,Corporate,2024-04-10
CUST-05939,Suman Srinivasan,Other,38,Pune,Maharashtra,India,Consumer,2025-01-04
CUST-05940,Kriti Banerjee,Female,26,Guwahati,Assam,India,Consumer,2025-11-13
CUST-05941,Mohit Banerjee,Male,27,Patna,Bihar,India,Consumer,2023-02-22
CUST-05942,Vivek Das,Male,27,Kochi,Kerala,India,Consumer,2023-03-06
CUST-05943,Pooja Khanna,Female,50,Bengaluru,Karnataka,India,Consumer,2023-10-28
CUST-05944,Isha Gupta,Female,38,Hyderabad,Telangana,India,Consumer,2024-04-11
CUST-05945,Tanvi Das,Female,55,Srinagar,Jammu and Kashmir,India,Consumer,2022-09-09
CUST-05946,Riya Agarwal,Female,19,Bengaluru,Karnataka,India,Consumer,2025-05-17
CUST-05947,Deepak Roy,Male,30,Pune,Maharashtra,India,Consumer,2023-06-15
CUST-05948,Harsh Gupta,Male,25,Bhubaneswar,Odisha,India,Consumer,2022-06-06
CUST-05949,Harsh Chatterjee,Male,46,Delhi,Delhi,India,Corporate,2024-11-26
CUST-05950,Rohan Singh,Male,23,Coimbatore,Tamil Nadu,India,Consumer,2023-03-08
CUST-05951,Riya Mishra,Female,21,Hyderabad,Telangana,India,Consumer,2022-10-24
CUST-05952,Neha Shah,Female,40,Bhubaneswar,Odisha,India,Small Business,2025-07-17
CUST-05953,Sneha Kulkarni,Female,38,Kolkata,West Bengal,India,Consumer,2025-03-24
CUST-05954,Aman Shah,Male,38,Kolkata,West Bengal,India,Small Business,2024-03-05
CUST-05955,Neha Jain,Female,47,Mumbai,Maharashtra,India,Consumer,2023-03-09
CUST-05956,Aanya Reddy,Female,28,Mumbai,Maharashtra,India,Consumer,2023-07-23
CUST-05957,Kunal यादव,Male,28,Hyderabad,Telangana,India,Consumer,2024-04-30
CUST-05958,Kavya Mishra,Female,32,Delhi,Delhi,India,Corporate,2024-01-09
CUST-05959,Manish Khanna,Male,47,Mumbai,Maharashtra,India,Small Business,2022-05-05
CUST-05960,Tanvi Patel,Female,43,Kolkata,West Bengal,India,Consumer,2024-01-07
CUST-05961,Harsh Singh,Male,57,Pune,Maharashtra,India,Consumer,2024-06-14
CUST-05962,Tanvi Kapoor,Female,24,Chandigarh,Chandigarh,India,Consumer,2023-11-26
CUST-05963,Harsh Verma,Male,50,Pune,Maharashtra,India,Consumer,2024-08-24
CUST-05964,Neha Mehta,Female,32,Pune,Maharashtra,India,Corporate,2025-09-04
CUST-05965,Sandeep Patel,Male,42,Patna,Bihar,India,Consumer,2023-08-21
CUST-05966,Yash Kapoor,Male,35,Bengaluru,Karnataka,India,Consumer,2023-11-11
CUST-05967,Arjun Kapoor,Male,25,Coimbatore,Tamil Nadu,India,Consumer,2022-02-28
CUST-05968,Kriti यादव,Female,29,Kolkata,West Bengal,India,Corporate,2022-07-21
CUST-05969,Deepika Agarwal,Female,30,Coimbatore,Tamil Nadu,India,Consumer,2025-09-11
CUST-05970,Neha Srinivasan,Female,45,Lucknow,Uttar Pradesh,India,Corporate,2023-09-01
CUST-05971,Ahan Srinivasan,Other,31,Bengaluru,Karnataka,India,Consumer,2025-09-30
CUST-05972,Divya Bhat,Female,38,Ahmedabad,Gujarat,India,Consumer,2025-08-12
CUST-05973,Neha Patel,Female,25,Delhi,Delhi,India,Consumer,2022-01-03
CUST-05974,Nisha Roy,Female,32,Pune,Maharashtra,India,Corporate,2023-03-05
CUST-05975,Dev Reddy,Male,46,Mumbai,Maharashtra,India,Consumer,2024-12-08
CUST-05976,Sandeep Roy,Male,33,Pune,Maharashtra,India,Small Business,2024-01-23
CUST-05977,Yash Verma,Male,52,Kolkata,West Bengal,India,Consumer,2023-02-19
CUST-05978,Aditya Nair,Male,62,Patna,Bihar,India,Consumer,2023-11-21
CUST-05979,Rohan Verma,Male,44,Gurugram,Haryana,India,Consumer,2024-02-25
CUST-05980,Aashi Srinivasan,Other,31,Lucknow,Uttar Pradesh,India,Small Business,2025-02-08
CUST-05981,Harsh Verma,Male,36,Bhubaneswar,Odisha,India,Consumer,2024-01-06
CUST-05982,Ananya Nair,Female,32,Visakhapatnam,Andhra Pradesh,India,Consumer,2025-10-12
CUST-05983,Kriti Kulkarni,Female,29,Gurugram,Haryana,India,Small Business,2022-01-20
CUST-05984,Karan Chatterjee,Male,29,Surat,Gujarat,India,Consumer,2023-01-29
CUST-05985,Pranav Singh,Male,49,Raipur,Chhattisgarh,India,Consumer,2023-05-07
CUST-05986,Manish Mishra,Male,26,Kolkata,West Bengal,India,Consumer,2023-01-26
CUST-05987,Nisha यादव,Female,34,Jaipur,Rajasthan,India,Consumer,2023-10-21
CUST-05988,Tanay Iyer,Other,25,Indore,Madhya Pradesh,India,Corporate,2023-05-05
CUST-05989,Kriti Nair,Female,27,Lucknow,Uttar Pradesh,India,Consumer,2024-02-10
CUST-05990,Rohan Singh,Male,46,Delhi,Delhi,India,Consumer,2024-02-08
CUST-05991,Vivek Das,Male,49,Delhi,Delhi,India,Consumer,2025-02-09
CUST-05992,Aryan Kapoor,Male,48,Delhi,Delhi,India,Consumer,2024-07-07
CUST-05993,Akash Kulkarni,Male,56,Gurugram,Haryana,India,Consumer,2024-04-06
CUST-05994,Anushka Reddy,Female,37,Mumbai,Maharashtra,India,Consumer,2023-01-08
CUST-05995,Priya Khanna,Female,47,Hyderabad,Telangana,India,Consumer,2024-04-06
CUST-05996,Aanya Iyer,Female,34,Mumbai,Maharashtra,India,Consumer,2022-04-13
CUST-05997,Neha Kulkarni,Female,32,Chennai,Tamil Nadu,India,Small Business,2022-10-04
CUST-05998,Karan Gupta,Male,29,Delhi,Delhi,India,Consumer,2022-08-14
CUST-05999,Aman Mukherjee,Male,49,Chennai,Tamil Nadu,India,Consumer,2024-01-12
CUST-06000,Isha Bhat,Female,36,Pune,Maharashtra,India,Consumer,2025-12-02
CUST-06001,Anjali Chatterjee,Female,33,Srinagar,Jammu and Kashmir,India,Consumer,2024-02-24
CUST-06002,Rahul Verma,Male,42,Bengaluru,Karnataka,India,Consumer,2023-11-22
CUST-06003,Deepak Kapoor,Male,38,Ahmedabad,Gujarat,India,Small Business,2024-07-18
CUST-06004,Mohit Mehta,Male,52,Hyderabad,Telangana,India,Consumer,2025-03-31
CUST-06005,Kavya Roy,Female,37,Chennai,Tamil Nadu,India,Consumer,2024-09-03
CUST-06006,Siddharth Verma,Male,48,Delhi,Delhi,India,Consumer,2024-01-06
CUST-06007,Sneha Singh,Female,23,Delhi,Delhi,India,Small Business,2022-09-21
CUST-06008,Kavya यादव,Female,31,Chennai,Tamil Nadu,India,Consumer,2023-05-15
CUST-06009,Siddharth Patel,Male,36,Delhi,Delhi,India,Consumer,2025-04-07
CUST-06010,Kunal Chatterjee,Male,54,Gurugram,Haryana,India,Corporate,2023-09-29
CUST-06011,Aarav Mukherjee,Male,28,Chandigarh,Chandigarh,India,Consumer,2025-11-03
CUST-06012,Aman Roy,Male,32,Kolkata,West Bengal,India,Consumer,2024-02-28
CUST-06013,Anjali Chatterjee,Female,23,Lucknow,Uttar Pradesh,India,Small Business,2023-12-06
CUST-06014,Isha Kapoor,Female,52,Pune,Maharashtra,India,Consumer,2025-12-13
CUST-06015,Tanvi Srinivasan,Female,40,Visakhapatnam,Andhra Pradesh,India,Consumer,2025-01-27
CUST-06016,Rahul Kulkarni,Male,43,Patna,Bihar,India,Consumer,2024-08-08
CUST-06017,Nisha Khanna,Female,39,Kolkata,West Bengal,India,Corporate,2022-01-14
CUST-06018,Aman Bhat,Male,40,Bengaluru,Karnataka,India,Consumer,2023-06-08
CUST-06019,Avni Mishra,Other,47,Delhi,Delhi,India,Consumer,2025-02-27
CUST-06020,Anushka Mehta,Female,49,Chennai,Tamil Nadu,India,Consumer,2022-04-22
CUST-06021,Aryan Sharma,Male,35,Visakhapatnam,Andhra Pradesh,India,Corporate,2024-12-08
CUST-06022,Neha Gupta,Female,44,Lucknow,Uttar Pradesh,India,Small Business,2023-09-03
CUST-06023,Rohan Jain,Male,28,Kochi,Kerala,India,Consumer,2022-07-14
CUST-06024,Siddharth Gupta,Male,41,Pune,Maharashtra,India,Consumer,2022-12-27
CUST-06025,Ananya Das,Female,39,Delhi,Delhi,India,Consumer,2023-11-26
CUST-06026,Rahul Reddy,Male,38,Mumbai,Maharashtra,India,Consumer,2025-07-29
CUST-06027,Saanvi Mehta,Female,32,Raipur,Chhattisgarh,India,Consumer,2023-05-17
CUST-06028,Suman Sharma,Other,49,Hyderabad,Telangana,India,Small Business,2023-07-20
CUST-06029,Manish Kulkarni,Male,36,Lucknow,Uttar Pradesh,India,Consumer,2024-12-22
CUST-06030,Sandeep Roy,Male,53,Bengaluru,Karnataka,India,Corporate,2022-11-02
CUST-06031,Aman Singh,Male,41,Mumbai,Maharashtra,India,Small Business,2025-10-14
CUST-06032,Ankit यादव,Male,30,Kochi,Kerala,India,Consumer,2024-08-07
CUST-06033,Sneha Bhat,Female,32,Chennai,Tamil Nadu,India,Consumer,2023-06-21
CUST-06034,Sandeep Mukherjee,Male,29,Bengaluru,Karnataka,India,Consumer,2022-07-10
CUST-06035,Deepak Gupta,Male,38,Ahmedabad,Gujarat,India,Consumer,2025-04-25
CUST-06036,Kriti Mehta,Female,35,Pune,Maharashtra,India,Consumer,2025-01-19
CUST-06037,Kiran Verma,Other,36,Delhi,Delhi,India,Consumer,2025-01-27
CUST-06038,Dev Reddy,Male,32,Pune,Maharashtra,India,Consumer,2022-01-30
CUST-06039,Ananya Sharma,Female,56,Chennai,Tamil Nadu,India,Consumer,2023-04-16
CUST-06040,Priya Gupta,Female,30,Chennai,Tamil Nadu,India,Consumer,2022-07-22
CUST-06041,Deepika Nair,Female,55,Ahmedabad,Gujarat,India,Consumer,2024-10-26
CUST-06042,Vikas Banerjee,Male,41,Ranchi,Jharkhand,India,Consumer,2023-02-25
CUST-06043,Aarav Mishra,Male,26,Coimbatore,Tamil Nadu,India,Consumer,2022-06-03
CUST-06044,Yash Jain,Male,35,Lucknow,Uttar Pradesh,India,Consumer,2022-11-17
CUST-06045,Nisha यादव,Female,25,Chennai,Tamil Nadu,India,Consumer,2025-05-18
CUST-06046,Anjali Sharma,Female,47,Chennai,Tamil Nadu,India,Consumer,2023-09-07
CUST-06047,Arjun Pandey,Male,38,Jaipur,Rajasthan,India,Consumer,2022-07-22
CUST-06048,Aryan Reddy,Male,55,Chennai,Tamil Nadu,India,Corporate,2022-09-26
CUST-06049,Sandeep Mukherjee,Male,41,Pune,Maharashtra,India,Consumer,2025-03-22
CUST-06050,Pooja Iyer,Female,42,Ahmedabad,Gujarat,India,Small Business,2024-02-03
CUST-06051,Karan Jain,Male,29,Mumbai,Maharashtra,India,Corporate,2025-04-19
CUST-06052,Vivek Iyer,Male,32,Pune,Maharashtra,India,Small Business,2025-10-03
CUST-06053,Anjali Khanna,Female,24,Chennai,Tamil Nadu,India,Consumer,2025-07-29
CUST-06054,Aarav Patel,Male,25,Lucknow,Uttar Pradesh,India,Consumer,2025-10-25
CUST-06055,Sandeep Srinivasan,Male,30,Mumbai,Maharashtra,India,Small Business,2025-03-09
CUST-06056,Saanvi Chatterjee,Female,46,Bengaluru,Karnataka,India,Consumer,2023-01-03
CUST-06057,Sandeep Khanna,Male,33,Kolkata,West Bengal,India,Consumer,2023-03-24
CUST-06058,Aanya Verma,Female,38,Coimbatore,Tamil Nadu,India,Consumer,2022-09-03
CUST-06059,Yash Reddy,Male,29,Siliguri,West Bengal,India,Small Business,2023-05-16
CUST-06060,Sneha Mishra,Female,53,Lucknow,Uttar Pradesh,India,Consumer,2023-06-23
CUST-06061,Yash Mehta,Male,31,Patna,Bihar,India,Small Business,2025-06-08
CUST-06062,Anushka Kulkarni,Female,53,Delhi,Delhi,India,Consumer,2023-02-07
CUST-06063,Nikhil Reddy,Male,36,Pune,Maharashtra,India,Consumer,2022-01-08
CUST-06064,Yash Shah,Male,39,Chennai,Tamil Nadu,India,Consumer,2024-11-30
CUST-06065,Kriti Mukherjee,Female,28,Kolkata,West Bengal,India,Consumer,2022-10-12
CUST-06066,Ananya Bhat,Female,51,Indore,Madhya Pradesh,India,Small Business,2025-06-27
CUST-06067,Anushka Das,Female,43,Kolkata,West Bengal,India,Consumer,2023-05-07
CUST-06068,Kavya Verma,Female,34,Kolkata,West Bengal,India,Consumer,2023-08-02
CUST-06069,Nikhil Iyer,Male,34,Bhubaneswar,Odisha,India,Small Business,2024-10-25
CUST-06070,Vaishnavi Chatterjee,Female,46,Hyderabad,Telangana,India,Consumer,2023-01-28
CUST-06071,Pooja Verma,Female,53,Pune,Maharashtra,India,Consumer,2024-06-23
CUST-06072,Dev Das,Male,39,Delhi,Delhi,India,Corporate,2022-07-12
CUST-06073,Dev Jain,Male,52,Chennai,Tamil Nadu,India,Consumer,2022-12-25
CUST-06074,Rohan Bhat,Male,52,Bengaluru,Karnataka,India,Consumer,2025-03-27
CUST-06075,Avni Das,Other,38,Ahmedabad,Gujarat,India,Consumer,2022-10-05
CUST-06076,Yash Jain,Male,43,Bengaluru,Karnataka,India,Corporate,2024-05-14
CUST-06077,Divya Singh,Female,29,Bengaluru,Karnataka,India,Consumer,2024-10-12
CUST-06078,Isha Singh,Female,38,Mumbai,Maharashtra,India,Consumer,2024-12-27
CUST-06079,Harsh Agarwal,Male,33,Patna,Bihar,India,Consumer,2022-04-28
CUST-06080,Nikhil Sharma,Male,44,Chennai,Tamil Nadu,India,Consumer,2024-11-01
CUST-06081,Karan Chatterjee,Male,37,Surat,Gujarat,India,Corporate,2025-08-01
CUST-06082,Nisha Reddy,Female,45,Pune,Maharashtra,India,Small Business,2022-06-30
CUST-06083,Aman Nair,Male,39,Bengaluru,Karnataka,India,Consumer,2023-04-30
CUST-06084,Rahul Roy,Male,44,Bengaluru,Karnataka,India,Consumer,2022-10-30
CUST-06085,Siddharth Shah,Male,39,Bengaluru,Karnataka,India,Consumer,2024-05-12
CUST-06086,Anushka Pandey,Female,36,Mumbai,Maharashtra,India,Consumer,2023-11-05
CUST-06087,Anjali Verma,Female,48,Ahmedabad,Gujarat,India,Small Business,2022-11-26
CUST-06088,Tanvi Gupta,Female,28,Hyderabad,Telangana,India,Small Business,2025-02-23
CUST-06089,Saanvi Pandey,Female,36,Chandigarh,Chandigarh,India,Consumer,2024-03-27
CUST-06090,Shreya Sharma,Female,46,Hyderabad,Telangana,India,Consumer,2024-05-17
CUST-06091,Aditya Banerjee,Male,38,Mumbai,Maharashtra,India,Consumer,2023-03-13
CUST-06092,Saanvi Pandey,Female,50,Visakhapatnam,Andhra Pradesh,India,Consumer,2025-10-12
CUST-06093,Shreya Mishra,Female,37,Pune,Maharashtra,India,Small Business,2024-06-06
CUST-06094,Aanya यादव,Female,44,Delhi,Delhi,India,Consumer,2025-01-17
CUST-06095,Mohit Patel,Male,28,Bengaluru,Karnataka,India,Consumer,2023-07-08
CUST-06096,Manish Kulkarni,Male,44,Mumbai,Maharashtra,India,Consumer,2022-04-14
CUST-06097,Vaishnavi Agarwal,Female,37,Jaipur,Rajasthan,India,Small Business,2023-04-01
CUST-06098,Vikas यादव,Male,46,Delhi,Delhi,India,Small Business,2022-08-05
CUST-06099,Karan Jain,Male,29,Mumbai,Maharashtra,India,Consumer,2023-01-17
CUST-06100,Harsh यादव,Male,47,Hyderabad,Telangana,India,Consumer,2023-04-04
CUST-06101,Kavya Iyer,Female,32,Mumbai,Maharashtra,India,Small Business,2022-01-29
CUST-06102,Vikas Banerjee,Male,48,Siliguri,West Bengal,India,Consumer,2025-03-23
CUST-06103,Sandeep Sharma,Male,49,Surat,Gujarat,India,Consumer,2023-08-18
CUST-06104,Vikas Shah,Male,32,Delhi,Delhi,India,Small Business,2024-09-11
CUST-06105,Sneha Sharma,Female,27,Kolkata,West Bengal,India,Consumer,2024-01-05
CUST-06106,Vikas Banerjee,Male,25,Delhi,Delhi,India,Consumer,2023-08-10
CUST-06107,Ananya Patel,Female,34,Chandigarh,Chandigarh,India,Consumer,2022-02-23
CUST-06108,Kavya Khanna,Female,44,Ahmedabad,Gujarat,India,Consumer,2022-03-30
CUST-06109,Riya Iyer,Female,25,Bengaluru,Karnataka,India,Small Business,2023-10-31
CUST-06110,Harsh Pandey,Male,32,Kochi,Kerala,India,Small Business,2022-01-12
CUST-06111,Sandeep Shah,Male,25,Hyderabad,Telangana,India,Consumer,2024-11-28
CUST-06112,Neha Roy,Female,33,Jaipur,Rajasthan,India,Corporate,2022-01-24
CUST-06113,Priya Gupta,Female,29,Bengaluru,Karnataka,India,Consumer,2024-06-01
CUST-06114,Divya Roy,Female,39,Surat,Gujarat,India,Corporate,2024-11-17
CUST-06115,Kunal Mishra,Male,60,Gurugram,Haryana,India,Consumer,2025-08-01
CUST-06116,Rahul Mehta,Male,48,Gurugram,Haryana,India,Small Business,2024-12-20
CUST-06117,Nisha Nair,Female,43,Hyderabad,Telangana,India,Consumer,2024-04-22
CUST-06118,Siddharth Patel,Male,46,Surat,Gujarat,India,Consumer,2024-07-20
CUST-06119,Kunal Gupta,Male,39,Gurugram,Haryana,India,Consumer,2025-02-25
CUST-06120,Karan Chatterjee,Male,45,Hyderabad,Telangana,India,Consumer,2024-03-07
CUST-06121,Tanvi Verma,Female,44,Chennai,Tamil Nadu,India,Corporate,2023-09-28
CUST-06122,Ananya Mishra,Female,33,Kochi,Kerala,India,Consumer,2024-09-13
CUST-06123,Sneha Reddy,Female,37,Hyderabad,Telangana,India,Consumer,2023-08-09
CUST-06124,Akash Patel,Male,31,Pune,Maharashtra,India,Small Business,2022-06-13
CUST-06125,Arjun Sharma,Male,48,Siliguri,West Bengal,India,Corporate,2025-05-20
CUST-06126,Neha Kapoor,Female,31,Chennai,Tamil Nadu,India,Consumer,2022-08-15
CUST-06127,Anushka Banerjee,Female,35,Hyderabad,Telangana,India,Consumer,2025-07-25
CUST-06128,Devansh Shah,Other,38,Delhi,Delhi,India,Consumer,2025-09-02
CUST-06129,Sneha Khanna,Female,40,Chennai,Tamil Nadu,India,Small Business,2023-06-25
CUST-06130,Siddharth Das,Male,26,Hyderabad,Telangana,India,Consumer,2024-08-13
CUST-06131,Dev Pandey,Male,45,Delhi,Delhi,India,Consumer,2024-09-22
CUST-06132,Pooja Verma,Female,38,Delhi,Delhi,India,Consumer,2025-03-17
CUST-06133,Harsh Mehta,Male,44,Mumbai,Maharashtra,India,Small Business,2022-01-28
CUST-06134,Deepika Iyer,Female,31,Mumbai,Maharashtra,India,Corporate,2022-02-14
CUST-06135,Kriti Roy,Female,28,Coimbatore,Tamil Nadu,India,Small Business,2024-06-01
CUST-06136,Isha Patel,Female,43,Bengaluru,Karnataka,India,Corporate,2024-10-01
CUST-06137,Rishi Mukherjee,Other,33,Mumbai,Maharashtra,India,Corporate,2023-10-07
CUST-06138,Tanvi Mishra,Female,43,Coimbatore,Tamil Nadu,India,Corporate,2024-11-09
CUST-06139,Ananya Srinivasan,Female,41,Delhi,Delhi,India,Corporate,2025-01-18
CUST-06140,Aryan Iyer,Male,60,Kolkata,West Bengal,India,Consumer,2025-02-14
CUST-06141,Shiv Iyer,Other,38,Gurugram,Haryana,India,Small Business,2024-11-12
CUST-06142,Sneha Pandey,Female,32,Kolkata,West Bengal,India,Consumer,2023-09-28
CUST-06143,Aditya Mishra,Male,45,Lucknow,Uttar Pradesh,India,Corporate,2022-04-22
CUST-06144,Devansh Verma,Other,26,Delhi,Delhi,India,Consumer,2023-06-21
CUST-06145,Harsh Jain,Male,24,Hyderabad,Telangana,India,Small Business,2025-09-18
CUST-06146,Anjali Nair,Female,31,Surat,Gujarat,India,Consumer,2022-07-15
CUST-06147,Akash Chatterjee,Male,32,Bengaluru,Karnataka,India,Small Business,2022-12-12
CUST-06148,Manish Banerjee,Male,40,Kochi,Kerala,India,Consumer,2022-11-29
CUST-06149,Kavya Reddy,Female,41,Chennai,Tamil Nadu,India,Consumer,2025-07-30
CUST-06150,Aashi Das,Other,30,Pune,Maharashtra,India,Consumer,2025-10-19
CUST-06151,Mohit Pandey,Male,41,Hyderabad,Telangana,India,Consumer,2022-01-06
CUST-06152,Anushka Khanna,Female,23,Delhi,Delhi,India,Consumer,2024-09-26
CUST-06153,Ankit Bhat,Male,59,Bengaluru,Karnataka,India,Consumer,2023-12-23
CUST-06154,Vivek Kulkarni,Male,48,Kolkata,West Bengal,India,Consumer,2025-01-24
CUST-06155,Pranav Sharma,Male,38,Bengaluru,Karnataka,India,Consumer,2023-07-03
CUST-06156,Sandeep Chatterjee,Male,32,Mumbai,Maharashtra,India,Consumer,2024-05-12
CUST-06157,Harsh Chatterjee,Male,33,Raipur,Chhattisgarh,India,Consumer,2024-11-15
CUST-06158,Anjali Patel,Female,49,Surat,Gujarat,India,Corporate,2022-10-15
CUST-06159,Akash Gupta,Male,42,Bengaluru,Karnataka,India,Consumer,2025-02-04
CUST-06160,Ananya Srinivasan,Female,45,Surat,Gujarat,India,Consumer,2024-09-13
CUST-06161,Anushka Sharma,Female,29,Bhubaneswar,Odisha,India,Consumer,2025-07-25
CUST-06162,Pranav Chatterjee,Male,23,Raipur,Chhattisgarh,India,Consumer,2025-05-15
CUST-06163,Anushka यादव,Female,35,Bengaluru,Karnataka,India,Small Business,2022-10-27
CUST-06164,Dev Gupta,Male,41,Ranchi,Jharkhand,India,Consumer,2025-12-17
CUST-06165,Anushka Kulkarni,Female,31,Jaipur,Rajasthan,India,Consumer,2023-01-24
CUST-06166,Vikas यादव,Male,35,Mumbai,Maharashtra,India,Small Business,2024-05-08
CUST-06167,Anjali Mehta,Female,31,Chennai,Tamil Nadu,India,Corporate,2023-12-27
CUST-06168,Ananya Verma,Female,61,Mumbai,Maharashtra,India,Consumer,2023-03-12
CUST-06169,Kunal Khanna,Male,39,Delhi,Delhi,India,Small Business,2023-10-11
CUST-06170,Dev Jain,Male,49,Delhi,Delhi,India,Consumer,2022-02-26
CUST-06171,Isha Agarwal,Female,40,Hyderabad,Telangana,India,Consumer,2024-07-08
CUST-06172,Deepak Verma,Male,25,Bengaluru,Karnataka,India,Consumer,2025-08-15
CUST-06173,Pooja Gupta,Female,39,Ranchi,Jharkhand,India,Small Business,2022-02-17
CUST-06174,Ahan Mukherjee,Other,34,Coimbatore,Tamil Nadu,India,Consumer,2023-02-05
CUST-06175,Nisha Shah,Female,28,Jaipur,Rajasthan,India,Consumer,2024-10-08
CUST-06176,Ananya Mishra,Female,41,Indore,Madhya Pradesh,India,Consumer,2022-10-11
CUST-06177,Dev Pandey,Male,39,Mumbai,Maharashtra,India,Consumer,2024-09-02
CUST-06178,Anjali Bhat,Female,49,Bengaluru,Karnataka,India,Consumer,2025-03-31
CUST-06179,Saanvi Nair,Female,32,Gurugram,Haryana,India,Consumer,2023-12-15
CUST-06180,Aditya Mukherjee,Male,28,Delhi,Delhi,India,Small Business,2024-07-10
CUST-06181,Pranav Verma,Male,34,Mumbai,Maharashtra,India,Small Business,2023-08-19
CUST-06182,Arjun Kulkarni,Male,34,Kolkata,West Bengal,India,Consumer,2023-06-04
CUST-06183,Mohit Mishra,Male,38,Gurugram,Haryana,India,Corporate,2022-11-12
CUST-06184,Kavya Jain,Female,27,Siliguri,West Bengal,India,Consumer,2022-08-11
CUST-06185,Dev Pandey,Male,39,Kochi,Kerala,India,Corporate,2023-11-04
CUST-06186,Pranav Srinivasan,Male,37,Gurugram,Haryana,India,Consumer,2023-04-05
CUST-06187,Rahul Verma,Male,32,Kolkata,West Bengal,India,Corporate,2022-12-08
CUST-06188,Saanvi Nair,Female,32,Ahmedabad,Gujarat,India,Small Business,2022-05-23
CUST-06189,Saanvi Srinivasan,Female,45,Lucknow,Uttar Pradesh,India,Small Business,2022-12-12
CUST-06190,Saanvi Banerjee,Female,25,Hyderabad,Telangana,India,Consumer,2022-09-06
CUST-06191,Aditya Agarwal,Male,37,Delhi,Delhi,India,Consumer,2023-06-24
CUST-06192,Vaishnavi Banerjee,Female,31,Mumbai,Maharashtra,India,Consumer,2025-05-21
CUST-06193,Rohan Mukherjee,Male,31,Gurugram,Haryana,India,Small Business,2025-07-04
CUST-06194,Riya Kapoor,Female,47,Chandigarh,Chandigarh,India,Consumer,2024-03-27
CUST-06195,Nisha Shah,Female,39,Kolkata,West Bengal,India,Consumer,2025-07-04
CUST-06196,Kriti Singh,Female,33,Guwahati,Assam,India,Consumer,2022-01-15
CUST-06197,Harsh Mukherjee,Male,36,Bengaluru,Karnataka,India,Consumer,2022-01-02
CUST-06198,Nisha Iyer,Female,28,Hyderabad,Telangana,India,Consumer,2022-05-16
CUST-06199,Mohit यादव,Male,44,Delhi,Delhi,India,Corporate,2025-08-30
CUST-06200,Vivek Pandey,Male,26,Kochi,Kerala,India,Consumer,2022-04-24
CUST-06201,Rahul Roy,Male,51,Bengaluru,Karnataka,India,Consumer,2025-03-24
CUST-06202,Aryan Mukherjee,Male,53,Kolkata,West Bengal,India,Consumer,2024-08-22
CUST-06203,Yash Sharma,Male,24,Gurugram,Haryana,India,Consumer,2023-07-10
CUST-06204,Kunal Gupta,Male,36,Gurugram,Haryana,India,Small Business,2022-05-08
CUST-06205,Anushka Bhat,Female,57,Gurugram,Haryana,India,Consumer,2024-06-21
CUST-06206,Kunal Khanna,Male,23,Chennai,Tamil Nadu,India,Corporate,2023-06-17
CUST-06207,Kavya Mishra,Female,50,Bengaluru,Karnataka,India,Consumer,2025-03-09
CUST-06208,Tanvi Kapoor,Female,49,Chennai,Tamil Nadu,India,Consumer,2025-06-23
CUST-06209,Kriti Kulkarni,Female,31,Kolkata,West Bengal,India,Consumer,2023-05-28
CUST-06210,Arjun Reddy,Male,48,Hyderabad,Telangana,India,Consumer,2023-07-20
CUST-06211,Aryan Mukherjee,Male,18,Hyderabad,Telangana,India,Consumer,2025-05-13
CUST-06212,Aditya Pandey,Male,30,Ahmedabad,Gujarat,India,Consumer,2024-02-21
CUST-06213,Deepika Roy,Female,30,Lucknow,Uttar Pradesh,India,Consumer,2024-11-18
CUST-06214,Vaishnavi Mukherjee,Female,50,Gurugram,Haryana,India,Consumer,2024-07-09
CUST-06215,Aman Gupta,Male,34,Delhi,Delhi,India,Consumer,2022-10-23
CUST-06216,Riya Mukherjee,Female,37,Visakhapatnam,Andhra Pradesh,India,Consumer,2022-01-07
CUST-06217,Karan Banerjee,Male,35,Mumbai,Maharashtra,India,Small Business,2025-06-12
CUST-06218,Akash Roy,Male,50,Lucknow,Uttar Pradesh,India,Consumer,2023-11-17
CUST-06219,Vivek Das,Male,24,Delhi,Delhi,India,Consumer,2025-08-29
CUST-06220,Ankit Banerjee,Male,46,Mumbai,Maharashtra,India,Consumer,2025-08-28
CUST-06221,Kriti Srinivasan,Female,43,Delhi,Delhi,India,Consumer,2025-03-23
CUST-06222,Isha Sharma,Female,53,Jaipur,Rajasthan,India,Consumer,2022-07-22
CUST-06223,Manish Reddy,Male,46,Raipur,Chhattisgarh,India,Consumer,2023-10-30
CUST-06224,Saanvi Iyer,Female,25,Mumbai,Maharashtra,India,Consumer,2024-07-07
CUST-06225,Vaishnavi यादव,Female,54,Indore,Madhya Pradesh,India,Consumer,2025-05-01
CUST-06226,Rishi Pandey,Other,25,Pune,Maharashtra,India,Consumer,2025-08-04
CUST-06227,Aarav Reddy,Male,41,Bhubaneswar,Odisha,India,Consumer,2023-02-01
CUST-06228,Deepak यादव,Male,32,Mumbai,Maharashtra,India,Consumer,2022-09-26
CUST-06229,Deepak Iyer,Male,51,Delhi,Delhi,India,Consumer,2024-07-17
CUST-06230,Divya Banerjee,Female,41,Visakhapatnam,Andhra Pradesh,India,Consumer,2023-02-09
CUST-06231,Tanvi Agarwal,Female,51,Pune,Maharashtra,India,Consumer,2023-01-10
CUST-06232,Aditya Mukherjee,Male,25,Surat,Gujarat,India,Consumer,2025-11-05
CUST-06233,Shreya Bhat,Female,28,Bengaluru,Karnataka,India,Corporate,2025-06-08
CUST-06234,Tanvi Banerjee,Female,20,Hyderabad,Telangana,India,Consumer,2025-02-18
CUST-06235,Deepak Gupta,Male,36,Delhi,Delhi,India,Corporate,2025-10-02
CUST-06236,Tanvi Agarwal,Female,35,Indore,Madhya Pradesh,India,Consumer,2025-10-21
CUST-06237,Mohit Gupta,Male,28,Mumbai,Maharashtra,India,Consumer,2022-12-16
CUST-06238,Vaishnavi Das,Female,48,Bengaluru,Karnataka,India,Consumer,2024-04-09
CUST-06239,Kunal Mishra,Male,52,Pune,Maharashtra,India,Consumer,2025-12-07
CUST-06240,Aditi Verma,Female,30,Chandigarh,Chandigarh,India,Consumer,2022-06-01
CUST-06241,Divya Iyer,Female,26,Bengaluru,Karnataka,India,Consumer,2025-07-03
CUST-06242,Dev Reddy,Male,43,Bengaluru,Karnataka,India,Small Business,2023-03-12
CUST-06243,Yash Srinivasan,Male,36,Mumbai,Maharashtra,India,Consumer,2025-07-06
CUST-06244,Kavya Shah,Female,30,Ahmedabad,Gujarat,India,Consumer,2023-12-03
CUST-06245,Riya Mishra,Female,36,Chennai,Tamil Nadu,India,Consumer,2023-03-03
CUST-06246,Kriti Singh,Female,29,Chandigarh,Chandigarh,India,Consumer,2022-05-11
CUST-06247,Sandeep Shah,Male,29,Pune,Maharashtra,India,Consumer,2025-07-05
CUST-06248,Aman Mehta,Male,27,Bengaluru,Karnataka,India,Small Business,2023-12-02
CUST-06249,Rohan Singh,Male,25,Ahmedabad,Gujarat,India,Corporate,2022-03-01
CUST-06250,Ankit Reddy,Male,33,Raipur,Chhattisgarh,India,Consumer,2022-02-23
CUST-06251,Ananya यादव,Female,58,Patna,Bihar,India,Consumer,2023-06-16
CUST-06252,Deepika Pandey,Female,60,Chennai,Tamil Nadu,India,Small Business,2024-02-15
CUST-06253,Anjali यादव,Female,36,Ahmedabad,Gujarat,India,Consumer,2022-11-15
CUST-06254,Vikas Singh,Male,32,Pune,Maharashtra,India,Small Business,2024-02-03
CUST-06255,Saanvi Srinivasan,Female,38,Gurugram,Haryana,India,Small Business,2023-06-25
CUST-06256,Vivek Srinivasan,Male,33,Gurugram,Haryana,India,Corporate,2022-10-29
CUST-06257,Dev Banerjee,Male,41,Kolkata,West Bengal,India,Consumer,2022-03-29
CUST-06258,Akash Khanna,Male,51,Chennai,Tamil Nadu,India,Consumer,2023-12-28
CUST-06259,Vaishnavi Bhat,Female,48,Bengaluru,Karnataka,India,Small Business,2024-01-19
CUST-06260,Tanvi Verma,Female,33,Kolkata,West Bengal,India,Consumer,2023-04-27
CUST-06261,Siddharth Gupta,Male,51,Lucknow,Uttar Pradesh,India,Small Business,2024-04-23
CUST-06262,Dev Das,Male,58,Surat,Gujarat,India,Corporate,2023-04-30
CUST-06263,Vaishnavi Mishra,Female,34,Delhi,Delhi,India,Small Business,2023-01-17
CUST-06264,Isha यादव,Female,37,Chennai,Tamil Nadu,India,Consumer,2024-08-12
CUST-06265,Kavya Roy,Female,62,Gurugram,Haryana,India,Consumer,2023-01-01
CUST-06266,Ananya यादव,Female,44,Bengaluru,Karnataka,India,Consumer,2022-02-08
CUST-06267,Rahul Mishra,Male,29,Hyderabad,Telangana,India,Consumer,2023-12-14
CUST-06268,Pooja Kapoor,Female,29,Delhi,Delhi,India,Consumer,2023-01-08
CUST-06269,Aanya Sharma,Female,40,Bengaluru,Karnataka,India,Consumer,2024-08-28
CUST-06270,Noor Jain,Other,26,Delhi,Delhi,India,Consumer,2025-03-07
CUST-06271,Anjali Jain,Female,27,Pune,Maharashtra,India,Small Business,2022-10-28
CUST-06272,Nisha Nair,Female,42,Gurugram,Haryana,India,Consumer,2023-06-26
CUST-06273,Kriti Sharma,Female,31,Jaipur,Rajasthan,India,Consumer,2024-01-11
CUST-06274,Tanvi Agarwal,Female,39,Chandigarh,Chandigarh,India,Consumer,2023-01-29
CUST-06275,Yash यादव,Male,32,Patna,Bihar,India,Consumer,2024-02-10
CUST-06276,Nisha Srinivasan,Female,24,Chennai,Tamil Nadu,India,Consumer,2025-05-11
CUST-06277,Neha Gupta,Female,54,Lucknow,Uttar Pradesh,India,Corporate,2025-11-08
CUST-06278,Nisha Mukherjee,Female,42,Hyderabad,Telangana,India,Consumer,2024-12-05
CUST-06279,Kavya Chatterjee,Female,21,Indore,Madhya Pradesh,India,Consumer,2024-01-13
CUST-06280,Deepak Bhat,Male,27,Chandigarh,Chandigarh,India,Consumer,2022-05-20
CUST-06281,Aanya Gupta,Female,50,Pune,Maharashtra,India,Small Business,2022-01-11
CUST-06282,Kavya Patel,Female,34,Visakhapatnam,Andhra Pradesh,India,Consumer,2022-11-26
CUST-06283,Riya Chatterjee,Female,31,Hyderabad,Telangana,India,Consumer,2024-10-03
CUST-06284,Karan Kapoor,Male,44,Jaipur,Rajasthan,India,Corporate,2023-05-28
CUST-06285,Priya Sharma,Female,30,Mumbai,Maharashtra,India,Consumer,2024-08-27
CUST-06286,Vivek Jain,Male,26,Bhubaneswar,Odisha,India,Consumer,2024-01-18
CUST-06287,Priya Khanna,Female,54,Delhi,Delhi,India,Corporate,2024-08-03
CUST-06288,Aanya Das,Female,53,Coimbatore,Tamil Nadu,India,Consumer,2025-10-06
CUST-06289,Pooja Iyer,Female,27,Pune,Maharashtra,India,Consumer,2024-05-09
CUST-06290,Pooja Bhat,Female,22,Hyderabad,Telangana,India,Small Business,2023-03-03
CUST-06291,Meera Srinivasan,Female,48,Patna,Bihar,India,Consumer,2022-07-16
CUST-06292,Sneha Mukherjee,Female,38,Mumbai,Maharashtra,India,Consumer,2023-08-04
CUST-06293,Harsh Iyer,Male,47,Visakhapatnam,Andhra Pradesh,India,Consumer,2024-10-06
CUST-06294,Nisha Banerjee,Female,50,Chennai,Tamil Nadu,India,Consumer,2022-02-17
CUST-06295,Meera Singh,Female,30,Mumbai,Maharashtra,India,Consumer,2024-01-27
CUST-06296,Deepak Agarwal,Male,40,Siliguri,West Bengal,India,Consumer,2024-02-23
CUST-06297,Karan Mishra,Male,46,Delhi,Delhi,India,Consumer,2024-06-18
CUST-06298,Deepak Verma,Male,30,Delhi,Delhi,India,Corporate,2024-08-01
CUST-06299,Ananya Mishra,Female,35,Raipur,Chhattisgarh,India,Consumer,2024-08-19
CUST-06300,Arjun Gupta,Male,44,Delhi,Delhi,India,Small Business,2024-05-28
CUST-06301,Pranav Agarwal,Male,38,Patna,Bihar,India,Corporate,2022-10-17
CUST-06302,Meera Mishra,Female,43,Delhi,Delhi,India,Consumer,2024-07-10
CUST-06303,Sneha Kulkarni,Female,22,Delhi,Delhi,India,Consumer,2023-05-23
CUST-06304,Kunal Singh,Male,50,Patna,Bihar,India,Consumer,2025-05-19
CUST-06305,Sandeep Srinivasan,Male,55,Bengaluru,Karnataka,India,Consumer,2025-06-11
CUST-06306,Kavya Bhat,Female,28,Patna,Bihar,India,Consumer,2023-02-17
CUST-06307,Rahul Khanna,Male,38,Bengaluru,Karnataka,India,Consumer,2022-04-03
CUST-06308,Sneha Banerjee,Female,50,Delhi,Delhi,India,Small Business,2023-10-14
CUST-06309,Neha यादव,Female,60,Mumbai,Maharashtra,India,Consumer,2022-04-06
CUST-06310,Ankit Verma,Male,41,Chandigarh,Chandigarh,India,Corporate,2025-12-13
CUST-06311,Riya Kapoor,Female,31,Lucknow,Uttar Pradesh,India,Consumer,2022-01-30
CUST-06312,Vaishnavi Jain,Female,36,Mumbai,Maharashtra,India,Consumer,2024-09-01
CUST-06313,Sandeep Nair,Male,50,Mumbai,Maharashtra,India,Consumer,2025-08-18
CUST-06314,Pranav Mishra,Male,52,Bengaluru,Karnataka,India,Consumer,2025-11-10
CUST-06315,Meera Srinivasan,Female,36,Mumbai,Maharashtra,India,Consumer,2022-02-10
CUST-06316,Priya Mehta,Female,50,Delhi,Delhi,India,Consumer,2024-05-01
CUST-06317,Aman Jain,Male,37,Pune,Maharashtra,India,Consumer,2022-06-18
CUST-06318,Pranav Iyer,Male,24,Gurugram,Haryana,India,Consumer,2025-07-21
CUST-06319,Vikas Pandey,Male,57,Kolkata,West Bengal,India,Small Business,2022-03-28
CUST-06320,Yash Khanna,Male,53,Siliguri,West Bengal,India,Consumer,2022-06-06
CUST-06321,Karan Gupta,Male,34,Delhi,Delhi,India,Consumer,2025-09-11
CUST-06322,Kavya Iyer,Female,28,Gurugram,Haryana,India,Consumer,2024-10-24
CUST-06323,Shreya Nair,Female,34,Chennai,Tamil Nadu,India,Consumer,2024-10-02
CUST-06324,Anjali Kulkarni,Female,38,Hyderabad,Telangana,India,Corporate,2024-10-29
CUST-06325,Rahul Bhat,Male,57,Patna,Bihar,India,Consumer,2024-01-20
CUST-06326,Neha Verma,Female,52,Delhi,Delhi,India,Consumer,2024-10-30
CUST-06327,Priya Singh,Female,29,Chandigarh,Chandigarh,India,Consumer,2025-06-01
CUST-06328,Yash Kapoor,Male,39,Mumbai,Maharashtra,India,Consumer,2023-03-02
CUST-06329,Deepak Reddy,Male,30,Delhi,Delhi,India,Consumer,2024-06-27
CUST-06330,Rohan Kulkarni,Male,60,Chennai,Tamil Nadu,India,Small Business,2025-09-04
CUST-06331,Mohit Mehta,Male,31,Chandigarh,Chandigarh,India,Small Business,2024-07-10
CUST-06332,Aditya Nair,Male,28,Bhubaneswar,Odisha,India,Consumer,2025-02-24
CUST-06333,Manish Das,Male,32,Delhi,Delhi,India,Small Business,2022-02-07
CUST-06334,Neha Pandey,Female,36,Chennai,Tamil Nadu,India,Corporate,2022-06-11
CUST-06335,Kavya Pandey,Female,27,Gurugram,Haryana,India,Corporate,2022-01-20
CUST-06336,Avni Das,Other,39,Ahmedabad,Gujarat,India,Small Business,2023-08-09
CUST-06337,Vikas Pandey,Male,32,Ahmedabad,Gujarat,India,Consumer,2023-04-12
CUST-06338,Meera Jain,Female,40,Surat,Gujarat,India,Small Business,2023-06-01
CUST-06339,Dev Roy,Male,43,Mumbai,Maharashtra,India,Consumer,2025-07-19
CUST-06340,Saanvi Chatterjee,Female,37,Mumbai,Maharashtra,India,Consumer,2022-01-29
CUST-06341,Mohit Reddy,Male,26,Surat,Gujarat,India,Corporate,2025-09-05
CUST-06342,Sandeep Reddy,Male,42,Jaipur,Rajasthan,India,Consumer,2023-02-17
CUST-06343,Pranav यादव,Male,29,Kochi,Kerala,India,Consumer,2025-03-01
CUST-06344,Shreya Mehta,Female,47,Coimbatore,Tamil Nadu,India,Small Business,2022-05-04
CUST-06345,Siddharth Singh,Male,49,Jaipur,Rajasthan,India,Small Business,2022-05-22
CUST-06346,Nisha Banerjee,Female,33,Delhi,Delhi,India,Consumer,2023-08-26
CUST-06347,Divya Banerjee,Female,36,Bengaluru,Karnataka,India,Small Business,2025-12-08
CUST-06348,Deepika Mehta,Female,33,Pune,Maharashtra,India,Corporate,2022-03-28
CUST-06349,Deepika Bhat,Female,28,Pune,Maharashtra,India,Consumer,2022-11-08
CUST-06350,Aman Singh,Male,50,Chennai,Tamil Nadu,India,Consumer,2024-08-26
CUST-06351,Kunal Khanna,Male,33,Delhi,Delhi,India,Consumer,2024-07-22
CUST-06352,Aman Patel,Male,30,Pune,Maharashtra,India,Small Business,2025-12-18
CUST-06353,Saanvi Kapoor,Female,45,Delhi,Delhi,India,Consumer,2025-10-03
CUST-06354,Isha Banerjee,Female,46,Kolkata,West Bengal,India,Consumer,2025-02-05
CUST-06355,Siddharth Banerjee,Male,34,Indore,Madhya Pradesh,India,Small Business,2024-03-19
CUST-06356,Ananya Pandey,Female,33,Kolkata,West Bengal,India,Consumer,2022-07-09
CUST-06357,Tanay यादव,Other,39,Bengaluru,Karnataka,India,Consumer,2024-05-16
CUST-06358,Meera Mehta,Female,36,Chennai,Tamil Nadu,India,Consumer,2024-05-26
CUST-06359,Riya Mehta,Female,36,Kolkata,West Bengal,India,Small Business,2023-10-21
CUST-06360,Riya Bhat,Female,52,Hyderabad,Telangana,India,Corporate,2022-12-11
CUST-06361,Tanvi Reddy,Female,26,Delhi,Delhi,India,Small Business,2025-02-22
CUST-06362,Ananya Khanna,Female,35,Pune,Maharashtra,India,Consumer,2022-02-01
CUST-06363,Akash Verma,Male,39,Hyderabad,Telangana,India,Small Business,2024-11-23
CUST-06364,Ankit Patel,Male,45,Bhubaneswar,Odisha,India,Small Business,2024-09-19
CUST-06365,Vikas Verma,Male,51,Bengaluru,Karnataka,India,Corporate,2025-05-17
CUST-06366,Neha Singh,Female,27,Coimbatore,Tamil Nadu,India,Small Business,2025-08-14
CUST-06367,Meera Nair,Female,32,Delhi,Delhi,India,Consumer,2025-06-29
CUST-06368,Kunal Jain,Male,43,Hyderabad,Telangana,India,Consumer,2025-11-20
CUST-06369,Rohan Nair,Male,54,Mumbai,Maharashtra,India,Small Business,2023-12-22
CUST-06370,Priya Patel,Female,32,Chennai,Tamil Nadu,India,Consumer,2022-04-07
CUST-06371,Sneha Chatterjee,Female,32,Chennai,Tamil Nadu,India,Consumer,2023-05-14
CUST-06372,Deepak Mehta,Male,43,Delhi,Delhi,India,Consumer,2025-01-27
CUST-06373,Anjali Kulkarni,Female,30,Gurugram,Haryana,India,Consumer,2022-04-06
CUST-06374,Rahul Kapoor,Male,44,Mumbai,Maharashtra,India,Consumer,2022-07-01
CUST-06375,Riya Pandey,Female,61,Kolkata,West Bengal,India,Consumer,2022-05-30
CUST-06376,Aanya Iyer,Female,43,Gurugram,Haryana,India,Consumer,2023-01-13
CUST-06377,Vikas Mukherjee,Male,33,Ahmedabad,Gujarat,India,Consumer,2025-06-20
CUST-06378,Mohit Srinivasan,Male,55,Bengaluru,Karnataka,India,Consumer,2022-02-04
CUST-06379,Aditya Verma,Male,31,Kochi,Kerala,India,Small Business,2023-10-17
CUST-06380,Riya Patel,Female,40,Delhi,Delhi,India,Consumer,2022-11-22
CUST-06381,Anjali Gupta,Female,63,Delhi,Delhi,India,Corporate,2023-08-30
CUST-06382,Aanya Chatterjee,Female,49,Kolkata,West Bengal,India,Consumer,2022-09-14
CUST-06383,Kriti Das,Female,56,Delhi,Delhi,India,Small Business,2023-07-30
CUST-06384,Kriti Shah,Female,26,Goa,Goa,India,Small Business,2025-03-26
CUST-06385,Vaishnavi Reddy,Female,26,Bengaluru,Karnataka,India,Consumer,2022-08-01
CUST-06386,Yash Shah,Male,45,Mumbai,Maharashtra,India,Consumer,2023-12-18
CUST-06387,Kavya Verma,Female,44,Hyderabad,Telangana,India,Small Business,2023-09-12
CUST-06388,Rahul Kulkarni,Male,48,Jaipur,Rajasthan,India,Corporate,2023-07-01
CUST-06389,Meera Agarwal,Female,29,Delhi,Delhi,India,Consumer,2024-03-23
CUST-06390,Kriti Mukherjee,Female,45,Hyderabad,Telangana,India,Consumer,2025-07-16
CUST-06391,Yash Das,Male,50,Delhi,Delhi,India,Consumer,2022-06-03
CUST-06392,Mohit Singh,Male,36,Mumbai,Maharashtra,India,Consumer,2025-12-24
CUST-06393,Aditi Singh,Female,36,Mumbai,Maharashtra,India,Consumer,2023-01-15
CUST-06394,Ankit Nair,Male,39,Jaipur,Rajasthan,India,Consumer,2024-10-14
CUST-06395,Sandeep Mishra,Male,29,Lucknow,Uttar Pradesh,India,Consumer,2025-02-22
CUST-06396,Vikas Nair,Male,57,Mumbai,Maharashtra,India,Consumer,2023-12-20
CUST-06397,Kavya Nair,Female,45,Hyderabad,Telangana,India,Consumer,2023-04-30
CUST-06398,Neha Shah,Female,56,Jaipur,Rajasthan,India,Consumer,2025-05-25
CUST-06399,Rahul Kapoor,Male,49,Gurugram,Haryana,India,Consumer,2025-09-26
CUST-06400,Nisha Mehta,Female,31,Kochi,Kerala,India,Small Business,2024-06-23
CUST-06401,Mohit Nair,Male,44,Gurugram,Haryana,India,Consumer,2022-09-30
CUST-06402,Pooja Srinivasan,Female,23,Mumbai,Maharashtra,India,Consumer,2023-07-26
CUST-06403,Aditi Sharma,Female,42,Hyderabad,Telangana,India,Consumer,2023-04-07
CUST-06404,Aman Jain,Male,51,Pune,Maharashtra,India,Consumer,2024-09-12
CUST-06405,Nisha Khanna,Female,31,Srinagar,Jammu and Kashmir,India,Small Business,2025-11-29
CUST-06406,Priya Sharma,Female,59,Mumbai,Maharashtra,India,Consumer,2023-01-09
CUST-06407,Divya Chatterjee,Female,30,Pune,Maharashtra,India,Consumer,2025-04-13
CUST-06408,Aman Bhat,Male,51,Siliguri,West Bengal,India,Corporate,2025-10-30
CUST-06409,Priya Mukherjee,Female,39,Raipur,Chhattisgarh,India,Small Business,2024-04-28
CUST-06410,Aditi Shah,Female,32,Bengaluru,Karnataka,India,Small Business,2023-05-14
CUST-06411,Shreya Mishra,Female,23,Ranchi,Jharkhand,India,Consumer,2025-05-12
CUST-06412,Ananya Mehta,Female,33,Bengaluru,Karnataka,India,Small Business,2022-01-29
CUST-06413,Deepak Reddy,Male,39,Pune,Maharashtra,India,Small Business,2022-01-06
CUST-06414,Deepak Patel,Male,31,Delhi,Delhi,India,Consumer,2025-11-15
CUST-06415,Ananya Verma,Female,49,Bengaluru,Karnataka,India,Consumer,2024-11-03
CUST-06416,Deepika Patel,Female,43,Mumbai,Maharashtra,India,Consumer,2022-09-25
CUST-06417,Akash Kapoor,Male,34,Hyderabad,Telangana,India,Consumer,2025-11-03
CUST-06418,Ananya Iyer,Female,45,Jaipur,Rajasthan,India,Consumer,2022-09-16
CUST-06419,Meera Iyer,Female,23,Kolkata,West Bengal,India,Consumer,2024-09-25
CUST-06420,Priya Bhat,Female,33,Gurugram,Haryana,India,Small Business,2022-10-13
CUST-06421,Tanvi Jain,Female,49,Kolkata,West Bengal,India,Consumer,2023-05-19
CUST-06422,Priya Gupta,Female,42,Chennai,Tamil Nadu,India,Consumer,2023-07-10
CUST-06423,Aryan Shah,Male,23,Delhi,Delhi,India,Consumer,2023-09-24
CUST-06424,Karan Srinivasan,Male,37,Mumbai,Maharashtra,India,Consumer,2025-01-24
CUST-06425,Dev Kulkarni,Male,31,Bengaluru,Karnataka,India,Small Business,2022-12-01
CUST-06426,Aditi Nair,Female,33,Jaipur,Rajasthan,India,Consumer,2025-06-08
CUST-06427,Deepak Gupta,Male,34,Raipur,Chhattisgarh,India,Consumer,2022-05-15
CUST-06428,Karan Das,Male,27,Visakhapatnam,Andhra Pradesh,India,Consumer,2022-11-17
CUST-06429,Aditya Patel,Male,33,Jaipur,Rajasthan,India,Corporate,2022-01-22
CUST-06430,Nikhil Pandey,Male,27,Bhubaneswar,Odisha,India,Consumer,2025-05-05
CUST-06431,Aarav Patel,Male,29,Ahmedabad,Gujarat,India,Consumer,2024-09-16
CUST-06432,Neha Patel,Female,43,Jaipur,Rajasthan,India,Consumer,2024-01-08
CUST-06433,Divya Nair,Female,41,Ahmedabad,Gujarat,India,Consumer,2025-02-08
CUST-06434,Priya Shah,Female,27,Bengaluru,Karnataka,India,Small Business,2023-04-29
CUST-06435,Vikas Verma,Male,30,Ahmedabad,Gujarat,India,Small Business,2022-04-04
CUST-06436,Arjun Chatterjee,Male,29,Pune,Maharashtra,India,Small Business,2025-01-19
CUST-06437,Karan Pandey,Male,25,Kolkata,West Bengal,India,Consumer,2023-11-27
CUST-06438,Dev Chatterjee,Male,36,Surat,Gujarat,India,Consumer,2023-02-10
CUST-06439,Ananya Kapoor,Female,29,Surat,Gujarat,India,Consumer,2024-07-25
CUST-06440,Arjun Kulkarni,Male,32,Gurugram,Haryana,India,Consumer,2023-01-07
CUST-06441,Aadi Shah,Other,43,Jaipur,Rajasthan,India,Consumer,2024-02-15
CUST-06442,Aryan Verma,Male,43,Hyderabad,Telangana,India,Consumer,2025-10-29
CUST-06443,Aanya यादव,Female,23,Chennai,Tamil Nadu,India,Consumer,2025-12-19
CUST-06444,Shreya Chatterjee,Female,36,Indore,Madhya Pradesh,India,Small Business,2023-03-01
CUST-06445,Vivek Singh,Male,39,Jaipur,Rajasthan,India,Consumer,2024-05-13
CUST-06446,Akash Nair,Male,31,Delhi,Delhi,India,Consumer,2025-08-31
CUST-06447,Kavya Shah,Female,33,Kolkata,West Bengal,India,Small Business,2025-05-08
CUST-06448,Priya Pandey,Female,43,Kolkata,West Bengal,India,Consumer,2023-03-28
CUST-06449,Sneha Iyer,Female,33,Ranchi,Jharkhand,India,Consumer,2022-02-03
CUST-06450,Kriti Bhat,Female,38,Kochi,Kerala,India,Consumer,2023-03-19
CUST-06451,Vikas Verma,Male,39,Bengaluru,Karnataka,India,Consumer,2022-02-04
CUST-06452,Meera Khanna,Female,40,Kolkata,West Bengal,India,Consumer,2023-11-15
CUST-06453,Rohan Jain,Male,31,Lucknow,Uttar Pradesh,India,Corporate,2024-11-02
CUST-06454,Anjali Mishra,Female,48,Bhubaneswar,Odisha,India,Consumer,2023-04-17
CUST-06455,Aditya Kulkarni,Male,20,Chandigarh,Chandigarh,India,Consumer,2025-07-10
CUST-06456,Vivek Reddy,Male,42,Kochi,Kerala,India,Consumer,2025-02-07
CUST-06457,Sneha Jain,Female,48,Gurugram,Haryana,India,Consumer,2023-09-22
CUST-06458,Deepika Mukherjee,Female,29,Raipur,Chhattisgarh,India,Small Business,2022-10-04
CUST-06459,Meera Shah,Female,57,Patna,Bihar,India,Consumer,2024-02-24
CUST-06460,Devansh Gupta,Other,35,Mumbai,Maharashtra,India,Consumer,2022-02-09
CUST-06461,Karan Singh,Male,53,Delhi,Delhi,India,Corporate,2022-10-11
CUST-06462,Aman Reddy,Male,53,Gurugram,Haryana,India,Small Business,2023-02-02
CUST-06463,Rohan Shah,Male,34,Kolkata,West Bengal,India,Consumer,2022-10-06
CUST-06464,Dev Khanna,Male,32,Siliguri,West Bengal,India,Consumer,2024-08-31
CUST-06465,Aryan Kapoor,Male,31,Siliguri,West Bengal,India,Consumer,2025-04-17
CUST-06466,Manish Kapoor,Male,48,Mumbai,Maharashtra,India,Consumer,2025-02-01
CUST-06467,Kavya Verma,Female,26,Lucknow,Uttar Pradesh,India,Consumer,2025-08-26
CUST-06468,Akash Roy,Male,24,Hyderabad,Telangana,India,Consumer,2024-02-02
CUST-06469,Nisha Sharma,Female,27,Mumbai,Maharashtra,India,Consumer,2024-03-29
CUST-06470,Aarav Banerjee,Male,47,Guwahati,Assam,India,Consumer,2022-12-19
CUST-06471,Tanvi Bhat,Female,62,Coimbatore,Tamil Nadu,India,Small Business,2024-02-12
CUST-06472,Ahan Bhat,Other,29,Chandigarh,Chandigarh,India,Consumer,2025-06-03
CUST-06473,Yash Shah,Male,31,Mumbai,Maharashtra,India,Corporate,2023-11-12
CUST-06474,Riya Nair,Female,37,Hyderabad,Telangana,India,Consumer,2022-11-15
CUST-06475,Tanvi Gupta,Female,37,Mumbai,Maharashtra,India,Consumer,2025-07-23
CUST-06476,Yash Kapoor,Male,21,Delhi,Delhi,India,Corporate,2022-02-25
CUST-06477,Aditya Shah,Male,33,Delhi,Delhi,India,Consumer,2022-06-05
CUST-06478,Yash Khanna,Male,29,Bengaluru,Karnataka,India,Consumer,2025-09-20
CUST-06479,Tanvi Chatterjee,Female,47,Surat,Gujarat,India,Consumer,2024-09-21
CUST-06480,Ankit Das,Male,30,Delhi,Delhi,India,Consumer,2024-10-14
CUST-06481,Karan Nair,Male,26,Kolkata,West Bengal,India,Consumer,2022-12-07
CUST-06482,Kunal Chatterjee,Male,24,Kolkata,West Bengal,India,Corporate,2023-07-30
CUST-06483,Kunal Kapoor,Male,38,Ahmedabad,Gujarat,India,Small Business,2024-02-25
CUST-06484,Sneha Iyer,Female,22,Kolkata,West Bengal,India,Small Business,2025-05-29
CUST-06485,Tanvi Roy,Female,32,Delhi,Delhi,India,Consumer,2025-03-08
CUST-06486,Yash Reddy,Male,43,Ahmedabad,Gujarat,India,Consumer,2023-06-03
CUST-06487,Shreya Jain,Female,34,Kolkata,West Bengal,India,Small Business,2023-09-26
CUST-06488,Mohit Mehta,Male,33,Indore,Madhya Pradesh,India,Small Business,2024-08-22
CUST-06489,Saanvi Mukherjee,Female,37,Chennai,Tamil Nadu,India,Corporate,2023-08-07
CUST-06490,Vivek Pandey,Male,45,Bengaluru,Karnataka,India,Consumer,2025-10-27
CUST-06491,Priya Bhat,Female,50,Hyderabad,Telangana,India,Consumer,2025-04-21
CUST-06492,Karan Reddy,Male,36,Mumbai,Maharashtra,India,Consumer,2025-03-26
CUST-06493,Saanvi Mukherjee,Female,54,Mumbai,Maharashtra,India,Consumer,2025-03-10
CUST-06494,Sneha Mehta,Female,38,Bhubaneswar,Odisha,India,Consumer,2023-02-15
CUST-06495,Kavya Iyer,Female,44,Bengaluru,Karnataka,India,Corporate,2023-05-07
CUST-06496,Pooja Kulkarni,Female,44,Mumbai,Maharashtra,India,Consumer,2025-08-09
CUST-06497,Isha Agarwal,Female,48,Hyderabad,Telangana,India,Consumer,2024-08-09
CUST-06498,Anushka Jain,Female,31,Chandigarh,Chandigarh,India,Consumer,2025-08-10
CUST-06499,Vaishnavi Mishra,Female,54,Pune,Maharashtra,India,Consumer,2023-02-05
CUST-06500,Aditya Banerjee,Male,42,Delhi,Delhi,India,Consumer,2023-11-04
CUST-06501,Divya Mishra,Female,30,Mumbai,Maharashtra,India,Consumer,2025-07-09
CUST-06502,Mohit Khanna,Male,31,Delhi,Delhi,India,Consumer,2023-05-20
CUST-06503,Aanya Banerjee,Female,41,Gurugram,Haryana,India,Consumer,2024-12-13
CUST-06504,Akash Kulkarni,Male,47,Chandigarh,Chandigarh,India,Consumer,2022-02-14
CUST-06505,Manish Bhat,Male,33,Bengaluru,Karnataka,India,Consumer,2025-12-05
CUST-06506,Tanvi Pandey,Female,29,Pune,Maharashtra,India,Consumer,2024-07-20
CUST-06507,Nisha Banerjee,Female,53,Delhi,Delhi,India,Consumer,2023-08-25
CUST-06508,Akash Shah,Male,59,Bengaluru,Karnataka,India,Consumer,2025-01-21
CUST-06509,Yash Nair,Male,20,Kolkata,West Bengal,India,Consumer,2023-10-28
CUST-06510,Pranav Mehta,Male,37,Ahmedabad,Gujarat,India,Small Business,2023-03-16
CUST-06511,Divya Kulkarni,Female,33,Ahmedabad,Gujarat,India,Consumer,2023-04-12
CUST-06512,Meera Verma,Female,20,Delhi,Delhi,India,Small Business,2023-04-23
CUST-06513,Mohit Gupta,Male,26,Delhi,Delhi,India,Consumer,2023-06-22
CUST-06514,Akash Roy,Male,51,Ahmedabad,Gujarat,India,Consumer,2025-06-14
CUST-06515,Karan Agarwal,Male,41,Bengaluru,Karnataka,India,Small Business,2022-09-09
CUST-06516,Mohit Kulkarni,Male,63,Kochi,Kerala,India,Consumer,2024-01-26
CUST-06517,Arjun Mehta,Male,40,Ahmedabad,Gujarat,India,Consumer,2023-06-23
CUST-06518,Aanya Patel,Female,32,Pune,Maharashtra,India,Small Business,2025-08-15
CUST-06519,Aanya Mukherjee,Female,40,Bengaluru,Karnataka,India,Consumer,2024-03-08
CUST-06520,Karan Kapoor,Male,33,Bengaluru,Karnataka,India,Corporate,2024-08-26
CUST-06521,Dev Bhat,Male,36,Lucknow,Uttar Pradesh,India,Consumer,2022-05-18
CUST-06522,Aanya Roy,Female,51,Chennai,Tamil Nadu,India,Small Business,2024-07-25
CUST-06523,Pooja Mishra,Female,35,Ranchi,Jharkhand,India,Consumer,2023-01-22
CUST-06524,Rohan Sharma,Male,19,Delhi,Delhi,India,Consumer,2023-08-19
CUST-06525,Aditi Verma,Female,26,Bengaluru,Karnataka,India,Small Business,2024-08-31
CUST-06526,Kunal Verma,Male,42,Mumbai,Maharashtra,India,Consumer,2023-10-30
CUST-06527,Devansh Singh,Other,38,Chandigarh,Chandigarh,India,Consumer,2024-09-28
CUST-06528,Harsh Roy,Male,24,Visakhapatnam,Andhra Pradesh,India,Consumer,2022-05-24
CUST-06529,Anjali Kapoor,Female,34,Surat,Gujarat,India,Consumer,2022-03-16
CUST-06530,Siddharth Bhat,Male,20,Kolkata,West Bengal,India,Small Business,2022-05-18
CUST-06531,Priya Verma,Female,41,Delhi,Delhi,India,Consumer,2025-11-07
CUST-06532,Divya Khanna,Female,40,Guwahati,Assam,India,Consumer,2024-05-29
CUST-06533,Riya Khanna,Female,39,Chennai,Tamil Nadu,India,Corporate,2023-02-01
CUST-06534,Isha Gupta,Female,28,Hyderabad,Telangana,India,Consumer,2022-08-12
CUST-06535,Saanvi Pandey,Female,42,Hyderabad,Telangana,India,Consumer,2022-03-07
CUST-06536,Siddharth Banerjee,Male,39,Mumbai,Maharashtra,India,Small Business,2024-07-04
CUST-06537,Karan Patel,Male,31,Chandigarh,Chandigarh,India,Consumer,2022-11-15
CUST-06538,Neha यादव,Female,29,Bengaluru,Karnataka,India,Small Business,2025-08-22
CUST-06539,Pooja Reddy,Female,23,Kolkata,West Bengal,India,Consumer,2025-07-07
CUST-06540,Sneha Patel,Female,46,Bengaluru,Karnataka,India,Consumer,2022-06-06
CUST-06541,Aanya Roy,Female,47,Bengaluru,Karnataka,India,Consumer,2025-06-04
CUST-06542,Vivek Kulkarni,Male,39,Pune,Maharashtra,India,Consumer,2022-08-05
CUST-06543,Ananya Das,Female,41,Bengaluru,Karnataka,India,Consumer,2024-06-13
CUST-06544,Riya Kulkarni,Female,33,Ahmedabad,Gujarat,India,Consumer,2024-07-25
CUST-06545,Dev Banerjee,Male,26,Coimbatore,Tamil Nadu,India,Small Business,2024-06-29
CUST-06546,Deepak Pandey,Male,39,Gurugram,Haryana,India,Small Business,2025-07-24
CUST-06547,Sneha Patel,Female,22,Chennai,Tamil Nadu,India,Consumer,2024-01-30
CUST-06548,Mohit Mukherjee,Male,34,Pune,Maharashtra,India,Consumer,2022-07-14
CUST-06549,Meera Nair,Female,34,Lucknow,Uttar Pradesh,India,Consumer,2022-12-27
CUST-06550,Ananya Srinivasan,Female,25,Chennai,Tamil Nadu,India,Consumer,2025-08-14
CUST-06551,Akash Mehta,Male,35,Pune,Maharashtra,India,Consumer,2025-03-09
CUST-06552,Ankit Banerjee,Male,30,Surat,Gujarat,India,Consumer,2023-12-02
CUST-06553,Anjali Srinivasan,Female,33,Bengaluru,Karnataka,India,Consumer,2023-11-08
CUST-06554,Ananya Bhat,Female,35,Pune,Maharashtra,India,Consumer,2024-03-20
CUST-06555,Aanya Iyer,Female,21,Mumbai,Maharashtra,India,Consumer,2022-07-24
CUST-06556,Pooja Banerjee,Female,51,Bengaluru,Karnataka,India,Consumer,2022-10-22
CUST-06557,Vaishnavi Jain,Female,52,Mumbai,Maharashtra,India,Consumer,2022-08-23
CUST-06558,Vikas Kapoor,Male,44,Kolkata,West Bengal,India,Consumer,2024-01-27
CUST-06559,Karan Verma,Male,32,Pune,Maharashtra,India,Consumer,2024-05-10
CUST-06560,Sandeep Bhat,Male,54,Mumbai,Maharashtra,India,Consumer,2022-01-19
CUST-06561,Aditya Patel,Male,44,Patna,Bihar,India,Consumer,2025-08-15
CUST-06562,Rahul Iyer,Male,49,Kolkata,West Bengal,India,Small Business,2024-12-30
CUST-06563,Ananya Khanna,Female,57,Indore,Madhya Pradesh,India,Small Business,2025-07-01
CUST-06564,Aditya यादव,Male,31,Kochi,Kerala,India,Consumer,2025-06-07
CUST-06565,Aman Chatterjee,Male,32,Hyderabad,Telangana,India,Small Business,2022-03-17
CUST-06566,Kavya Mukherjee,Female,29,Chennai,Tamil Nadu,India,Consumer,2023-02-26
CUST-06567,Kunal Nair,Male,38,Patna,Bihar,India,Consumer,2023-01-20
CUST-06568,Shreya Jain,Female,48,Kochi,Kerala,India,Small Business,2024-05-12
CUST-06569,Meera Chatterjee,Female,32,Jaipur,Rajasthan,India,Consumer,2024-11-16
CUST-06570,Shiv Bhat,Other,45,Jaipur,Rajasthan,India,Small Business,2025-05-14
CUST-06571,Akash Banerjee,Male,29,Pune,Maharashtra,India,Consumer,2025-11-04
CUST-06572,Riya Agarwal,Female,23,Jaipur,Rajasthan,India,Consumer,2022-05-07
CUST-06573,Aanya Khanna,Female,50,Mumbai,Maharashtra,India,Small Business,2025-10-26
CUST-06574,Yash Sharma,Male,55,Delhi,Delhi,India,Small Business,2024-10-14
CUST-06575,Deepak Gupta,Male,38,Bengaluru,Karnataka,India,Small Business,2024-04-29
CUST-06576,Rohan Das,Male,49,Delhi,Delhi,India,Small Business,2022-05-20
CUST-06577,Aditya Singh,Male,35,Gurugram,Haryana,India,Consumer,2025-06-04
CUST-06578,Priya Shah,Female,30,Chennai,Tamil Nadu,India,Consumer,2025-05-26
CUST-06579,Isha Mehta,Female,34,Siliguri,West Bengal,India,Consumer,2022-08-17
CUST-06580,Akash Mukherjee,Male,52,Bengaluru,Karnataka,India,Small Business,2024-07-28
CUST-06581,Karan Sharma,Male,24,Indore,Madhya Pradesh,India,Consumer,2023-08-16
CUST-06582,Aditi Bhat,Female,25,Indore,Madhya Pradesh,India,Small Business,2024-05-23
CUST-06583,Yash Iyer,Male,28,Lucknow,Uttar Pradesh,India,Consumer,2024-05-20
CUST-06584,Pranav Srinivasan,Male,42,Chandigarh,Chandigarh,India,Small Business,2023-03-30
CUST-06585,Isha Agarwal,Female,28,Mumbai,Maharashtra,India,Small Business,2022-09-09
CUST-06586,Mohit Nair,Male,42,Kolkata,West Bengal,India,Consumer,2024-02-27
CUST-06587,Kavya Gupta,Female,38,Chennai,Tamil Nadu,India,Consumer,2025-09-04
CUST-06588,Aditya यादव,Male,28,Chennai,Tamil Nadu,India,Consumer,2022-06-03
CUST-06589,Kriti Kapoor,Female,39,Surat,Gujarat,India,Consumer,2022-03-07
CUST-06590,Kavya Khanna,Female,41,Kochi,Kerala,India,Consumer,2024-07-22
CUST-06591,Ananya Srinivasan,Female,47,Pune,Maharashtra,India,Consumer,2024-10-05
CUST-06592,Sneha Verma,Female,40,Bengaluru,Karnataka,India,Consumer,2025-07-05
CUST-06593,Ankit Iyer,Male,36,Lucknow,Uttar Pradesh,India,Consumer,2022-07-25
CUST-06594,Siddharth Kapoor,Male,34,Delhi,Delhi,India,Consumer,2024-10-25
CUST-06595,Shreya Mishra,Female,62,Jaipur,Rajasthan,India,Corporate,2023-07-25
CUST-06596,Pooja Banerjee,Female,47,Jaipur,Rajasthan,India,Consumer,2023-07-29
CUST-06597,Ankit Roy,Male,40,Mumbai,Maharashtra,India,Consumer,2022-04-26
CUST-06598,Karan Chatterjee,Male,29,Mumbai,Maharashtra,India,Small Business,2022-01-05
CUST-06599,Mohit Das,Male,29,Indore,Madhya Pradesh,India,Small Business,2024-07-19
CUST-06600,Nikhil यादव,Male,28,Lucknow,Uttar Pradesh,India,Consumer,2025-03-16
CUST-06601,Deepak Iyer,Male,29,Guwahati,Assam,India,Consumer,2022-12-09
CUST-06602,Deepika Gupta,Female,24,Bengaluru,Karnataka,India,Consumer,2022-02-23
CUST-06603,Nikhil Sharma,Male,53,Delhi,Delhi,India,Consumer,2024-07-10
CUST-06604,Deepika Mishra,Female,38,Lucknow,Uttar Pradesh,India,Consumer,2023-04-15
CUST-06605,Kavya Gupta,Female,41,Mumbai,Maharashtra,India,Consumer,2023-08-23
CUST-06606,Tanvi Iyer,Female,34,Kolkata,West Bengal,India,Consumer,2023-08-16
CUST-06607,Pooja Agarwal,Female,27,Coimbatore,Tamil Nadu,India,Consumer,2025-06-04
CUST-06608,Deepika Mukherjee,Female,37,Hyderabad,Telangana,India,Consumer,2025-04-17
CUST-06609,Vikas Mishra,Male,43,Ahmedabad,Gujarat,India,Consumer,2023-01-30
CUST-06610,Isha Pandey,Female,34,Mumbai,Maharashtra,India,Consumer,2025-07-25
CUST-06611,Akash Khanna,Male,35,Patna,Bihar,India,Consumer,2025-06-07
CUST-06612,Meera Verma,Female,32,Surat,Gujarat,India,Consumer,2023-07-27
CUST-06613,Riya Mishra,Female,42,Bengaluru,Karnataka,India,Consumer,2023-10-20
CUST-06614,Akash Kapoor,Male,47,Kolkata,West Bengal,India,Consumer,2025-04-22
CUST-06615,Aman Kulkarni,Male,46,Bengaluru,Karnataka,India,Consumer,2024-12-23
CUST-06616,Neha Srinivasan,Female,42,Jaipur,Rajasthan,India,Small Business,2023-09-05
CUST-06617,Ankit Mehta,Male,53,Bengaluru,Karnataka,India,Consumer,2022-03-08
CUST-06618,Priya Nair,Female,43,Bengaluru,Karnataka,India,Small Business,2025-01-30
CUST-06619,Shreya Reddy,Female,41,Bhubaneswar,Odisha,India,Consumer,2022-07-21
CUST-06620,Tanvi Kulkarni,Female,29,Ahmedabad,Gujarat,India,Consumer,2025-07-24
CUST-06621,Anushka Roy,Female,33,Kolkata,West Bengal,India,Consumer,2022-02-02
CUST-06622,Nikhil Kapoor,Male,35,Delhi,Delhi,India,Consumer,2024-10-31
CUST-06623,Harsh Shah,Male,34,Mumbai,Maharashtra,India,Consumer,2023-03-04
CUST-06624,Yash Gupta,Male,59,Patna,Bihar,India,Consumer,2024-10-13
CUST-06625,Arjun Kulkarni,Male,23,Bengaluru,Karnataka,India,Consumer,2022-07-30
CUST-06626,Rohan Singh,Male,32,Patna,Bihar,India,Consumer,2023-03-26
CUST-06627,Tanvi Khanna,Female,53,Srinagar,Jammu and Kashmir,India,Small Business,2025-06-22
CUST-06628,Kavya Jain,Female,34,Delhi,Delhi,India,Consumer,2025-02-06
CUST-06629,Deepika Bhat,Female,27,Guwahati,Assam,India,Consumer,2023-12-10
CUST-06630,Kriti Singh,Female,30,Pune,Maharashtra,India,Consumer,2023-12-08
CUST-06631,Sneha यादव,Female,51,Pune,Maharashtra,India,Consumer,2022-12-16
CUST-06632,Aanya Jain,Female,36,Chennai,Tamil Nadu,India,Small Business,2024-09-22
CUST-06633,Vikas Shah,Male,28,Kolkata,West Bengal,India,Small Business,2023-01-24
CUST-06634,Ananya Gupta,Female,55,Patna,Bihar,India,Consumer,2024-01-03
CUST-06635,Pranav Patel,Male,31,Kolkata,West Bengal,India,Consumer,2023-03-05
CUST-06636,Anushka Bhat,Female,37,Surat,Gujarat,India,Consumer,2025-11-20
CUST-06637,Manish Roy,Male,30,Bengaluru,Karnataka,India,Small Business,2024-01-19
CUST-06638,Nikhil Kapoor,Male,44,Hyderabad,Telangana,India,Consumer,2025-11-12
CUST-06639,Aditya Iyer,Male,20,Delhi,Delhi,India,Consumer,2025-09-28
CUST-06640,Suman Das,Other,32,Pune,Maharashtra,India,Small Business,2024-06-07
CUST-06641,Vivek Patel,Male,24,Srinagar,Jammu and Kashmir,India,Consumer,2023-01-14
CUST-06642,Vikas Das,Male,30,Bengaluru,Karnataka,India,Consumer,2022-09-04
CUST-06643,Meera Khanna,Female,20,Chandigarh,Chandigarh,India,Consumer,2025-01-24
CUST-06644,Deepak Nair,Male,46,Jaipur,Rajasthan,India,Consumer,2023-05-24
CUST-06645,Kavya Roy,Female,25,Kochi,Kerala,India,Corporate,2023-12-26
CUST-06646,Deepak Shah,Male,21,Chennai,Tamil Nadu,India,Consumer,2024-04-01
CUST-06647,Karan Das,Male,27,Gurugram,Haryana,India,Consumer,2023-12-04
CUST-06648,Pooja Roy,Female,43,Raipur,Chhattisgarh,India,Consumer,2024-08-23
CUST-06649,Pooja Chatterjee,Female,32,Guwahati,Assam,India,Consumer,2024-11-18
CUST-06650,Anushka Roy,Female,50,Delhi,Delhi,India,Corporate,2024-07-25
CUST-06651,Vivek Patel,Male,36,Chennai,Tamil Nadu,India,Consumer,2022-09-16
CUST-06652,Anushka Srinivasan,Female,28,Coimbatore,Tamil Nadu,India,Consumer,2025-08-12
CUST-06653,Kriti Iyer,Female,54,Jaipur,Rajasthan,India,Small Business,2022-05-14
CUST-06654,Kavya Mishra,Female,42,Indore,Madhya Pradesh,India,Consumer,2025-01-01
CUST-06655,Priya Chatterjee,Female,33,Jaipur,Rajasthan,India,Small Business,2025-01-25
CUST-06656,Isha Das,Female,43,Ahmedabad,Gujarat,India,Consumer,2025-05-05
CUST-06657,Aanya Das,Female,41,Lucknow,Uttar Pradesh,India,Consumer,2022-09-25
CUST-06658,Harsh Patel,Male,45,Patna,Bihar,India,Consumer,2025-03-30
CUST-06659,Ananya Gupta,Female,41,Bhubaneswar,Odisha,India,Small Business,2022-04-24
CUST-06660,Shreya Pandey,Female,55,Jaipur,Rajasthan,India,Consumer,2025-08-16
CUST-06661,Anjali Chatterjee,Female,39,Chennai,Tamil Nadu,India,Consumer,2023-01-03
CUST-06662,Vaishnavi Chatterjee,Female,55,Hyderabad,Telangana,India,Corporate,2024-04-05
CUST-06663,Deepika Nair,Female,40,Coimbatore,Tamil Nadu,India,Consumer,2025-06-02
CUST-06664,Priya Mukherjee,Female,46,Chennai,Tamil Nadu,India,Consumer,2023-05-27
CUST-06665,Kavya यादव,Female,32,Hyderabad,Telangana,India,Consumer,2025-08-04
CUST-06666,Pranav Mishra,Male,29,Ahmedabad,Gujarat,India,Consumer,2025-09-11
CUST-06667,Nisha Mehta,Female,49,Bengaluru,Karnataka,India,Corporate,2022-07-17
CUST-06668,Deepika Agarwal,Female,30,Kolkata,West Bengal,India,Consumer,2022-12-20
CUST-06669,Suman Mukherjee,Other,31,Chandigarh,Chandigarh,India,Consumer,2025-03-15
CUST-06670,Anushka Das,Female,29,Pune,Maharashtra,India,Corporate,2022-04-11
CUST-06671,Ananya Shah,Female,38,Bhubaneswar,Odisha,India,Consumer,2025-11-02
CUST-06672,Sandeep Mishra,Male,52,Delhi,Delhi,India,Consumer,2025-08-29
CUST-06673,Pooja Nair,Female,45,Ahmedabad,Gujarat,India,Consumer,2023-08-15
CUST-06674,Tanvi Mishra,Female,24,Mumbai,Maharashtra,India,Consumer,2022-04-30
CUST-06675,Kriti Jain,Female,31,Mumbai,Maharashtra,India,Consumer,2022-12-05
CUST-06676,Aryan Jain,Male,47,Srinagar,Jammu and Kashmir,India,Consumer,2024-12-14
CUST-06677,Aarav Agarwal,Male,30,Bengaluru,Karnataka,India,Consumer,2024-09-30
CUST-06678,Vaishnavi Mehta,Female,30,Hyderabad,Telangana,India,Consumer,2025-11-23
CUST-06679,Isha Bhat,Female,45,Jaipur,Rajasthan,India,Consumer,2024-01-01
CUST-06680,Anjali Verma,Female,38,Lucknow,Uttar Pradesh,India,Consumer,2024-01-24
CUST-06681,Neha Roy,Female,52,Kolkata,West Bengal,India,Consumer,2023-09-05
CUST-06682,Anushka Gupta,Female,52,Raipur,Chhattisgarh,India,Consumer,2025-04-23
CUST-06683,Pooja Verma,Female,38,Goa,Goa,India,Corporate,2023-02-20
CUST-06684,Rahul Bhat,Male,46,Jaipur,Rajasthan,India,Corporate,2023-10-30
CUST-06685,Aryan Mehta,Male,53,Goa,Goa,India,Small Business,2025-11-01
CUST-06686,Pranav Reddy,Male,41,Coimbatore,Tamil Nadu,India,Consumer,2022-12-04
CUST-06687,Tanay Sharma,Other,50,Delhi,Delhi,India,Consumer,2022-09-16
CUST-06688,Vivek Sharma,Male,34,Kolkata,West Bengal,India,Consumer,2025-05-16
CUST-06689,Ankit Mishra,Male,63,Bengaluru,Karnataka,India,Small Business,2023-12-12
CUST-06690,Kunal Singh,Male,31,Bengaluru,Karnataka,India,Consumer,2022-04-13
CUST-06691,Manish Shah,Male,54,Chennai,Tamil Nadu,India,Consumer,2024-09-23
CUST-06692,Manish Gupta,Male,49,Mumbai,Maharashtra,India,Consumer,2022-03-17
CUST-06693,Vikas Shah,Male,49,Bengaluru,Karnataka,India,Small Business,2023-02-11
CUST-06694,Mohit Gupta,Male,47,Delhi,Delhi,India,Corporate,2025-08-10
CUST-06695,Tanay Mishra,Other,57,Chennai,Tamil Nadu,India,Consumer,2024-06-04
CUST-06696,Aditi Verma,Female,33,Surat,Gujarat,India,Consumer,2022-01-15
CUST-06697,Vaishnavi Iyer,Female,34,Kochi,Kerala,India,Consumer,2022-05-23
CUST-06698,Anjali Iyer,Female,30,Bengaluru,Karnataka,India,Consumer,2024-03-18
CUST-06699,Vaishnavi Pandey,Female,23,Kochi,Kerala,India,Corporate,2022-11-03
CUST-06700,Aditya Agarwal,Male,23,Guwahati,Assam,India,Consumer,2022-10-15
CUST-06701,Nisha Pandey,Female,40,Coimbatore,Tamil Nadu,India,Consumer,2022-03-10
CUST-06702,Aashi Reddy,Other,32,Delhi,Delhi,India,Consumer,2023-02-14
CUST-06703,Rahul Chatterjee,Male,51,Patna,Bihar,India,Consumer,2024-06-10
CUST-06704,Ankit Jain,Male,31,Visakhapatnam,Andhra Pradesh,India,Consumer,2023-04-01
CUST-06705,Priya Nair,Female,35,Bengaluru,Karnataka,India,Consumer,2025-04-29
CUST-06706,Siddharth यादव,Male,39,Hyderabad,Telangana,India,Corporate,2024-04-02
CUST-06707,Dev Mishra,Male,31,Mumbai,Maharashtra,India,Consumer,2023-08-10
CUST-06708,Aditi Mehta,Female,53,Delhi,Delhi,India,Small Business,2025-08-25
CUST-06709,Kriti Mehta,Female,30,Ahmedabad,Gujarat,India,Consumer,2022-09-02
CUST-06710,Siddharth Chatterjee,Male,35,Mumbai,Maharashtra,India,Consumer,2022-06-05
CUST-06711,Tanvi Pandey,Female,44,Hyderabad,Telangana,India,Consumer,2025-07-18
CUST-06712,Neha Srinivasan,Female,36,Siliguri,West Bengal,India,Consumer,2022-07-27
CUST-06713,Sneha Nair,Female,30,Jaipur,Rajasthan,India,Consumer,2024-10-11
CUST-06714,Meera Roy,Female,50,Surat,Gujarat,India,Corporate,2023-10-29
CUST-06715,Kunal Shah,Male,28,Patna,Bihar,India,Consumer,2025-08-04
CUST-06716,Kavya Sharma,Female,23,Pune,Maharashtra,India,Consumer,2023-09-25
CUST-06717,Meera Singh,Female,28,Gurugram,Haryana,India,Consumer,2023-05-02
CUST-06718,Aarav Agarwal,Male,36,Jaipur,Rajasthan,India,Consumer,2022-07-16
CUST-06719,Aman यादव,Male,37,Gurugram,Haryana,India,Consumer,2025-04-26
CUST-06720,Isha Mehta,Female,40,Chandigarh,Chandigarh,India,Consumer,2023-06-09
CUST-06721,Anushka Shah,Female,30,Bengaluru,Karnataka,India,Small Business,2025-07-12
CUST-06722,Manish Mehta,Male,33,Patna,Bihar,India,Consumer,2023-06-01
CUST-06723,Deepak Patel,Male,21,Mumbai,Maharashtra,India,Consumer,2023-10-05
CUST-06724,Ankit Jain,Male,35,Jaipur,Rajasthan,India,Consumer,2024-05-03
CUST-06725,Ananya Nair,Female,26,Pune,Maharashtra,India,Consumer,2022-04-04
CUST-06726,Suman Roy,Other,30,Ranchi,Jharkhand,India,Consumer,2022-11-14
CUST-06727,Nisha Sharma,Female,50,Patna,Bihar,India,Consumer,2022-02-26
CUST-06728,Isha Banerjee,Female,29,Chandigarh,Chandigarh,India,Consumer,2022-09-16
CUST-06729,Deepika Mukherjee,Female,28,Coimbatore,Tamil Nadu,India,Small Business,2022-11-18
CUST-06730,Isha Verma,Female,22,Delhi,Delhi,India,Consumer,2024-01-26
CUST-06731,Aanya Gupta,Female,38,Delhi,Delhi,India,Consumer,2024-10-23
CUST-06732,Priya Srinivasan,Female,21,Chennai,Tamil Nadu,India,Consumer,2023-12-23
CUST-06733,Pranav Nair,Male,54,Pune,Maharashtra,India,Small Business,2022-12-26
CUST-06734,Aditya Reddy,Male,39,Pune,Maharashtra,India,Consumer,2024-04-16
CUST-06735,Rohan Verma,Male,40,Chennai,Tamil Nadu,India,Consumer,2025-08-13
CUST-06736,Karan Iyer,Male,54,Mumbai,Maharashtra,India,Consumer,2023-08-01
CUST-06737,Saanvi Verma,Female,29,Kolkata,West Bengal,India,Consumer,2025-11-04
CUST-06738,Ananya Mehta,Female,36,Hyderabad,Telangana,India,Consumer,2022-07-27
CUST-06739,Harsh Nair,Male,47,Ahmedabad,Gujarat,India,Consumer,2025-11-02
CUST-06740,Vikas Kapoor,Male,24,Chandigarh,Chandigarh,India,Consumer,2025-08-09
CUST-06741,Isha Chatterjee,Female,33,Mumbai,Maharashtra,India,Corporate,2023-04-22
CUST-06742,Rohan Das,Male,52,Ahmedabad,Gujarat,India,Consumer,2023-02-25
CUST-06743,Saanvi Chatterjee,Female,39,Kolkata,West Bengal,India,Consumer,2025-09-28
CUST-06744,Divya Mukherjee,Female,29,Chennai,Tamil Nadu,India,Consumer,2024-11-13
CUST-06745,Harsh Mukherjee,Male,52,Lucknow,Uttar Pradesh,India,Corporate,2024-01-02
CUST-06746,Mohit Gupta,Male,41,Coimbatore,Tamil Nadu,India,Consumer,2022-06-18
CUST-06747,Priya Sharma,Female,41,Bengaluru,Karnataka,India,Consumer,2022-04-21
CUST-06748,Rohan Iyer,Male,40,Mumbai,Maharashtra,India,Small Business,2023-04-02
CUST-06749,Rohan Chatterjee,Male,27,Pune,Maharashtra,India,Consumer,2022-10-17
CUST-06750,Ananya Kapoor,Female,31,Chennai,Tamil Nadu,India,Corporate,2022-03-05
CUST-06751,Arjun Kapoor,Male,30,Surat,Gujarat,India,Consumer,2023-06-21
CUST-06752,Manish Mishra,Male,31,Mumbai,Maharashtra,India,Corporate,2023-02-02
CUST-06753,Sneha Patel,Female,45,Mumbai,Maharashtra,India,Consumer,2024-04-15
CUST-06754,Mohit Sharma,Male,21,Pune,Maharashtra,India,Small Business,2023-10-21
CUST-06755,Harsh Sharma,Male,26,Surat,Gujarat,India,Consumer,2025-09-06
CUST-06756,Deepika Bhat,Female,32,Indore,Madhya Pradesh,India,Consumer,2022-01-18
CUST-06757,Mohit Mukherjee,Male,34,Delhi,Delhi,India,Small Business,2022-06-20
CUST-06758,Sneha Pandey,Female,33,Chennai,Tamil Nadu,India,Consumer,2022-10-28
CUST-06759,Anjali यादव,Female,32,Bhubaneswar,Odisha,India,Small Business,2024-02-27
CUST-06760,Karan Iyer,Male,27,Coimbatore,Tamil Nadu,India,Consumer,2024-08-18
CUST-06761,Ahan यादव,Other,32,Mumbai,Maharashtra,India,Small Business,2024-02-15
CUST-06762,Pooja Srinivasan,Female,25,Ahmedabad,Gujarat,India,Corporate,2025-08-18
CUST-06763,Karan Pandey,Male,36,Bhubaneswar,Odisha,India,Consumer,2025-03-22
CUST-06764,Aanya यादव,Female,30,Indore,Madhya Pradesh,India,Small Business,2023-03-24
CUST-06765,Vikas Pandey,Male,41,Kochi,Kerala,India,Consumer,2023-12-19
CUST-06766,Kiran Singh,Other,41,Bengaluru,Karnataka,India,Small Business,2024-05-07
CUST-06767,Aditya Srinivasan,Male,39,Chennai,Tamil Nadu,India,Corporate,2025-02-13
CUST-06768,Vikas Roy,Male,29,Chandigarh,Chandigarh,India,Consumer,2023-02-06
CUST-06769,Aryan Verma,Male,34,Mumbai,Maharashtra,India,Consumer,2023-09-15
CUST-06770,Aman Nair,Male,43,Mumbai,Maharashtra,India,Consumer,2025-11-21
CUST-06771,Noor Khanna,Other,51,Bhubaneswar,Odisha,India,Consumer,2023-05-20
CUST-06772,Meera Mishra,Female,44,Kolkata,West Bengal,India,Consumer,2025-02-19
CUST-06773,Siddharth Srinivasan,Male,48,Mumbai,Maharashtra,India,Consumer,2023-06-06
CUST-06774,Aditya Mehta,Male,26,Mumbai,Maharashtra,India,Consumer,2023-05-16
CUST-06775,Aman Kapoor,Male,33,Pune,Maharashtra,India,Corporate,2024-04-16
CUST-06776,Saanvi Bhat,Female,35,Kolkata,West Bengal,India,Consumer,2024-06-25
CUST-06777,Aryan Singh,Male,34,Bengaluru,Karnataka,India,Consumer,2022-05-20
CUST-06778,Isha Singh,Female,43,Ahmedabad,Gujarat,India,Consumer,2023-08-12
CUST-06779,Pooja Iyer,Female,31,Ahmedabad,Gujarat,India,Corporate,2022-12-17
CUST-06780,Yash Patel,Male,35,Delhi,Delhi,India,Consumer,2024-12-19
CUST-06781,Harsh Kapoor,Male,41,Goa,Goa,India,Corporate,2024-10-11
CUST-06782,Yash Srinivasan,Male,54,Surat,Gujarat,India,Consumer,2023-11-07
CUST-06783,Akash Shah,Male,34,Gurugram,Haryana,India,Consumer,2024-04-11
CUST-06784,Nisha Kulkarni,Female,41,Raipur,Chhattisgarh,India,Consumer,2023-07-22
CUST-06785,Tanvi Sharma,Female,26,Bengaluru,Karnataka,India,Consumer,2024-01-29
CUST-06786,Harsh Pandey,Male,37,Delhi,Delhi,India,Consumer,2025-09-21
CUST-06787,Siddharth Shah,Male,34,Chennai,Tamil Nadu,India,Small Business,2023-11-26
CUST-06788,Suman Shah,Other,57,Mumbai,Maharashtra,India,Consumer,2023-02-07
CUST-06789,Siddharth Banerjee,Male,46,Jaipur,Rajasthan,India,Small Business,2022-11-16
CUST-06790,Vikas Khanna,Male,36,Kochi,Kerala,India,Corporate,2024-02-29
CUST-06791,Neha Agarwal,Female,45,Bhubaneswar,Odisha,India,Consumer,2025-08-06
CUST-06792,Mohit Kulkarni,Male,47,Pune,Maharashtra,India,Corporate,2022-11-06
CUST-06793,Tanvi Verma,Female,31,Mumbai,Maharashtra,India,Consumer,2023-11-03
CUST-06794,Shreya Shah,Female,50,Ahmedabad,Gujarat,India,Consumer,2025-08-21
CUST-06795,Ananya Singh,Female,46,Kolkata,West Bengal,India,Consumer,2023-01-14
CUST-06796,Deepika Verma,Female,53,Hyderabad,Telangana,India,Small Business,2024-07-07
CUST-06797,Aanya यादव,Female,36,Mumbai,Maharashtra,India,Consumer,2024-01-24
CUST-06798,Riya Bhat,Female,39,Mumbai,Maharashtra,India,Small Business,2023-11-12
CUST-06799,Shreya Bhat,Female,47,Hyderabad,Telangana,India,Consumer,2023-04-03
CUST-06800,Karan Chatterjee,Male,36,Hyderabad,Telangana,India,Corporate,2025-03-16
CUST-06801,Siddharth Mehta,Male,35,Bengaluru,Karnataka,India,Corporate,2023-09-01
CUST-06802,Priya Jain,Female,38,Ahmedabad,Gujarat,India,Consumer,2023-11-22
CUST-06803,Pooja Srinivasan,Female,33,Chandigarh,Chandigarh,India,Small Business,2025-10-30
CUST-06804,Isha Kapoor,Female,31,Kolkata,West Bengal,India,Consumer,2022-01-06
CUST-06805,Anushka Agarwal,Female,35,Delhi,Delhi,India,Consumer,2024-05-02
CUST-06806,Noor Khanna,Other,51,Chennai,Tamil Nadu,India,Consumer,2023-04-21
CUST-06807,Pranav Bhat,Male,37,Chennai,Tamil Nadu,India,Consumer,2023-04-18
CUST-06808,Nikhil Jain,Male,27,Delhi,Delhi,India,Consumer,2024-10-29
CUST-06809,Akash Reddy,Male,20,Kolkata,West Bengal,India,Consumer,2023-03-24
CUST-06810,Ankit Jain,Male,41,Patna,Bihar,India,Consumer,2023-12-05
CUST-06811,Pooja Das,Female,43,Bengaluru,Karnataka,India,Consumer,2023-04-28
CUST-06812,Aditi Mehta,Female,32,Hyderabad,Telangana,India,Small Business,2025-04-20
CUST-06813,Dev Khanna,Male,43,Mumbai,Maharashtra,India,Consumer,2024-09-28
CUST-06814,Nisha Chatterjee,Female,35,Surat,Gujarat,India,Consumer,2025-10-19
CUST-06815,Rahul यादव,Male,56,Delhi,Delhi,India,Consumer,2022-05-25
CUST-06816,Arjun Nair,Male,32,Hyderabad,Telangana,India,Corporate,2025-10-01
CUST-06817,Deepika Mishra,Female,24,Raipur,Chhattisgarh,India,Consumer,2023-07-10
CUST-06818,Nisha Pandey,Female,54,Bengaluru,Karnataka,India,Small Business,2024-11-24
CUST-06819,Riya यादव,Female,32,Bengaluru,Karnataka,India,Consumer,2022-10-07
CUST-06820,Anjali Shah,Female,33,Bengaluru,Karnataka,India,Consumer,2025-03-01
CUST-06821,Mohit Pandey,Male,43,Gurugram,Haryana,India,Consumer,2022-03-08
CUST-06822,Nikhil Das,Male,48,Mumbai,Maharashtra,India,Consumer,2024-10-21
CUST-06823,Aanya Gupta,Female,38,Bhubaneswar,Odisha,India,Consumer,2022-01-06
CUST-06824,Vivek Reddy,Male,25,Jaipur,Rajasthan,India,Consumer,2025-01-10
CUST-06825,Aarav Khanna,Male,62,Mumbai,Maharashtra,India,Consumer,2023-06-03
CUST-06826,Kunal Kulkarni,Male,50,Raipur,Chhattisgarh,India,Consumer,2022-01-05
CUST-06827,Neha Mukherjee,Female,38,Delhi,Delhi,India,Corporate,2022-06-09
CUST-06828,Saanvi Shah,Female,61,Hyderabad,Telangana,India,Consumer,2024-07-09
CUST-06829,Karan Nair,Male,38,Pune,Maharashtra,India,Consumer,2022-06-10
CUST-06830,Sandeep Kapoor,Male,30,Jaipur,Rajasthan,India,Consumer,2022-10-04
CUST-06831,Priya Banerjee,Female,42,Gurugram,Haryana,India,Consumer,2025-10-27
CUST-06832,Ananya Agarwal,Female,36,Mumbai,Maharashtra,India,Corporate,2025-05-23
CUST-06833,Dev Shah,Male,28,Chandigarh,Chandigarh,India,Consumer,2023-03-07
CUST-06834,Aarav Mukherjee,Male,45,Patna,Bihar,India,Small Business,2025-07-25
CUST-06835,Vikas Banerjee,Male,50,Guwahati,Assam,India,Corporate,2023-06-03
CUST-06836,Aditya Iyer,Male,45,Hyderabad,Telangana,India,Consumer,2025-07-11
CUST-06837,Deepika Agarwal,Female,42,Pune,Maharashtra,India,Small Business,2022-08-11
CUST-06838,Isha Srinivasan,Female,19,Bengaluru,Karnataka,India,Small Business,2025-08-29
CUST-06839,Ananya Verma,Female,34,Mumbai,Maharashtra,India,Consumer,2022-07-20
CUST-06840,Vikas Patel,Male,48,Bhubaneswar,Odisha,India,Consumer,2023-06-30
CUST-06841,Manish Iyer,Male,48,Visakhapatnam,Andhra Pradesh,India,Consumer,2023-05-02
CUST-06842,Rahul Das,Male,42,Chennai,Tamil Nadu,India,Consumer,2024-11-08
CUST-06843,Karan Sharma,Male,56,Patna,Bihar,India,Consumer,2025-01-03
CUST-06844,Nikhil यादव,Male,50,Ahmedabad,Gujarat,India,Small Business,2025-04-29
CUST-06845,Priya Patel,Female,50,Delhi,Delhi,India,Consumer,2024-03-30
CUST-06846,Kunal Mukherjee,Male,34,Ahmedabad,Gujarat,India,Consumer,2022-07-15
CUST-06847,Manish Das,Male,55,Delhi,Delhi,India,Consumer,2024-11-24
CUST-06848,Pranav Shah,Male,33,Bengaluru,Karnataka,India,Consumer,2025-07-25
CUST-06849,Yash Singh,Male,29,Lucknow,Uttar Pradesh,India,Consumer,2025-09-06
CUST-06850,Pooja Chatterjee,Female,32,Delhi,Delhi,India,Consumer,2023-06-05
CUST-06851,Aditya Sharma,Male,40,Jaipur,Rajasthan,India,Consumer,2025-06-24
CUST-06852,Manish Banerjee,Male,28,Pune,Maharashtra,India,Corporate,2024-01-13
CUST-06853,Ankit यादव,Male,31,Delhi,Delhi,India,Consumer,2022-02-08
CUST-06854,Rohan Verma,Male,36,Pune,Maharashtra,India,Consumer,2025-08-08
CUST-06855,Riya Gupta,Female,23,Surat,Gujarat,India,Consumer,2023-12-27
CUST-06856,Ankit Mehta,Male,41,Mumbai,Maharashtra,India,Corporate,2024-10-31
CUST-06857,Tanvi Reddy,Female,34,Hyderabad,Telangana,India,Consumer,2025-03-12
CUST-06858,Divya Chatterjee,Female,59,Delhi,Delhi,India,Consumer,2025-10-18
CUST-06859,Rohan Chatterjee,Male,55,Hyderabad,Telangana,India,Consumer,2023-04-04
CUST-06860,Aditya Agarwal,Male,19,Pune,Maharashtra,India,Consumer,2024-01-09
CUST-06861,Harsh Patel,Male,50,Jaipur,Rajasthan,India,Consumer,2023-03-28
CUST-06862,Devansh Agarwal,Other,52,Patna,Bihar,India,Consumer,2025-01-28
CUST-06863,Anjali Das,Female,39,Chennai,Tamil Nadu,India,Consumer,2022-06-20
CUST-06864,Aarav Nair,Male,30,Chandigarh,Chandigarh,India,Consumer,2022-11-05
CUST-06865,Aditya Jain,Male,31,Surat,Gujarat,India,Consumer,2024-05-17
CUST-06866,Kunal Jain,Male,36,Bengaluru,Karnataka,India,Corporate,2024-03-08
CUST-06867,Priya Kulkarni,Female,24,Kolkata,West Bengal,India,Consumer,2023-03-29
CUST-06868,Meera Srinivasan,Female,35,Kolkata,West Bengal,India,Small Business,2023-02-11
CUST-06869,Ankit Reddy,Male,52,Surat,Gujarat,India,Consumer,2024-06-03
CUST-06870,Aryan Sharma,Male,28,Lucknow,Uttar Pradesh,India,Small Business,2025-10-28
CUST-06871,Rohan Singh,Male,33,Bengaluru,Karnataka,India,Consumer,2024-11-10
CUST-06872,Dev Das,Male,43,Ahmedabad,Gujarat,India,Consumer,2022-05-26
CUST-06873,Pooja Kulkarni,Female,22,Bengaluru,Karnataka,India,Consumer,2023-04-19
CUST-06874,Meera Kulkarni,Female,42,Coimbatore,Tamil Nadu,India,Corporate,2022-03-26
CUST-06875,Deepika Agarwal,Female,44,Patna,Bihar,India,Consumer,2024-06-04
CUST-06876,Aditya Chatterjee,Male,48,Ranchi,Jharkhand,India,Consumer,2024-07-03
CUST-06877,Tanvi यादव,Female,31,Surat,Gujarat,India,Consumer,2024-05-20
CUST-06878,Saanvi Pandey,Female,25,Kochi,Kerala,India,Small Business,2024-08-01
CUST-06879,Rahul Kapoor,Male,32,Delhi,Delhi,India,Consumer,2024-06-11
CUST-06880,Vivek Iyer,Male,32,Jaipur,Rajasthan,India,Consumer,2024-01-05
CUST-06881,Pooja Jain,Female,43,Kolkata,West Bengal,India,Consumer,2023-05-18
CUST-06882,Akash Mishra,Male,27,Hyderabad,Telangana,India,Consumer,2023-10-09
CUST-06883,Neha Patel,Female,36,Hyderabad,Telangana,India,Consumer,2025-01-20
CUST-06884,Manish Shah,Male,24,Mumbai,Maharashtra,India,Corporate,2024-09-27
CUST-06885,Yash Singh,Male,51,Gurugram,Haryana,India,Consumer,2024-02-09
CUST-06886,Vikas Nair,Male,39,Mumbai,Maharashtra,India,Corporate,2025-03-25
CUST-06887,Vikas Singh,Male,32,Kolkata,West Bengal,India,Corporate,2025-01-28
CUST-06888,Shreya Shah,Female,35,Visakhapatnam,Andhra Pradesh,India,Consumer,2024-02-09
CUST-06889,Deepika Jain,Female,22,Raipur,Chhattisgarh,India,Consumer,2023-10-01
CUST-06890,Akash Srinivasan,Male,43,Delhi,Delhi,India,Consumer,2022-11-07
CUST-06891,Aanya Mehta,Female,53,Srinagar,Jammu and Kashmir,India,Consumer,2022-12-24
CUST-06892,Nikhil Kulkarni,Male,44,Kochi,Kerala,India,Small Business,2024-09-16
CUST-06893,Kriti Agarwal,Female,25,Surat,Gujarat,India,Consumer,2025-11-11
CUST-06894,Vivek Iyer,Male,23,Bengaluru,Karnataka,India,Consumer,2022-11-12
CUST-06895,Pranav Reddy,Male,29,Delhi,Delhi,India,Consumer,2023-12-29
CUST-06896,Anjali Das,Female,40,Chennai,Tamil Nadu,India,Consumer,2024-04-21
CUST-06897,Aditya Khanna,Male,45,Bhubaneswar,Odisha,India,Consumer,2024-11-14
CUST-06898,Deepak Jain,Male,42,Ahmedabad,Gujarat,India,Consumer,2023-08-02
CUST-06899,Aanya Reddy,Female,58,Pune,Maharashtra,India,Small Business,2023-06-02
CUST-06900,Yash Jain,Male,30,Kolkata,West Bengal,India,Consumer,2024-08-02
CUST-06901,Pranav Iyer,Male,34,Indore,Madhya Pradesh,India,Corporate,2024-06-11
CUST-06902,Aryan Das,Male,46,Surat,Gujarat,India,Small Business,2024-07-20
CUST-06903,Akash Agarwal,Male,32,Kolkata,West Bengal,India,Consumer,2025-10-08
CUST-06904,Nisha Mishra,Female,30,Kolkata,West Bengal,India,Consumer,2022-07-20
CUST-06905,Saanvi Sharma,Female,33,Ahmedabad,Gujarat,India,Consumer,2023-09-30
CUST-06906,Kriti Iyer,Female,38,Kolkata,West Bengal,India,Small Business,2022-02-04
CUST-06907,Neha Jain,Female,27,Gurugram,Haryana,India,Consumer,2024-04-28
CUST-06908,Vivek Pandey,Male,29,Lucknow,Uttar Pradesh,India,Consumer,2024-11-26
CUST-06909,Deepak Verma,Male,39,Mumbai,Maharashtra,India,Corporate,2023-12-18
CUST-06910,Saanvi Jain,Female,50,Kolkata,West Bengal,India,Consumer,2022-06-07
CUST-06911,Pranav Pandey,Male,30,Coimbatore,Tamil Nadu,India,Consumer,2023-06-03
CUST-06912,Siddharth Mehta,Male,43,Hyderabad,Telangana,India,Consumer,2022-11-28
CUST-06913,Aanya यादव,Female,51,Delhi,Delhi,India,Consumer,2024-05-06
CUST-06914,Anushka Roy,Female,31,Patna,Bihar,India,Consumer,2023-03-24
CUST-06915,Kiran Jain,Other,33,Hyderabad,Telangana,India,Consumer,2024-01-07
CUST-06916,Pranav Mehta,Male,24,Jaipur,Rajasthan,India,Small Business,2025-11-17
CUST-06917,Rahul Mehta,Male,33,Bengaluru,Karnataka,India,Consumer,2022-07-12
CUST-06918,Anjali Banerjee,Female,22,Ahmedabad,Gujarat,India,Consumer,2025-12-24
CUST-06919,Vikas Gupta,Male,48,Gurugram,Haryana,India,Small Business,2022-06-05
CUST-06920,Kriti Roy,Female,52,Delhi,Delhi,India,Small Business,2025-05-28
CUST-06921,Nisha Sharma,Female,26,Kolkata,West Bengal,India,Consumer,2023-08-26
CUST-06922,Kunal Bhat,Male,38,Kolkata,West Bengal,India,Consumer,2022-10-12
CUST-06923,Divya Agarwal,Female,35,Mumbai,Maharashtra,India,Consumer,2022-06-04
CUST-06924,Ananya Patel,Female,23,Coimbatore,Tamil Nadu,India,Consumer,2023-03-31
CUST-06925,Saanvi Nair,Female,39,Pune,Maharashtra,India,Consumer,2025-03-09
CUST-06926,Shreya Singh,Female,53,Pune,Maharashtra,India,Consumer,2025-05-10
CUST-06927,Aditya Gupta,Male,36,Delhi,Delhi,India,Consumer,2022-01-29
CUST-06928,Isha Shah,Female,34,Delhi,Delhi,India,Consumer,2022-01-24
CUST-06929,Arjun Pandey,Male,21,Hyderabad,Telangana,India,Consumer,2024-06-18
CUST-06930,Kriti Kapoor,Female,34,Kolkata,West Bengal,India,Consumer,2023-08-16
CUST-06931,Riya Jain,Female,41,Hyderabad,Telangana,India,Consumer,2022-08-20
CUST-06932,Divya Kulkarni,Female,29,Delhi,Delhi,India,Consumer,2024-07-19
CUST-06933,Harsh Bhat,Male,33,Kolkata,West Bengal,India,Consumer,2024-08-11
CUST-06934,Rahul Das,Male,24,Delhi,Delhi,India,Consumer,2023-09-20
CUST-06935,Riya Chatterjee,Female,42,Ahmedabad,Gujarat,India,Corporate,2022-04-06
CUST-06936,Pranav Shah,Male,44,Bhubaneswar,Odisha,India,Consumer,2022-02-04
CUST-06937,Riya Mishra,Female,25,Lucknow,Uttar Pradesh,India,Consumer,2022-12-14
CUST-06938,Neha Pandey,Female,42,Kochi,Kerala,India,Consumer,2023-01-29
CUST-06939,Ananya Nair,Female,22,Mumbai,Maharashtra,India,Consumer,2024-09-21
CUST-06940,Yash Reddy,Male,42,Bhubaneswar,Odisha,India,Consumer,2025-07-21
CUST-06941,Aarav Gupta,Male,41,Hyderabad,Telangana,India,Small Business,2025-04-25
CUST-06942,Arjun Singh,Male,35,Jaipur,Rajasthan,India,Small Business,2022-06-04
CUST-06943,Aryan Mukherjee,Male,50,Delhi,Delhi,India,Small Business,2025-08-24
CUST-06944,Riya Jain,Female,52,Lucknow,Uttar Pradesh,India,Consumer,2023-06-26
CUST-06945,Harsh Jain,Male,23,Pune,Maharashtra,India,Consumer,2022-05-14
CUST-06946,Deepak Gupta,Male,31,Goa,Goa,India,Consumer,2022-08-04
CUST-06947,Neha Kulkarni,Female,27,Delhi,Delhi,India,Consumer,2025-11-28
CUST-06948,Akash Shah,Male,44,Bengaluru,Karnataka,India,Consumer,2024-05-27
CUST-06949,Rahul Das,Male,41,Bengaluru,Karnataka,India,Consumer,2025-12-15
CUST-06950,Ankit Banerjee,Male,30,Mumbai,Maharashtra,India,Consumer,2023-08-30
CUST-06951,Vivek Iyer,Male,36,Mumbai,Maharashtra,India,Consumer,2024-06-13
CUST-06952,Aanya Jain,Female,48,Hyderabad,Telangana,India,Consumer,2023-11-29
CUST-06953,Akash Agarwal,Male,33,Bhubaneswar,Odisha,India,Consumer,2024-11-02
CUST-06954,Anjali Khanna,Female,41,Delhi,Delhi,India,Corporate,2023-02-27
CUST-06955,Aarya Agarwal,Other,33,Hyderabad,Telangana,India,Corporate,2025-12-14
CUST-06956,Tanvi Khanna,Female,43,Mumbai,Maharashtra,India,Consumer,2022-03-29
CUST-06957,Kavya Kulkarni,Female,31,Mumbai,Maharashtra,India,Consumer,2022-09-21
CUST-06958,Rahul Kulkarni,Male,43,Mumbai,Maharashtra,India,Consumer,2025-10-18
CUST-06959,Akash Patel,Male,34,Ahmedabad,Gujarat,India,Corporate,2023-01-20
CUST-06960,Arjun Bhat,Male,41,Siliguri,West Bengal,India,Consumer,2022-09-16
CUST-06961,Aditya Patel,Male,48,Pune,Maharashtra,India,Corporate,2024-10-17
CUST-06962,Manish Agarwal,Male,31,Bengaluru,Karnataka,India,Consumer,2025-12-11
CUST-06963,Kriti Bhat,Female,49,Pune,Maharashtra,India,Corporate,2023-01-26
CUST-06964,Vivek Verma,Male,45,Ahmedabad,Gujarat,India,Small Business,2022-06-21
CUST-06965,Aditi Reddy,Female,39,Gurugram,Haryana,India,Consumer,2022-03-01
CUST-06966,Tanvi Mishra,Female,43,Kolkata,West Bengal,India,Consumer,2023-07-20
CUST-06967,Deepika Gupta,Female,33,Delhi,Delhi,India,Consumer,2022-09-30
CUST-06968,Sneha Pandey,Female,46,Kochi,Kerala,India,Consumer,2025-09-11
CUST-06969,Deepika Kulkarni,Female,33,Gurugram,Haryana,India,Consumer,2023-10-05
CUST-06970,Yash Khanna,Male,29,Hyderabad,Telangana,India,Corporate,2025-07-05
CUST-06971,Neha Patel,Female,29,Bengaluru,Karnataka,India,Consumer,2022-04-10
CUST-06972,Aanya Iyer,Female,41,Chennai,Tamil Nadu,India,Consumer,2024-10-23
CUST-06973,Divya Verma,Female,56,Kolkata,West Bengal,India,Corporate,2022-07-20
CUST-06974,Neha Verma,Female,32,Patna,Bihar,India,Corporate,2022-03-05
CUST-06975,Nisha Verma,Female,41,Delhi,Delhi,India,Corporate,2022-06-01
CUST-06976,Dev Reddy,Male,55,Lucknow,Uttar Pradesh,India,Small Business,2025-05-07
CUST-06977,Yash Mishra,Male,52,Surat,Gujarat,India,Consumer,2022-04-14
CUST-06978,Divya Srinivasan,Female,33,Goa,Goa,India,Small Business,2024-05-23
CUST-06979,Pooja Pandey,Female,61,Hyderabad,Telangana,India,Consumer,2022-10-31
CUST-06980,Dev Verma,Male,28,Mumbai,Maharashtra,India,Consumer,2022-10-22
CUST-06981,Akash यादव,Male,32,Hyderabad,Telangana,India,Consumer,2025-06-22
CUST-06982,Sandeep Chatterjee,Male,19,Jaipur,Rajasthan,India,Consumer,2022-01-30
CUST-06983,Saanvi Srinivasan,Female,58,Mumbai,Maharashtra,India,Consumer,2022-12-23
CUST-06984,Kunal Srinivasan,Male,50,Chennai,Tamil Nadu,India,Consumer,2022-09-17
CUST-06985,Sandeep Mehta,Male,41,Hyderabad,Telangana,India,Consumer,2022-06-09
CUST-06986,Ankit Gupta,Male,24,Chennai,Tamil Nadu,India,Consumer,2024-03-27
CUST-06987,Kunal Patel,Male,54,Kolkata,West Bengal,India,Consumer,2025-08-14
CUST-06988,Nisha Das,Female,53,Pune,Maharashtra,India,Consumer,2023-04-10
CUST-06989,Akash Nair,Male,31,Indore,Madhya Pradesh,India,Consumer,2022-12-02
CUST-06990,Akash Bhat,Male,24,Chennai,Tamil Nadu,India,Consumer,2022-07-03
CUST-06991,Ananya Roy,Female,51,Chandigarh,Chandigarh,India,Consumer,2024-11-27
CUST-06992,Neha Patel,Female,39,Visakhapatnam,Andhra Pradesh,India,Corporate,2022-01-11
CUST-06993,Aanya Khanna,Female,28,Pune,Maharashtra,India,Corporate,2023-11-03
CUST-06994,Sneha Kapoor,Female,31,Mumbai,Maharashtra,India,Corporate,2025-02-01
CUST-06995,Deepika Roy,Female,32,Indore,Madhya Pradesh,India,Consumer,2025-08-30
CUST-06996,Aryan Singh,Male,39,Delhi,Delhi,India,Consumer,2024-05-29
CUST-06997,Tanvi Kulkarni,Female,24,Mumbai,Maharashtra,India,Consumer,2022-08-23
CUST-06998,Siddharth Shah,Male,37,Delhi,Delhi,India,Small Business,2024-09-10
CUST-06999,Meera Khanna,Female,35,Indore,Madhya Pradesh,India,Consumer,2022-12-29
CUST-07000,Ananya Sharma,Female,30,Gurugram,Haryana,India,Consumer,2024-09-03
