Customer_ID,Recency,Frequency,Monetary,R_Score,F_Score,M_Score,RFM_Score,Segment
CUST-00001,4,42,874178.0499999999,5,5,5,555,Champions
CUST-00002,36,41,782638.5,4,5,5,455,Champions
CUST-00003,11,38,642765.75,5,5,5,555,Champions
CUST-00004,6,45,1246016.8,5,5,5,555,Champions
CUST-00005,38,47,1144872.2,4,5,5,455,Champions
CUST-00006,5,50,1012665.35,5,5,5,555,Champions
CUST-00007,34,37,1041260.45,4,5,5,455,Champions
CUST-00008,18,37,772527.35,5,5,5,555,Champions
CUST-00009,37,42,785457.7,4,5,5,455,Champions
CUST-00010,3,36,919623.8,5,5,5,555,Champions
CUST-00011,2,39,835069.05,5,5,5,555,Champions
CUST-00012,20,41,1444662.9,5,5,5,555,Champions
CUST-00013,24,45,934406.65,5,5,5,555,Champions
CUST-00014,25,37,698783.95,5,5,5,555,Champions
CUST-00015,2,42,1211819.95,5,5,5,555,Champions
CUST-00016,33,37,795667.7,4,5,5,455,Champions
CUST-00017,3,46,1072830.55,5,5,5,555,Champions
CUST-00018,17,42,1118074.15,5,5,5,555,Champions
CUST-00019,5,31,1168212.9,5,5,5,555,Champions
CUST-00020,15,46,777634.1,5,5,5,555,Champions
CUST-00021,15,39,668369.55,5,5,5,555,Champions
CUST-00022,35,38,551890.45,4,5,5,455,Champions
CUST-00023,17,43,1177595.85,5,5,5,555,Champions
CUST-00024,21,41,1026709.9,5,5,5,555,Champions
CUST-00025,22,38,803830.15,5,5,5,555,Champions
CUST-00026,33,40,753962.4,4,5,5,455,Champions
CUST-00027,6,42,1054600.65,5,5,5,555,Champions
CUST-00028,23,50,1302527.8,5,5,5,555,Champions
CUST-00029,5,42,1033607.95,5,5,5,555,Champions
CUST-00030,5,37,941616.65,5,5,5,555,Champions
CUST-00031,1,39,1079027.0,5,5,5,555,Champions
CUST-00032,10,51,1146474.15,5,5,5,555,Champions
CUST-00033,1,33,521544.6,5,5,5,555,Champions
CUST-00034,7,54,1304891.35,5,5,5,555,Champions
CUST-00035,6,42,940573.65,5,5,5,555,Champions
CUST-00036,15,36,888282.75,5,5,5,555,Champions
CUST-00037,24,34,842089.85,5,5,5,555,Champions
CUST-00038,61,32,734998.2,3,5,5,355,Loyal Customers
CUST-00039,16,40,1005797.2999999999,5,5,5,555,Champions
CUST-00040,27,36,1126336.7,5,5,5,555,Champions
CUST-00041,7,36,733916.5,5,5,5,555,Champions
CUST-00042,18,34,913137.75,5,5,5,555,Champions
CUST-00043,5,38,717636.3,5,5,5,555,Champions
CUST-00044,1,41,1227691.1,5,5,5,555,Champions
CUST-00045,12,37,993083.9,5,5,5,555,Champions
CUST-00046,1,40,798228.35,5,5,5,555,Champions
CUST-00047,23,38,741488.1,5,5,5,555,Champions
CUST-00048,15,41,1455340.1,5,5,5,555,Champions
CUST-00049,18,36,875964.3,5,5,5,555,Champions
CUST-00050,12,43,726223.75,5,5,5,555,Champions
CUST-00051,12,28,603537.55,5,5,5,555,Champions
CUST-00052,6,32,472712.5,5,5,5,555,Champions
CUST-00053,6,43,1214739.9,5,5,5,555,Champions
CUST-00054,28,39,634794.65,5,5,5,555,Champions
CUST-00055,19,49,1288094.45,5,5,5,555,Champions
CUST-00056,45,43,1124338.8,4,5,5,455,Champions
CUST-00057,4,48,978596.7,5,5,5,555,Champions
CUST-00058,13,36,948908.7,5,5,5,555,Champions
CUST-00059,36,41,809921.1,4,5,5,455,Champions
CUST-00060,5,42,1080647.1,5,5,5,555,Champions
CUST-00061,31,40,704682.1,4,5,5,455,Champions
CUST-00062,7,42,855340.2,5,5,5,555,Champions
CUST-00063,39,37,772662.5,4,5,5,455,Champions
CUST-00064,7,45,1048164.85,5,5,5,555,Champions
CUST-00065,17,47,742337.95,5,5,5,555,Champions
CUST-00066,1,32,842348.2,5,5,5,555,Champions
CUST-00067,11,42,695532.5,5,5,5,555,Champions
CUST-00068,9,39,828729.85,5,5,5,555,Champions
CUST-00069,6,36,508600.8,5,5,5,555,Champions
CUST-00070,77,33,401787.60000000003,3,5,5,355,Loyal Customers
CUST-00071,8,37,667815.25,5,5,5,555,Champions
CUST-00072,31,31,748183.5499999999,4,5,5,455,Champions
CUST-00073,1,41,1120077.4,5,5,5,555,Champions
CUST-00074,22,39,854066.75,5,5,5,555,Champions
CUST-00075,35,41,942656.95,4,5,5,455,Champions
CUST-00076,3,44,811876.8,5,5,5,555,Champions
CUST-00077,32,41,808519.45,4,5,5,455,Champions
CUST-00078,18,44,909019.9,5,5,5,555,Champions
CUST-00079,17,30,574666.3,5,5,5,555,Champions
CUST-00080,11,43,966267.05,5,5,5,555,Champions
CUST-00081,37,47,1025819.8,4,5,5,455,Champions
CUST-00082,20,53,1151657.45,5,5,5,555,Champions
CUST-00083,11,42,722221.35,5,5,5,555,Champions
CUST-00084,24,38,773746.7,5,5,5,555,Champions
CUST-00085,32,41,1024462.85,4,5,5,455,Champions
CUST-00086,14,39,1078647.2,5,5,5,555,Champions
CUST-00087,4,42,828222.5,5,5,5,555,Champions
CUST-00088,17,35,684664.75,5,5,5,555,Champions
CUST-00089,27,26,742851.75,5,5,5,555,Champions
CUST-00090,39,39,828773.6,4,5,5,455,Champions
CUST-00091,2,32,757233.6,5,5,5,555,Champions
CUST-00092,24,32,594735.4,5,5,5,555,Champions
CUST-00093,53,37,980093.9,3,5,5,355,Loyal Customers
CUST-00094,11,48,824659.7,5,5,5,555,Champions
CUST-00095,30,38,716824.5,5,5,5,555,Champions
CUST-00096,7,43,1027917.05,5,5,5,555,Champions
CUST-00097,3,30,609047.15,5,5,5,555,Champions
CUST-00098,43,34,813929.45,4,5,5,455,Champions
CUST-00099,7,58,1368239.8,5,5,5,555,Champions
CUST-00100,53,37,985460.3,3,5,5,355,Loyal Customers
CUST-00101,12,33,865737.15,5,5,5,555,Champions
CUST-00102,5,42,964251.65,5,5,5,555,Champions
CUST-00103,16,54,1042648.85,5,5,5,555,Champions
CUST-00104,9,53,1277882.85,5,5,5,555,Champions
CUST-00105,10,33,872139.65,5,5,5,555,Champions
CUST-00106,34,38,1176576.35,4,5,5,455,Champions
CUST-00107,3,35,736756.95,5,5,5,555,Champions
CUST-00108,3,38,1032605.75,5,5,5,555,Champions
CUST-00109,8,47,1206735.3,5,5,5,555,Champions
CUST-00110,32,48,966103.5,4,5,5,455,Champions
CUST-00111,15,45,1319914.55,5,5,5,555,Champions
CUST-00112,12,47,1110200.1,5,5,5,555,Champions
CUST-00113,4,38,928458.05,5,5,5,555,Champions
CUST-00114,6,43,829009.25,5,5,5,555,Champions
CUST-00115,13,37,979954.0499999999,5,5,5,555,Champions
CUST-00116,45,39,1328227.3,4,5,5,455,Champions
CUST-00117,28,39,1046677.4,5,5,5,555,Champions
CUST-00118,8,36,917073.95,5,5,5,555,Champions
CUST-00119,6,35,902435.7,5,5,5,555,Champions
CUST-00120,22,47,935007.65,5,5,5,555,Champions
CUST-00121,11,45,865012.95,5,5,5,555,Champions
CUST-00122,27,38,774372.8,5,5,5,555,Champions
CUST-00123,7,44,850413.4500000001,5,5,5,555,Champions
CUST-00124,17,42,1156498.55,5,5,5,555,Champions
CUST-00125,3,46,1434324.7,5,5,5,555,Champions
CUST-00126,20,42,967164.7000000001,5,5,5,555,Champions
CUST-00127,38,41,905660.2999999999,4,5,5,455,Champions
CUST-00128,3,39,1008602.9,5,5,5,555,Champions
CUST-00129,3,53,1102202.7,5,5,5,555,Champions
CUST-00130,60,42,870242.5,3,5,5,355,Loyal Customers
CUST-00131,19,39,1038534.15,5,5,5,555,Champions
CUST-00132,10,46,1214146.75,5,5,5,555,Champions
CUST-00133,16,41,880382.15,5,5,5,555,Champions
CUST-00134,13,36,1371215.2,5,5,5,555,Champions
CUST-00135,69,32,649885.6,3,5,5,355,Loyal Customers
CUST-00136,56,40,718735.95,3,5,5,355,Loyal Customers
CUST-00137,7,54,1140109.0,5,5,5,555,Champions
CUST-00138,9,38,968173.9,5,5,5,555,Champions
CUST-00139,25,30,679079.55,5,5,5,555,Champions
CUST-00140,3,36,1277873.5,5,5,5,555,Champions
CUST-00141,28,46,1216208.95,5,5,5,555,Champions
CUST-00142,18,40,799109.85,5,5,5,555,Champions
CUST-00143,71,39,869337.75,3,5,5,355,Loyal Customers
CUST-00144,16,38,746008.8,5,5,5,555,Champions
CUST-00145,11,58,1156820.25,5,5,5,555,Champions
CUST-00146,26,39,845752.3,5,5,5,555,Champions
CUST-00147,5,39,808869.5,5,5,5,555,Champions
CUST-00148,32,50,1143146.95,4,5,5,455,Champions
CUST-00149,58,43,918785.2000000001,3,5,5,355,Loyal Customers
CUST-00150,39,34,703288.4,4,5,5,455,Champions
CUST-00151,19,40,1097486.1,5,5,5,555,Champions
CUST-00152,2,47,1601397.45,5,5,5,555,Champions
CUST-00153,36,48,1393634.05,4,5,5,455,Champions
CUST-00154,1,36,1259085.25,5,5,5,555,Champions
CUST-00155,20,43,865255.8,5,5,5,555,Champions
CUST-00156,37,45,1249944.2,4,5,5,455,Champions
CUST-00157,29,45,1302262.9,5,5,5,555,Champions
CUST-00158,3,51,1338434.2,5,5,5,555,Champions
CUST-00159,9,40,988781.1,5,5,5,555,Champions
CUST-00160,66,34,772902.7,3,5,5,355,Loyal Customers
CUST-00161,35,34,1201562.1,4,5,5,455,Champions
CUST-00162,16,51,1139074.3,5,5,5,555,Champions
CUST-00163,1,34,1035153.0,5,5,5,555,Champions
CUST-00164,6,46,1110671.85,5,5,5,555,Champions
CUST-00165,15,46,1209223.6,5,5,5,555,Champions
CUST-00166,17,42,930587.0,5,5,5,555,Champions
CUST-00167,8,45,1273952.65,5,5,5,555,Champions
CUST-00168,22,48,954296.25,5,5,5,555,Champions
CUST-00169,32,49,1467269.45,4,5,5,455,Champions
CUST-00170,4,39,1116955.7,5,5,5,555,Champions
CUST-00171,47,47,1134761.3,4,5,5,455,Champions
CUST-00172,21,37,767782.5,5,5,5,555,Champions
CUST-00173,49,43,949132.35,4,5,5,455,Champions
CUST-00174,19,48,1506769.6,5,5,5,555,Champions
CUST-00175,34,43,1330129.9,4,5,5,455,Champions
CUST-00176,7,40,968488.55,5,5,5,555,Champions
CUST-00177,35,39,825838.9,4,5,5,455,Champions
CUST-00178,2,48,1574713.6,5,5,5,555,Champions
CUST-00179,24,50,1086154.4,5,5,5,555,Champions
CUST-00180,28,44,730392.9,5,5,5,555,Champions
CUST-00181,25,38,760228.65,5,5,5,555,Champions
CUST-00182,12,41,987959.05,5,5,5,555,Champions
CUST-00183,7,44,968973.95,5,5,5,555,Champions
CUST-00184,10,39,951648.0,5,5,5,555,Champions
CUST-00185,32,43,814686.5,4,5,5,455,Champions
CUST-00186,7,46,1148330.95,5,5,5,555,Champions
CUST-00187,41,30,528387.15,4,5,5,455,Champions
CUST-00188,26,53,1283298.85,5,5,5,555,Champions
CUST-00189,26,34,787986.65,5,5,5,555,Champions
CUST-00190,35,43,928773.15,4,5,5,455,Champions
CUST-00191,6,47,930135.25,5,5,5,555,Champions
CUST-00192,81,44,1506687.4,3,5,5,355,Loyal Customers
CUST-00193,32,34,599556.65,4,5,5,455,Champions
CUST-00194,10,31,886697.5,5,5,5,555,Champions
CUST-00195,5,39,751943.2,5,5,5,555,Champions
CUST-00196,7,38,1054599.5,5,5,5,555,Champions
CUST-00197,43,37,687922.75,4,5,5,455,Champions
CUST-00198,18,32,829912.1,5,5,5,555,Champions
CUST-00199,10,30,572753.25,5,5,5,555,Champions
CUST-00200,14,45,1160318.0,5,5,5,555,Champions
CUST-00201,24,37,883870.3,5,5,5,555,Champions
CUST-00202,6,46,1065949.45,5,5,5,555,Champions
CUST-00203,9,45,1173938.7,5,5,5,555,Champions
CUST-00204,33,40,1032360.6,4,5,5,455,Champions
CUST-00205,9,37,1330234.25,5,5,5,555,Champions
CUST-00206,18,38,907804.1,5,5,5,555,Champions
CUST-00207,9,34,695188.7,5,5,5,555,Champions
CUST-00208,45,32,642307.0,4,5,5,455,Champions
CUST-00209,41,53,1502125.95,4,5,5,455,Champions
CUST-00210,28,44,879772.25,5,5,5,555,Champions
CUST-00211,82,37,756921.75,3,5,5,355,Loyal Customers
CUST-00212,20,49,1110249.6,5,5,5,555,Champions
CUST-00213,6,40,1385308.55,5,5,5,555,Champions
CUST-00214,5,49,1125800.3,5,5,5,555,Champions
CUST-00215,5,39,826828.2999999999,5,5,5,555,Champions
CUST-00216,41,58,1172113.75,4,5,5,455,Champions
CUST-00217,13,34,772911.3,5,5,5,555,Champions
CUST-00218,22,39,887809.9,5,5,5,555,Champions
CUST-00219,7,39,841983.85,5,5,5,555,Champions
CUST-00220,16,41,825095.35,5,5,5,555,Champions
CUST-00221,2,28,350065.3,5,5,5,555,Champions
CUST-00222,15,34,674180.4,5,5,5,555,Champions
CUST-00223,12,43,986952.15,5,5,5,555,Champions
CUST-00224,27,34,553759.75,5,5,5,555,Champions
CUST-00225,4,44,744955.45,5,5,5,555,Champions
CUST-00226,11,52,1797634.95,5,5,5,555,Champions
CUST-00227,22,46,1229688.8,5,5,5,555,Champions
CUST-00228,56,40,1080189.1,3,5,5,355,Loyal Customers
CUST-00229,2,51,1186903.6,5,5,5,555,Champions
CUST-00230,10,45,1390576.55,5,5,5,555,Champions
CUST-00231,4,32,563853.9,5,5,5,555,Champions
CUST-00232,34,29,683957.5,4,5,5,455,Champions
CUST-00233,47,41,831743.2,4,5,5,455,Champions
CUST-00234,36,41,872174.75,4,5,5,455,Champions
CUST-00235,18,34,840541.5,5,5,5,555,Champions
CUST-00236,16,43,1341317.75,5,5,5,555,Champions
CUST-00237,35,42,989380.25,4,5,5,455,Champions
CUST-00238,24,38,766209.75,5,5,5,555,Champions
CUST-00239,11,55,1529927.7,5,5,5,555,Champions
CUST-00240,22,29,684229.6,5,5,5,555,Champions
CUST-00241,23,38,1045606.1,5,5,5,555,Champions
CUST-00242,42,47,1256942.75,4,5,5,455,Champions
CUST-00243,51,28,364764.65,4,5,5,455,Champions
CUST-00244,9,43,646625.15,5,5,5,555,Champions
CUST-00245,34,39,916394.95,4,5,5,455,Champions
CUST-00246,5,39,941543.3,5,5,5,555,Champions
CUST-00247,13,31,864298.95,5,5,5,555,Champions
CUST-00248,34,34,905649.95,4,5,5,455,Champions
CUST-00249,27,35,778432.1,5,5,5,555,Champions
CUST-00250,20,40,809423.35,5,5,5,555,Champions
CUST-00251,32,31,565881.8,4,5,5,455,Champions
CUST-00252,10,51,1212281.7,5,5,5,555,Champions
CUST-00253,2,52,1478893.15,5,5,5,555,Champions
CUST-00254,8,55,970084.7,5,5,5,555,Champions
CUST-00255,10,39,1077455.95,5,5,5,555,Champions
CUST-00256,37,36,564804.2,4,5,5,455,Champions
CUST-00257,16,39,729054.2,5,5,5,555,Champions
CUST-00258,52,33,545899.95,4,5,5,455,Champions
CUST-00259,10,44,1181130.45,5,5,5,555,Champions
CUST-00260,32,38,1152978.2,4,5,5,455,Champions
CUST-00261,33,33,438465.75,4,5,5,455,Champions
CUST-00262,30,38,892806.0,5,5,5,555,Champions
CUST-00263,32,33,825485.15,4,5,5,455,Champions
CUST-00264,10,32,723464.4500000001,5,5,5,555,Champions
CUST-00265,49,41,1190726.2,4,5,5,455,Champions
CUST-00266,37,43,1094192.7,4,5,5,455,Champions
CUST-00267,51,40,926322.8,4,5,5,455,Champions
CUST-00268,33,38,800435.15,4,5,5,455,Champions
CUST-00269,16,57,1601238.2,5,5,5,555,Champions
CUST-00270,2,49,798472.8,5,5,5,555,Champions
CUST-00271,5,56,1283090.05,5,5,5,555,Champions
CUST-00272,46,43,856551.4,4,5,5,455,Champions
CUST-00273,37,47,1121535.7,4,5,5,455,Champions
CUST-00274,17,47,1364892.4,5,5,5,555,Champions
CUST-00275,33,37,916705.8,4,5,5,455,Champions
CUST-00276,9,46,1021560.95,5,5,5,555,Champions
CUST-00277,15,34,1021673.75,5,5,5,555,Champions
CUST-00278,1,38,682114.25,5,5,5,555,Champions
CUST-00279,32,39,1055628.95,4,5,5,455,Champions
CUST-00280,3,50,1167598.45,5,5,5,555,Champions
CUST-00281,5,34,1053427.1,5,5,5,555,Champions
CUST-00282,37,32,639922.6,4,5,5,455,Champions
CUST-00283,5,32,805101.5,5,5,5,555,Champions
CUST-00284,13,40,712389.6,5,5,5,555,Champions
CUST-00285,27,43,1007948.75,5,5,5,555,Champions
CUST-00286,9,41,1245445.2,5,5,5,555,Champions
CUST-00287,12,40,809689.2,5,5,5,555,Champions
CUST-00288,37,49,1119567.85,4,5,5,455,Champions
CUST-00289,32,40,1181108.2,4,5,5,455,Champions
CUST-00290,49,45,1069439.3,4,5,5,455,Champions
CUST-00291,4,42,1170025.1,5,5,5,555,Champions
CUST-00292,8,39,1052749.6,5,5,5,555,Champions
CUST-00293,46,40,945928.2,4,5,5,455,Champions
CUST-00294,8,43,1224044.7,5,5,5,555,Champions
CUST-00295,30,38,788727.0,5,5,5,555,Champions
CUST-00296,27,36,541993.1,5,5,5,555,Champions
CUST-00297,34,36,813535.15,4,5,5,455,Champions
CUST-00298,46,47,920724.05,4,5,5,455,Champions
CUST-00299,17,43,1084813.05,5,5,5,555,Champions
CUST-00300,8,43,934780.4,5,5,5,555,Champions
CUST-00301,1,37,885946.7999999999,5,5,5,555,Champions
CUST-00302,9,41,972519.45,5,5,5,555,Champions
CUST-00303,10,29,642514.6,5,5,5,555,Champions
CUST-00304,48,39,850810.6,4,5,5,455,Champions
CUST-00305,12,46,1094670.2,5,5,5,555,Champions
CUST-00306,30,47,1040293.4,5,5,5,555,Champions
CUST-00307,14,44,956086.5,5,5,5,555,Champions
CUST-00308,15,47,1028418.4,5,5,5,555,Champions
CUST-00309,7,39,829502.5,5,5,5,555,Champions
CUST-00310,13,33,1020387.5,5,5,5,555,Champions
CUST-00311,74,41,1073896.15,3,5,5,355,Loyal Customers
CUST-00312,6,35,640773.0,5,5,5,555,Champions
CUST-00313,14,47,1225415.4,5,5,5,555,Champions
CUST-00314,6,50,869135.65,5,5,5,555,Champions
CUST-00315,6,32,1014239.55,5,5,5,555,Champions
CUST-00316,6,35,775240.8,5,5,5,555,Champions
CUST-00317,2,50,1093965.15,5,5,5,555,Champions
CUST-00318,26,35,1075491.4,5,5,5,555,Champions
CUST-00319,30,40,701688.35,5,5,5,555,Champions
CUST-00320,21,46,926444.05,5,5,5,555,Champions
CUST-00321,2,38,785286.05,5,5,5,555,Champions
CUST-00322,26,30,582908.7,5,5,5,555,Champions
CUST-00323,13,33,837933.35,5,5,5,555,Champions
CUST-00324,41,36,910911.45,4,5,5,455,Champions
CUST-00325,12,38,1034725.6,5,5,5,555,Champions
CUST-00326,8,39,1077035.4,5,5,5,555,Champions
CUST-00327,18,33,895656.9,5,5,5,555,Champions
CUST-00328,33,45,973588.4,4,5,5,455,Champions
CUST-00329,5,38,754814.1,5,5,5,555,Champions
CUST-00330,3,53,1135318.2,5,5,5,555,Champions
CUST-00331,55,51,1249226.5,3,5,5,355,Loyal Customers
CUST-00332,8,40,971487.7,5,5,5,555,Champions
CUST-00333,3,37,768196.5,5,5,5,555,Champions
CUST-00334,3,43,1149333.55,5,5,5,555,Champions
CUST-00335,2,46,1257156.55,5,5,5,555,Champions
CUST-00336,15,42,814516.75,5,5,5,555,Champions
CUST-00337,11,46,860450.5,5,5,5,555,Champions
CUST-00338,9,38,852482.95,5,5,5,555,Champions
CUST-00339,7,45,959097.0,5,5,5,555,Champions
CUST-00340,33,40,953054.0,4,5,5,455,Champions
CUST-00341,22,42,1011677.9,5,5,5,555,Champions
CUST-00342,23,26,530235.1,5,5,5,555,Champions
CUST-00343,41,41,951937.75,4,5,5,455,Champions
CUST-00344,1,46,1217301.0,5,5,5,555,Champions
CUST-00345,1,39,1155820.4,5,5,5,555,Champions
CUST-00346,5,42,909002.8,5,5,5,555,Champions
CUST-00347,68,42,1178538.45,3,5,5,355,Loyal Customers
CUST-00348,1,45,1333538.3,5,5,5,555,Champions
CUST-00349,16,42,1050107.35,5,5,5,555,Champions
CUST-00350,20,43,832906.9,5,5,5,555,Champions
CUST-00351,76,15,366301.3,3,5,5,355,Loyal Customers
CUST-00352,8,13,273820.0,5,5,5,555,Champions
CUST-00353,26,19,362303.15,5,5,5,555,Champions
CUST-00354,15,15,337602.2,5,5,5,555,Champions
CUST-00355,69,12,352757.05,3,5,5,355,Loyal Customers
CUST-00356,37,15,370328.35,4,5,5,455,Champions
CUST-00357,19,6,52546.2,5,3,2,532,Loyal Customers
CUST-00358,36,9,132713.19999999998,4,4,3,443,Champions
CUST-00359,35,14,416462.14999999997,4,5,5,455,Champions
CUST-00360,71,9,179494.65,3,4,4,344,Loyal Customers
CUST-00361,67,12,225861.84999999998,3,5,4,354,Loyal Customers
CUST-00362,38,10,338844.95,4,4,5,445,Champions
CUST-00363,15,7,199806.05,5,3,4,534,Loyal Customers
CUST-00364,18,9,107566.15,5,4,3,543,Champions
CUST-00365,35,15,442070.8,4,5,5,455,Champions
CUST-00366,33,8,215254.0,4,4,4,444,Champions
CUST-00367,62,10,226467.9,3,4,4,344,Loyal Customers
CUST-00368,38,10,276728.25,4,4,5,445,Champions
CUST-00369,9,10,308750.25,5,4,5,545,Champions
CUST-00370,21,9,274116.45,5,4,5,545,Champions
CUST-00371,33,9,346978.0,4,4,5,445,Champions
CUST-00372,20,8,186085.25,5,4,4,544,Champions
CUST-00373,5,16,586360.85,5,5,5,555,Champions
CUST-00374,78,13,240250.4,3,5,4,354,Loyal Customers
CUST-00375,43,12,207262.85,4,5,4,454,Champions
CUST-00376,43,8,121960.90000000001,4,4,3,443,Champions
CUST-00377,87,9,261503.45,3,4,4,344,Loyal Customers
CUST-00378,34,9,293820.25,4,4,5,445,Champions
CUST-00379,186,4,29939.35,2,2,1,221,Lost Customers
CUST-00380,40,5,96659.75,4,3,3,433,Loyal Customers
CUST-00381,89,9,155314.30000000002,2,4,3,243,At Risk
CUST-00382,18,12,219437.9,5,5,4,554,Champions
CUST-00383,34,7,318179.1,4,3,5,435,Loyal Customers
CUST-00384,32,9,139853.0,4,4,3,443,Champions
CUST-00385,37,10,107681.5,4,4,3,443,Champions
CUST-00386,2,10,165488.1,5,4,4,544,Champions
CUST-00387,339,8,242083.0,1,4,4,144,At Risk
CUST-00388,125,12,177998.9,2,5,4,254,At Risk
CUST-00389,15,11,227021.35,5,4,4,544,Champions
CUST-00390,30,16,333218.1,5,5,5,555,Champions
CUST-00391,12,15,397644.8,5,5,5,555,Champions
CUST-00392,43,12,416298.0,4,5,5,455,Champions
CUST-00393,30,10,177077.95,5,4,4,544,Champions
CUST-00394,51,8,98866.2,4,4,3,443,Champions
CUST-00395,47,13,219843.25,4,5,4,454,Champions
CUST-00396,33,15,211969.05,4,5,4,454,Champions
CUST-00397,141,10,79285.95,2,4,2,242,At Risk
CUST-00398,27,8,131640.1,5,4,3,543,Champions
CUST-00399,125,10,285210.1,2,4,5,245,At Risk
CUST-00400,302,15,275787.6,1,5,5,155,At Risk
CUST-00401,109,7,98931.45,2,3,3,233,At Risk
CUST-00402,19,13,354264.35,5,5,5,555,Champions
CUST-00403,52,10,126239.65000000001,4,4,3,443,Champions
CUST-00404,59,9,319256.85,3,4,5,345,Loyal Customers
CUST-00405,116,9,251250.5,2,4,4,244,At Risk
CUST-00406,26,10,304589.85,5,4,5,545,Champions
CUST-00407,4,10,256939.7,5,4,4,544,Champions
CUST-00408,46,8,108465.8,4,4,3,443,Champions
CUST-00409,76,6,52171.55,3,3,2,332,Loyal Customers
CUST-00410,31,17,471353.60000000003,4,5,5,455,Champions
CUST-00411,175,8,81808.05,2,4,2,242,At Risk
CUST-00412,157,9,186158.95,2,4,4,244,At Risk
CUST-00413,60,7,154068.5,3,3,3,333,Loyal Customers
CUST-00414,31,11,135897.95,4,4,3,443,Champions
CUST-00415,38,6,152296.65,4,3,3,433,Loyal Customers
CUST-00416,75,10,320010.95,3,4,5,345,Loyal Customers
CUST-00417,13,8,153097.25,5,4,3,543,Champions
CUST-00418,85,11,197723.3,3,4,4,344,Loyal Customers
CUST-00419,45,10,273493.7,4,4,5,445,Champions
CUST-00420,197,7,87833.1,1,3,2,132,At Risk
CUST-00421,82,9,441944.75,3,4,5,345,Loyal Customers
CUST-00422,36,15,284958.15,4,5,5,455,Champions
CUST-00423,159,9,291534.4,2,4,5,245,At Risk
CUST-00424,23,15,301441.35000000003,5,5,5,555,Champions
CUST-00425,9,11,287838.2,5,4,5,545,Champions
CUST-00426,76,14,331560.2,3,5,5,355,Loyal Customers
CUST-00427,31,12,171982.15,4,5,4,454,Champions
CUST-00428,72,6,318057.2,3,3,5,335,Loyal Customers
CUST-00429,35,16,226297.2,4,5,4,454,Champions
CUST-00430,41,11,438805.75,4,4,5,445,Champions
CUST-00431,33,11,281015.65,4,4,5,445,Champions
CUST-00432,69,10,275412.8,3,4,5,345,Loyal Customers
CUST-00433,86,10,115124.04999999999,3,4,3,343,Loyal Customers
CUST-00434,66,11,182351.1,3,4,4,344,Loyal Customers
CUST-00435,47,11,346838.45,4,4,5,445,Champions
CUST-00436,59,7,174812.75,3,3,4,334,Loyal Customers
CUST-00437,111,13,427156.95,2,5,5,255,At Risk
CUST-00438,71,11,365645.35,3,4,5,345,Loyal Customers
CUST-00439,34,19,469605.25,4,5,5,455,Champions
CUST-00440,112,8,87568.3,2,4,2,242,At Risk
CUST-00441,8,5,234719.60000000003,5,3,4,534,Loyal Customers
CUST-00442,25,7,248867.15,5,3,4,534,Loyal Customers
CUST-00443,61,15,406899.75,3,5,5,355,Loyal Customers
CUST-00444,64,9,91765.79999999999,3,4,2,342,Loyal Customers
CUST-00445,39,8,132775.45,4,4,3,443,Champions
CUST-00446,64,12,199270.4,3,5,4,354,Loyal Customers
CUST-00447,70,12,260315.85,3,5,4,354,Loyal Customers
CUST-00448,73,7,278954.05,3,3,5,335,Loyal Customers
CUST-00449,11,11,493793.55,5,4,5,545,Champions
CUST-00450,30,10,211812.1,5,4,4,544,Champions
CUST-00451,53,21,512240.4,3,5,5,355,Loyal Customers
CUST-00452,156,8,159545.05,2,4,3,243,At Risk
CUST-00453,106,8,101836.9,2,4,3,243,At Risk
CUST-00454,45,13,438837.60000000003,4,5,5,455,Champions
CUST-00455,18,11,64915.3,5,4,2,542,Champions
CUST-00456,2,14,300153.1,5,5,5,555,Champions
CUST-00457,38,15,319962.0,4,5,5,455,Champions
CUST-00458,32,12,428330.55,4,5,5,455,Champions
CUST-00459,34,6,53073.549999999996,4,3,2,432,Loyal Customers
CUST-00460,2,8,166956.65,5,4,4,544,Champions
CUST-00461,46,13,289956.4,4,5,5,455,Champions
CUST-00462,27,7,109519.75,5,3,3,533,Loyal Customers
CUST-00463,46,12,415796.35,4,5,5,455,Champions
CUST-00464,10,12,485921.25,5,5,5,555,Champions
CUST-00465,156,5,196859.0,2,3,4,234,At Risk
CUST-00466,16,11,219787.0,5,4,4,544,Champions
CUST-00467,5,10,100882.15,5,4,3,543,Champions
CUST-00468,32,17,448464.55,4,5,5,455,Champions
CUST-00469,4,8,240489.3,5,4,4,544,Champions
CUST-00470,58,7,124210.75,3,3,3,333,Loyal Customers
CUST-00471,42,10,118803.05,4,4,3,443,Champions
CUST-00472,16,4,65389.7,5,2,2,522,Potential Loyalists
CUST-00473,14,11,135703.7,5,4,3,543,Champions
CUST-00474,8,10,307764.85,5,4,5,545,Champions
CUST-00475,439,5,97585.45,1,3,3,133,At Risk
CUST-00476,63,4,51006.8,3,2,2,322,Potential Loyalists
CUST-00477,72,12,111401.45,3,5,3,353,Loyal Customers
CUST-00478,266,7,157553.25,1,3,3,133,At Risk
CUST-00479,29,12,369922.25,5,5,5,555,Champions
CUST-00480,81,7,203748.85,3,3,4,334,Loyal Customers
CUST-00481,39,13,264183.95,4,5,4,454,Champions
CUST-00482,70,12,477914.55,3,5,5,355,Loyal Customers
CUST-00483,34,11,384194.5,4,4,5,445,Champions
CUST-00484,55,9,288072.4,3,4,5,345,Loyal Customers
CUST-00485,1,11,194543.05,5,4,4,544,Champions
CUST-00486,48,16,346391.35,4,5,5,455,Champions
CUST-00487,86,12,511793.4,3,5,5,355,Loyal Customers
CUST-00488,289,7,168249.30000000002,1,3,4,134,At Risk
CUST-00489,56,10,297359.85,3,4,5,345,Loyal Customers
CUST-00490,67,10,203759.5,3,4,4,344,Loyal Customers
CUST-00491,40,14,264926.1,4,5,4,454,Champions
CUST-00492,63,7,114687.65,3,3,3,333,Loyal Customers
CUST-00493,59,4,224535.55,3,2,4,324,Potential Loyalists
CUST-00494,85,10,273085.0,3,4,4,344,Loyal Customers
CUST-00495,10,14,574767.0,5,5,5,555,Champions
CUST-00496,17,15,409914.45,5,5,5,555,Champions
CUST-00497,32,7,73322.05,4,3,2,432,Loyal Customers
CUST-00498,46,13,295148.35,4,5,5,455,Champions
CUST-00499,242,10,173597.19999999998,1,4,4,144,At Risk
CUST-00500,91,11,292025.9,2,4,5,245,At Risk
CUST-00501,143,7,249601.55000000002,2,3,4,234,At Risk
CUST-00502,2,16,396421.95,5,5,5,555,Champions
CUST-00503,9,11,311896.65,5,4,5,545,Champions
CUST-00504,126,6,176025.95,2,3,4,234,At Risk
CUST-00505,46,15,292621.95,4,5,5,455,Champions
CUST-00506,81,7,206137.69999999998,3,3,4,334,Loyal Customers
CUST-00507,38,16,520498.9,4,5,5,455,Champions
CUST-00508,68,8,85341.9,3,4,2,342,Loyal Customers
CUST-00509,26,5,174688.65000000002,5,3,4,534,Loyal Customers
CUST-00510,21,7,153021.95,5,3,3,533,Loyal Customers
CUST-00511,58,9,169439.69999999998,3,4,4,344,Loyal Customers
CUST-00512,142,17,411680.3,2,5,5,255,At Risk
CUST-00513,8,11,192924.15,5,4,4,544,Champions
CUST-00514,32,9,161264.45,4,4,4,444,Champions
CUST-00515,70,13,275659.85000000003,3,5,5,355,Loyal Customers
CUST-00516,18,13,266561.35,5,5,4,554,Champions
CUST-00517,173,6,82476.40000000001,2,3,2,232,At Risk
CUST-00518,33,11,256244.8,4,4,4,444,Champions
CUST-00519,32,12,285541.75,4,5,5,455,Champions
CUST-00520,59,13,375231.15,3,5,5,355,Loyal Customers
CUST-00521,48,9,185923.6,4,4,4,444,Champions
CUST-00522,36,7,80031.1,4,3,2,432,Loyal Customers
CUST-00523,32,7,81873.84999999999,4,3,2,432,Loyal Customers
CUST-00524,32,11,381604.1,4,4,5,445,Champions
CUST-00525,250,3,213770.95,1,1,4,114,Lost Customers
CUST-00526,18,9,217952.45,5,4,4,544,Champions
CUST-00527,2,9,385118.45,5,4,5,545,Champions
CUST-00528,3,17,498867.2,5,5,5,555,Champions
CUST-00529,42,13,339390.5,4,5,5,455,Champions
CUST-00530,51,10,123078.65,4,4,3,443,Champions
CUST-00531,100,10,219714.7,2,4,4,244,At Risk
CUST-00532,86,8,137790.85,3,4,3,343,Loyal Customers
CUST-00533,91,10,406769.5,2,4,5,245,At Risk
CUST-00534,41,12,204378.0,4,5,4,454,Champions
CUST-00535,12,10,536234.75,5,4,5,545,Champions
CUST-00536,60,4,173509.8,3,2,4,324,Potential Loyalists
CUST-00537,68,6,63464.65,3,3,2,332,Loyal Customers
CUST-00538,2,17,669932.8,5,5,5,555,Champions
CUST-00539,34,16,297430.95,4,5,5,455,Champions
CUST-00540,33,13,276082.6,4,5,5,455,Champions
CUST-00541,16,15,334240.65,5,5,5,555,Champions
CUST-00542,80,7,131583.4,3,3,3,333,Loyal Customers
CUST-00543,37,6,58003.45,4,3,2,432,Loyal Customers
CUST-00544,61,16,341480.7,3,5,5,355,Loyal Customers
CUST-00545,35,13,258831.2,4,5,4,454,Champions
CUST-00546,66,10,130318.1,3,4,3,343,Loyal Customers
CUST-00547,15,11,276088.8,5,4,5,545,Champions
CUST-00548,38,6,137580.0,4,3,3,433,Loyal Customers
CUST-00549,19,9,333146.95,5,4,5,545,Champions
CUST-00550,40,13,211528.3,4,5,4,454,Champions
CUST-00551,85,10,377535.5,3,4,5,345,Loyal Customers
CUST-00552,39,10,126505.4,4,4,3,443,Champions
CUST-00553,25,8,232046.85,5,4,4,544,Champions
CUST-00554,125,7,131882.55,2,3,3,233,At Risk
CUST-00555,154,8,48000.15,2,4,2,242,At Risk
CUST-00556,66,9,169351.45,3,4,4,344,Loyal Customers
CUST-00557,55,13,213865.80000000002,3,5,4,354,Loyal Customers
CUST-00558,39,12,281727.9,4,5,5,455,Champions
CUST-00559,5,9,140111.5,5,4,3,543,Champions
CUST-00560,317,5,22966.8,1,3,1,131,At Risk
CUST-00561,23,10,201043.69999999998,5,4,4,544,Champions
CUST-00562,121,11,319504.8,2,4,5,245,At Risk
CUST-00563,147,12,128388.7,2,5,3,253,At Risk
CUST-00564,50,12,231718.4,4,5,4,454,Champions
CUST-00565,62,14,499173.45,3,5,5,355,Loyal Customers
CUST-00566,33,9,210103.05,4,4,4,444,Champions
CUST-00567,33,9,92506.55,4,4,3,443,Champions
CUST-00568,88,8,159832.25,2,4,3,243,At Risk
CUST-00569,32,10,192166.4,4,4,4,444,Champions
CUST-00570,102,10,358391.0,2,4,5,245,At Risk
CUST-00571,150,10,236946.3,2,4,4,244,At Risk
CUST-00572,75,11,185319.9,3,4,4,344,Loyal Customers
CUST-00573,73,10,211918.3,3,4,4,344,Loyal Customers
CUST-00574,29,10,316155.5,5,4,5,545,Champions
CUST-00575,100,17,666181.0,2,5,5,255,At Risk
CUST-00576,37,9,238726.44999999998,4,4,4,444,Champions
CUST-00577,35,8,117314.45,4,4,3,443,Champions
CUST-00578,79,13,201082.65000000002,3,5,4,354,Loyal Customers
CUST-00579,5,8,190418.19999999998,5,4,4,544,Champions
CUST-00580,125,14,215647.8,2,5,4,254,At Risk
CUST-00581,57,10,198886.7,3,4,4,344,Loyal Customers
CUST-00582,6,4,37031.05,5,2,1,521,Potential Loyalists
CUST-00583,32,15,285078.95,4,5,5,455,Champions
CUST-00584,39,9,284959.35,4,4,5,445,Champions
CUST-00585,44,15,188698.55,4,5,4,454,Champions
CUST-00586,2,11,257584.85,5,4,4,544,Champions
CUST-00587,52,17,382062.15,4,5,5,455,Champions
CUST-00588,51,9,211690.05,4,4,4,444,Champions
CUST-00589,73,11,243525.05,3,4,4,344,Loyal Customers
CUST-00590,42,9,376951.44999999995,4,4,5,445,Champions
CUST-00591,90,10,133584.8,2,4,3,243,At Risk
CUST-00592,46,10,246260.6,4,4,4,444,Champions
CUST-00593,48,8,218333.30000000002,4,4,4,444,Champions
CUST-00594,83,7,109157.75,3,3,3,333,Loyal Customers
CUST-00595,17,11,288182.75,5,4,5,545,Champions
CUST-00596,18,16,311466.1,5,5,5,555,Champions
CUST-00597,40,15,214095.4,4,5,4,454,Champions
CUST-00598,6,14,216821.85,5,5,4,554,Champions
CUST-00599,94,12,253352.0,2,5,4,254,At Risk
CUST-00600,66,15,453424.3,3,5,5,355,Loyal Customers
CUST-00601,141,9,327019.89999999997,2,4,5,245,At Risk
CUST-00602,30,10,160684.2,5,4,3,543,Champions
CUST-00603,10,18,581516.5,5,5,5,555,Champions
CUST-00604,28,7,109390.4,5,3,3,533,Loyal Customers
CUST-00605,25,13,331509.65,5,5,5,555,Champions
CUST-00606,32,13,462231.5,4,5,5,455,Champions
CUST-00607,15,15,231620.9,5,5,4,554,Champions
CUST-00608,39,7,69772.1,4,3,2,432,Loyal Customers
CUST-00609,6,11,293269.8,5,4,5,545,Champions
CUST-00610,32,11,407184.25,4,4,5,445,Champions
CUST-00611,10,14,234020.9,5,5,4,554,Champions
CUST-00612,13,12,296292.05,5,5,5,555,Champions
CUST-00613,92,16,453120.0,2,5,5,255,At Risk
CUST-00614,42,12,220773.35,4,5,4,454,Champions
CUST-00615,36,6,150059.05,4,3,3,433,Loyal Customers
CUST-00616,88,11,394288.65,2,4,5,245,At Risk
CUST-00617,11,11,248972.45,5,4,4,544,Champions
CUST-00618,41,11,200252.0,4,4,4,444,Champions
CUST-00619,72,12,164309.0,3,5,4,354,Loyal Customers
CUST-00620,35,10,158052.95,4,4,3,443,Champions
CUST-00621,46,11,242298.5,4,4,4,444,Champions
CUST-00622,46,13,268986.65,4,5,4,454,Champions
CUST-00623,75,13,381132.45,3,5,5,355,Loyal Customers
CUST-00624,37,13,241237.59999999998,4,5,4,454,Champions
CUST-00625,34,7,91811.3,4,3,2,432,Loyal Customers
CUST-00626,31,12,195877.45,4,5,4,454,Champions
CUST-00627,75,6,226765.4,3,3,4,334,Loyal Customers
CUST-00628,73,11,186132.75,3,4,4,344,Loyal Customers
CUST-00629,26,8,152527.45,5,4,3,543,Champions
CUST-00630,11,12,243150.4,5,5,4,554,Champions
CUST-00631,73,3,44944.15,3,1,2,312,Potential Loyalists
CUST-00632,41,12,261574.3,4,5,4,454,Champions
CUST-00633,54,6,144812.44999999998,3,3,3,333,Loyal Customers
CUST-00634,69,11,320781.8,3,4,5,345,Loyal Customers
CUST-00635,364,7,69351.65,1,3,2,132,At Risk
CUST-00636,88,7,154109.25,2,3,3,233,At Risk
CUST-00637,91,7,98415.0,2,3,3,233,At Risk
CUST-00638,5,20,542025.15,5,5,5,555,Champions
CUST-00639,30,14,498454.9,5,5,5,555,Champions
CUST-00640,38,13,239277.1,4,5,4,454,Champions
CUST-00641,41,8,192445.55,4,4,4,444,Champions
CUST-00642,50,12,419200.5,4,5,5,455,Champions
CUST-00643,32,8,210851.8,4,4,4,444,Champions
CUST-00644,68,7,134799.8,3,4,3,343,Loyal Customers
CUST-00645,28,13,283033.45,5,5,5,555,Champions
CUST-00646,88,12,181048.05000000002,2,5,4,254,At Risk
CUST-00647,46,9,477118.15,4,4,5,445,Champions
CUST-00648,44,14,630799.8,4,5,5,455,Champions
CUST-00649,397,5,81448.6,1,3,2,132,At Risk
CUST-00650,122,7,47122.4,2,4,2,242,At Risk
CUST-00651,35,12,374926.25,4,5,5,455,Champions
CUST-00652,132,10,127040.0,2,4,3,243,At Risk
CUST-00653,54,14,395451.1,3,5,5,355,Loyal Customers
CUST-00654,39,10,172046.69999999998,4,4,4,444,Champions
CUST-00655,22,13,331367.25,5,5,5,555,Champions
CUST-00656,166,7,181847.8,2,4,4,244,At Risk
CUST-00657,33,15,451750.69999999995,4,5,5,455,Champions
CUST-00658,67,8,106819.4,3,4,3,343,Loyal Customers
CUST-00659,6,10,110027.75,5,4,3,543,Champions
CUST-00660,64,15,463792.4,3,5,5,355,Loyal Customers
CUST-00661,68,14,263391.55,3,5,4,354,Loyal Customers
CUST-00662,2,16,248992.05,5,5,4,554,Champions
CUST-00663,6,10,217190.45,5,4,4,544,Champions
CUST-00664,11,6,185953.5,5,3,4,534,Loyal Customers
CUST-00665,114,4,81838.05,2,2,2,222,Lost Customers
CUST-00666,108,8,100669.5,2,4,3,243,At Risk
CUST-00667,13,8,246938.75,5,4,4,544,Champions
CUST-00668,88,14,351457.25,2,5,5,255,At Risk
CUST-00669,48,7,149055.1,4,4,3,443,Champions
CUST-00670,40,8,177349.8,4,4,4,444,Champions
CUST-00671,76,6,190145.45,3,3,4,334,Loyal Customers
CUST-00672,30,10,160213.7,5,4,3,543,Champions
CUST-00673,6,12,211623.55,5,5,4,554,Champions
CUST-00674,24,7,129560.45000000001,5,4,3,543,Champions
CUST-00675,73,9,186518.85,3,4,4,344,Loyal Customers
CUST-00676,18,15,168473.85,5,5,4,554,Champions
CUST-00677,266,10,187400.35,1,4,4,144,At Risk
CUST-00678,58,11,351215.6,3,4,5,345,Loyal Customers
CUST-00679,29,13,341315.65,5,5,5,555,Champions
CUST-00680,69,10,320807.45,3,4,5,345,Loyal Customers
CUST-00681,170,8,223307.1,2,4,4,244,At Risk
CUST-00682,51,11,248581.5,4,4,4,444,Champions
CUST-00683,4,13,155676.5,5,5,3,553,Champions
CUST-00684,62,12,426070.10000000003,3,5,5,355,Loyal Customers
CUST-00685,41,11,332049.95,4,4,5,445,Champions
CUST-00686,29,16,446833.9,5,5,5,555,Champions
CUST-00687,166,14,321516.9,2,5,5,255,At Risk
CUST-00688,73,13,538119.0,3,5,5,355,Loyal Customers
CUST-00689,55,9,156327.4,3,4,3,343,Loyal Customers
CUST-00690,72,11,313609.4,3,4,5,345,Loyal Customers
CUST-00691,42,9,84323.75,4,4,2,442,Champions
CUST-00692,59,11,190221.65,3,4,4,344,Loyal Customers
CUST-00693,100,12,412945.45,2,5,5,255,At Risk
CUST-00694,139,5,49108.85,2,3,2,232,At Risk
CUST-00695,2,9,408062.3,5,4,5,545,Champions
CUST-00696,55,8,173560.8,3,4,4,344,Loyal Customers
CUST-00697,52,10,247258.55,4,4,4,444,Champions
CUST-00698,5,11,349197.05,5,4,5,545,Champions
CUST-00699,58,16,251090.0,3,5,4,354,Loyal Customers
CUST-00700,128,9,253672.1,2,4,4,244,At Risk
CUST-00701,120,11,204935.85,2,4,4,244,At Risk
CUST-00702,46,10,62693.049999999996,4,4,2,442,Champions
CUST-00703,81,8,154070.4,3,4,3,343,Loyal Customers
CUST-00704,64,8,167873.8,3,4,4,344,Loyal Customers
CUST-00705,76,12,149692.1,3,5,3,353,Loyal Customers
CUST-00706,61,10,126623.7,3,4,3,343,Loyal Customers
CUST-00707,35,9,260055.84999999998,4,4,4,444,Champions
CUST-00708,146,3,95127.5,2,1,3,213,Lost Customers
CUST-00709,24,10,326652.15,5,4,5,545,Champions
CUST-00710,11,8,117507.0,5,4,3,543,Champions
CUST-00711,79,6,179981.85,3,3,4,334,Loyal Customers
CUST-00712,154,7,105475.0,2,4,3,243,At Risk
CUST-00713,61,16,549282.05,3,5,5,355,Loyal Customers
CUST-00714,72,9,110518.3,3,4,3,343,Loyal Customers
CUST-00715,91,12,575543.7999999999,2,5,5,255,At Risk
CUST-00716,33,15,414004.45,4,5,5,455,Champions
CUST-00717,24,2,15035.2,5,1,1,511,Potential Loyalists
CUST-00718,166,5,89085.5,2,3,2,232,At Risk
CUST-00719,18,11,124661.7,5,4,3,543,Champions
CUST-00720,15,14,335619.8,5,5,5,555,Champions
CUST-00721,62,16,470245.5,3,5,5,355,Loyal Customers
CUST-00722,60,7,106951.55,3,4,3,343,Loyal Customers
CUST-00723,62,10,465257.05000000005,3,4,5,345,Loyal Customers
CUST-00724,80,9,77784.05,3,4,2,342,Loyal Customers
CUST-00725,67,13,193582.25,3,5,4,354,Loyal Customers
CUST-00726,121,6,245046.3,2,3,4,234,At Risk
CUST-00727,63,6,190802.35,3,3,4,334,Loyal Customers
CUST-00728,27,9,246622.1,5,4,4,544,Champions
CUST-00729,59,6,256119.59999999998,3,3,4,334,Loyal Customers
CUST-00730,136,12,292686.3,2,5,5,255,At Risk
CUST-00731,115,10,270170.9,2,4,4,244,At Risk
CUST-00732,13,8,98424.15,5,4,3,543,Champions
CUST-00733,63,14,499636.85,3,5,5,355,Loyal Customers
CUST-00734,61,12,489143.45,3,5,5,355,Loyal Customers
CUST-00735,68,8,163510.1,3,4,4,344,Loyal Customers
CUST-00736,37,8,89514.05,4,4,2,442,Champions
CUST-00737,35,12,388167.05,4,5,5,455,Champions
CUST-00738,50,13,430122.85000000003,4,5,5,455,Champions
CUST-00739,54,12,564298.7000000001,3,5,5,355,Loyal Customers
CUST-00740,80,11,202642.3,3,4,4,344,Loyal Customers
CUST-00741,104,12,331332.15,2,5,5,255,At Risk
CUST-00742,84,10,167359.25,3,4,4,344,Loyal Customers
CUST-00743,35,15,308260.65,4,5,5,455,Champions
CUST-00744,49,13,282144.25,4,5,5,455,Champions
CUST-00745,37,11,360713.5,4,4,5,445,Champions
CUST-00746,60,15,513581.30000000005,3,5,5,355,Loyal Customers
CUST-00747,83,10,284549.05,3,4,5,345,Loyal Customers
CUST-00748,56,14,280700.15,3,5,5,355,Loyal Customers
CUST-00749,323,7,155797.5,1,4,3,143,At Risk
CUST-00750,163,9,190550.5,2,4,4,244,At Risk
CUST-00751,62,10,413436.75,3,4,5,345,Loyal Customers
CUST-00752,120,8,197757.15,2,4,4,244,At Risk
CUST-00753,62,14,267193.05,3,5,4,354,Loyal Customers
CUST-00754,39,11,262723.5,4,4,4,444,Champions
CUST-00755,65,10,152283.85,3,4,3,343,Loyal Customers
CUST-00756,68,9,296607.85,3,4,5,345,Loyal Customers
CUST-00757,7,8,264303.7,5,4,4,544,Champions
CUST-00758,31,9,53407.95,4,4,2,442,Champions
CUST-00759,4,14,454192.8,5,5,5,555,Champions
CUST-00760,67,11,404353.5,3,4,5,345,Loyal Customers
CUST-00761,57,4,204675.75,3,2,4,324,Potential Loyalists
CUST-00762,86,6,77001.35,3,3,2,332,Loyal Customers
CUST-00763,52,5,121741.75,4,3,3,433,Loyal Customers
CUST-00764,40,11,399489.4,4,4,5,445,Champions
CUST-00765,5,11,207590.0,5,4,4,544,Champions
CUST-00766,61,9,103524.4,3,4,3,343,Loyal Customers
CUST-00767,15,13,394622.25,5,5,5,555,Champions
CUST-00768,37,6,149155.44999999998,4,3,3,433,Loyal Customers
CUST-00769,54,14,249581.7,3,5,4,354,Loyal Customers
CUST-00770,74,5,85208.0,3,3,2,332,Loyal Customers
CUST-00771,46,8,58944.05,4,4,2,442,Champions
CUST-00772,38,7,136366.55,4,4,3,443,Champions
CUST-00773,8,14,258661.25,5,5,4,554,Champions
CUST-00774,86,16,422406.3,3,5,5,355,Loyal Customers
CUST-00775,17,12,184140.94999999998,5,5,4,554,Champions
CUST-00776,226,10,132050.85,1,4,3,143,At Risk
CUST-00777,14,8,113418.09999999999,5,4,3,543,Champions
CUST-00778,13,13,274452.64999999997,5,5,5,555,Champions
CUST-00779,90,13,254350.34999999998,2,5,4,254,At Risk
CUST-00780,58,8,180109.15,3,4,4,344,Loyal Customers
CUST-00781,127,12,315355.55,2,5,5,255,At Risk
CUST-00782,1,14,353132.7,5,5,5,555,Champions
CUST-00783,130,6,103486.9,2,3,3,233,At Risk
CUST-00784,7,15,291192.7,5,5,5,555,Champions
CUST-00785,53,3,100702.84999999999,3,1,3,313,Potential Loyalists
CUST-00786,20,15,428146.6,5,5,5,555,Champions
CUST-00787,117,8,107837.15,2,4,3,243,At Risk
CUST-00788,47,10,234590.59999999998,4,4,4,444,Champions
CUST-00789,64,12,192076.8,3,5,4,354,Loyal Customers
CUST-00790,16,8,206691.45,5,4,4,544,Champions
CUST-00791,301,11,480856.10000000003,1,4,5,145,At Risk
CUST-00792,53,5,246155.0,3,3,4,334,Loyal Customers
CUST-00793,47,12,469035.9,4,5,5,455,Champions
CUST-00794,71,10,288088.45,3,4,5,345,Loyal Customers
CUST-00795,48,7,193962.45,4,4,4,444,Champions
CUST-00796,29,11,329315.4,5,4,5,545,Champions
CUST-00797,32,11,239443.4,4,4,4,444,Champions
CUST-00798,18,12,373719.6,5,5,5,555,Champions
CUST-00799,46,8,369507.5,4,4,5,445,Champions
CUST-00800,11,13,390686.2,5,5,5,555,Champions
CUST-00801,53,15,356297.8,3,5,5,355,Loyal Customers
CUST-00802,66,7,104620.09999999999,3,4,3,343,Loyal Customers
CUST-00803,46,8,116451.85,4,4,3,443,Champions
CUST-00804,102,7,131546.19999999998,2,4,3,243,At Risk
CUST-00805,121,5,46048.5,2,3,2,232,At Risk
CUST-00806,105,12,230022.65,2,5,4,254,At Risk
CUST-00807,144,6,145311.3,2,3,3,233,At Risk
CUST-00808,17,8,156700.5,5,4,3,543,Champions
CUST-00809,77,15,426295.39999999997,3,5,5,355,Loyal Customers
CUST-00810,148,14,263392.35,2,5,4,254,At Risk
CUST-00811,47,14,281579.95,4,5,5,455,Champions
CUST-00812,51,8,154976.05,4,4,3,443,Champions
CUST-00813,62,7,89187.35,3,4,2,342,Loyal Customers
CUST-00814,82,8,81988.85,3,4,2,342,Loyal Customers
CUST-00815,43,10,136729.2,4,4,3,443,Champions
CUST-00816,49,11,582819.15,4,4,5,445,Champions
CUST-00817,21,17,447461.1,5,5,5,555,Champions
CUST-00818,65,11,149887.55000000002,3,4,3,343,Loyal Customers
CUST-00819,49,5,169418.65,4,3,4,434,Loyal Customers
CUST-00820,40,10,164500.5,4,4,4,444,Champions
CUST-00821,40,13,180001.3,4,5,4,454,Champions
CUST-00822,44,14,322836.5,4,5,5,455,Champions
CUST-00823,19,11,358042.9,5,4,5,545,Champions
CUST-00824,185,7,201531.9,2,4,4,244,At Risk
CUST-00825,12,14,517391.15,5,5,5,555,Champions
CUST-00826,75,5,53221.75,3,3,2,332,Loyal Customers
CUST-00827,22,19,617741.35,5,5,5,555,Champions
CUST-00828,69,8,126021.3,3,4,3,343,Loyal Customers
CUST-00829,39,11,264146.45,4,4,4,444,Champions
CUST-00830,81,8,215619.7,3,4,4,344,Loyal Customers
CUST-00831,167,12,356731.15,2,5,5,255,At Risk
CUST-00832,33,15,272166.45,4,5,4,454,Champions
CUST-00833,54,10,186083.65,3,4,4,344,Loyal Customers
CUST-00834,25,16,362130.15,5,5,5,555,Champions
CUST-00835,41,6,265668.85,4,3,4,434,Loyal Customers
CUST-00836,89,9,174223.75,2,4,4,244,At Risk
CUST-00837,26,13,361545.35,5,5,5,555,Champions
CUST-00838,218,4,53880.799999999996,1,2,2,122,Lost Customers
CUST-00839,115,9,266372.55,2,4,4,244,At Risk
CUST-00840,68,7,112681.45,3,4,3,343,Loyal Customers
CUST-00841,133,9,172360.75,2,4,4,244,At Risk
CUST-00842,233,6,208217.2,1,3,4,134,At Risk
CUST-00843,6,11,277913.8,5,4,5,545,Champions
CUST-00844,2,12,182993.9,5,5,4,554,Champions
CUST-00845,10,16,317091.0,5,5,5,555,Champions
CUST-00846,44,8,160088.0,4,4,3,443,Champions
CUST-00847,51,7,178231.15,4,4,4,444,Champions
CUST-00848,52,10,231972.35,4,4,4,444,Champions
CUST-00849,53,9,95356.15,3,4,3,343,Loyal Customers
CUST-00850,67,10,195162.5,3,4,4,344,Loyal Customers
CUST-00851,4,9,192422.6,5,4,4,544,Champions
CUST-00852,63,13,496747.0,3,5,5,355,Loyal Customers
CUST-00853,14,8,254240.9,5,4,4,544,Champions
CUST-00854,33,11,538629.35,4,4,5,445,Champions
CUST-00855,35,10,189333.6,4,4,4,444,Champions
CUST-00856,69,12,341113.25,3,5,5,355,Loyal Customers
CUST-00857,199,10,425071.65,1,4,5,145,At Risk
CUST-00858,30,11,169221.35,5,4,4,544,Champions
CUST-00859,2,16,422437.15,5,5,5,555,Champions
CUST-00860,67,12,330119.45,3,5,5,355,Loyal Customers
CUST-00861,57,6,63314.899999999994,3,3,2,332,Loyal Customers
CUST-00862,80,13,183134.6,3,5,4,354,Loyal Customers
CUST-00863,95,9,162660.8,2,4,4,244,At Risk
CUST-00864,87,8,393837.45,3,4,5,345,Loyal Customers
CUST-00865,34,11,150172.05,4,4,3,443,Champions
CUST-00866,41,11,314195.85,4,4,5,445,Champions
CUST-00867,53,13,283659.4,3,5,5,355,Loyal Customers
CUST-00868,20,13,277397.5,5,5,5,555,Champions
CUST-00869,60,13,238871.85,3,5,4,354,Loyal Customers
CUST-00870,36,12,202127.55000000002,4,5,4,454,Champions
CUST-00871,24,10,245219.85,5,4,4,544,Champions
CUST-00872,143,7,117876.2,2,4,3,243,At Risk
CUST-00873,160,10,199535.55,2,4,4,244,At Risk
CUST-00874,25,8,146958.3,5,4,3,543,Champions
CUST-00875,34,6,206753.0,4,3,4,434,Loyal Customers
CUST-00876,18,17,315715.3,5,5,5,555,Champions
CUST-00877,82,15,534148.6,3,5,5,355,Loyal Customers
CUST-00878,427,4,136328.90000000002,1,2,3,123,Lost Customers
CUST-00879,19,12,213678.05,5,5,4,554,Champions
CUST-00880,41,6,138292.85,4,3,3,433,Loyal Customers
CUST-00881,13,13,263875.05,5,5,4,554,Champions
CUST-00882,137,12,467632.5,2,5,5,255,At Risk
CUST-00883,161,8,255359.8,2,4,4,244,At Risk
CUST-00884,70,10,172760.25,3,4,4,344,Loyal Customers
CUST-00885,80,7,130092.25,3,4,3,343,Loyal Customers
CUST-00886,34,14,357095.3,4,5,5,455,Champions
CUST-00887,33,13,296921.65,4,5,5,455,Champions
CUST-00888,41,14,393828.14999999997,4,5,5,455,Champions
CUST-00889,49,5,210425.5,4,3,4,434,Loyal Customers
CUST-00890,19,7,95229.59999999999,5,4,3,543,Champions
CUST-00891,16,12,277264.85,5,5,5,555,Champions
CUST-00892,38,11,175728.55,4,4,4,444,Champions
CUST-00893,33,16,419121.0,4,5,5,455,Champions
CUST-00894,74,8,290357.0,3,4,5,345,Loyal Customers
CUST-00895,34,16,795659.7000000001,4,5,5,455,Champions
CUST-00896,50,5,128456.45,4,3,3,433,Loyal Customers
CUST-00897,41,12,231404.55,4,5,4,454,Champions
CUST-00898,43,5,91389.8,4,3,2,432,Loyal Customers
CUST-00899,59,12,298322.15,3,5,5,355,Loyal Customers
CUST-00900,19,17,389045.5,5,5,5,555,Champions
CUST-00901,80,8,103687.0,3,4,3,343,Loyal Customers
CUST-00902,60,7,199501.25,3,4,4,344,Loyal Customers
CUST-00903,26,9,357567.1,5,4,5,545,Champions
CUST-00904,86,7,66920.45,3,4,2,342,Loyal Customers
CUST-00905,65,13,499583.6,3,5,5,355,Loyal Customers
CUST-00906,77,6,329260.6,3,3,5,335,Loyal Customers
CUST-00907,68,9,228571.30000000002,3,4,4,344,Loyal Customers
CUST-00908,78,12,299695.65,3,5,5,355,Loyal Customers
CUST-00909,46,12,456851.75,4,5,5,455,Champions
CUST-00910,6,14,369075.35,5,5,5,555,Champions
CUST-00911,5,10,215329.45,5,4,4,544,Champions
CUST-00912,106,11,173638.45,2,4,4,244,At Risk
CUST-00913,19,20,236390.05,5,5,4,554,Champions
CUST-00914,54,8,197810.55,3,4,4,344,Loyal Customers
CUST-00915,123,10,306878.55,2,4,5,245,At Risk
CUST-00916,56,12,129512.9,3,5,3,353,Loyal Customers
CUST-00917,127,12,458472.2,2,5,5,255,At Risk
CUST-00918,35,12,156793.25,4,5,3,453,Champions
CUST-00919,60,10,188265.0,3,4,4,344,Loyal Customers
CUST-00920,35,13,333516.7,4,5,5,455,Champions
CUST-00921,43,10,125122.5,4,4,3,443,Champions
CUST-00922,45,9,177608.95,4,4,4,444,Champions
CUST-00923,21,12,154069.5,5,5,3,553,Champions
CUST-00924,9,18,420263.9,5,5,5,555,Champions
CUST-00925,2,10,188924.8,5,4,4,544,Champions
CUST-00926,38,12,292701.0,4,5,5,455,Champions
CUST-00927,54,10,365201.5,3,4,5,345,Loyal Customers
CUST-00928,125,5,185954.4,2,3,4,234,At Risk
CUST-00929,45,10,193233.9,4,4,4,444,Champions
CUST-00930,16,8,163368.35,5,4,4,544,Champions
CUST-00931,33,10,152574.25,4,4,3,443,Champions
CUST-00932,4,14,253527.65,5,5,4,554,Champions
CUST-00933,68,13,368259.9,3,5,5,355,Loyal Customers
CUST-00934,28,13,293366.9,5,5,5,555,Champions
CUST-00935,40,11,195887.4,4,4,4,444,Champions
CUST-00936,33,12,259746.05,4,5,4,454,Champions
CUST-00937,73,8,213520.5,3,4,4,344,Loyal Customers
CUST-00938,65,12,224211.44999999998,3,5,4,354,Loyal Customers
CUST-00939,34,6,161668.3,4,3,4,434,Loyal Customers
CUST-00940,245,9,191875.35,1,4,4,144,At Risk
CUST-00941,61,7,215459.75,3,4,4,344,Loyal Customers
CUST-00942,16,10,371923.85,5,4,5,545,Champions
CUST-00943,107,10,268410.2,2,4,4,244,At Risk
CUST-00944,70,6,257059.95,3,3,4,334,Loyal Customers
CUST-00945,73,7,206610.8,3,4,4,344,Loyal Customers
CUST-00946,59,11,250891.9,3,4,4,344,Loyal Customers
CUST-00947,104,13,287643.15,2,5,5,255,At Risk
CUST-00948,80,9,112748.9,3,4,3,343,Loyal Customers
CUST-00949,28,8,124663.3,5,4,3,543,Champions
CUST-00950,42,10,200698.7,4,4,4,444,Champions
CUST-00951,12,16,509264.45,5,5,5,555,Champions
CUST-00952,48,17,332792.55,4,5,5,455,Champions
CUST-00953,181,6,125150.0,2,3,3,233,At Risk
CUST-00954,29,10,114915.90000000001,5,4,3,543,Champions
CUST-00955,52,9,364505.35,4,4,5,445,Champions
CUST-00956,36,12,161063.5,4,5,3,453,Champions
CUST-00957,55,13,220373.05,3,5,4,354,Loyal Customers
CUST-00958,3,19,450896.25,5,5,5,555,Champions
CUST-00959,43,13,265968.1,4,5,4,454,Champions
CUST-00960,13,11,213150.6,5,4,4,544,Champions
CUST-00961,74,16,498582.7,3,5,5,355,Loyal Customers
CUST-00962,50,12,175291.45,4,5,4,454,Champions
CUST-00963,77,9,250170.85,3,4,4,344,Loyal Customers
CUST-00964,63,13,333018.10000000003,3,5,5,355,Loyal Customers
CUST-00965,261,4,85474.7,1,2,2,122,Lost Customers
CUST-00966,44,12,449822.3,4,5,5,455,Champions
CUST-00967,33,8,131505.5,4,4,3,443,Champions
CUST-00968,119,10,273277.45,2,4,4,244,At Risk
CUST-00969,37,7,127298.4,4,4,3,443,Champions
CUST-00970,78,15,553433.85,3,5,5,355,Loyal Customers
CUST-00971,13,9,116186.35,5,4,3,543,Champions
CUST-00972,44,5,48918.95,4,3,2,432,Loyal Customers
CUST-00973,12,7,120193.6,5,4,3,543,Champions
CUST-00974,60,8,164680.15,3,4,4,344,Loyal Customers
CUST-00975,36,11,170854.1,4,4,4,444,Champions
CUST-00976,24,7,101110.9,5,4,3,543,Champions
CUST-00977,50,11,237945.85,4,4,4,444,Champions
CUST-00978,114,13,408408.65,2,5,5,255,At Risk
CUST-00979,3,10,194933.05,5,4,4,544,Champions
CUST-00980,73,10,153801.05,3,4,3,343,Loyal Customers
CUST-00981,151,6,103974.8,2,3,3,233,At Risk
CUST-00982,61,12,404327.0,3,5,5,355,Loyal Customers
CUST-00983,117,8,245116.15000000002,2,4,4,244,At Risk
CUST-00984,42,12,296206.05,4,5,5,455,Champions
CUST-00985,30,8,112429.1,5,4,3,543,Champions
CUST-00986,108,7,118040.0,2,4,3,243,At Risk
CUST-00987,66,8,295993.45,3,4,5,345,Loyal Customers
CUST-00988,34,9,207027.05,4,4,4,444,Champions
CUST-00989,43,9,220988.84999999998,4,4,4,444,Champions
CUST-00990,57,12,287990.6,3,5,5,355,Loyal Customers
CUST-00991,45,11,207175.2,4,4,4,444,Champions
CUST-00992,41,14,331178.3,4,5,5,455,Champions
CUST-00993,93,10,312056.0,2,4,5,245,At Risk
CUST-00994,32,13,162530.2,4,5,4,454,Champions
CUST-00995,35,12,437125.5,4,5,5,455,Champions
CUST-00996,22,15,391516.8,5,5,5,555,Champions
CUST-00997,40,12,218353.5,4,5,4,454,Champions
CUST-00998,67,11,237876.95,3,4,4,344,Loyal Customers
CUST-00999,31,9,195663.85,4,4,4,444,Champions
CUST-01000,119,15,465028.4,2,5,5,255,At Risk
CUST-01001,134,8,182636.4,2,4,4,244,At Risk
CUST-01002,220,11,348252.6,1,4,5,145,At Risk
CUST-01003,77,10,461133.15,3,4,5,345,Loyal Customers
CUST-01004,100,12,431309.35,2,5,5,255,At Risk
CUST-01005,50,9,202978.94999999998,4,4,4,444,Champions
CUST-01006,25,10,83307.59999999999,5,4,2,542,Champions
CUST-01007,39,12,173564.7,4,5,4,454,Champions
CUST-01008,108,7,108249.2,2,4,3,243,At Risk
CUST-01009,197,7,274583.65,1,4,5,145,At Risk
CUST-01010,16,16,462842.2,5,5,5,555,Champions
CUST-01011,86,9,270206.7,3,4,4,344,Loyal Customers
CUST-01012,159,11,204418.2,2,4,4,244,At Risk
CUST-01013,33,10,194038.5,4,4,4,444,Champions
CUST-01014,118,12,336476.9,2,5,5,255,At Risk
CUST-01015,37,10,178972.55,4,4,4,444,Champions
CUST-01016,36,8,172710.65,4,4,4,444,Champions
CUST-01017,34,14,419099.2,4,5,5,455,Champions
CUST-01018,48,13,372235.6,4,5,5,455,Champions
CUST-01019,40,9,269393.35,4,4,4,444,Champions
CUST-01020,105,9,375525.25,2,4,5,245,At Risk
CUST-01021,40,8,237941.5,4,4,4,444,Champions
CUST-01022,12,7,92022.15,5,4,2,542,Champions
CUST-01023,55,9,193148.65000000002,3,4,4,344,Loyal Customers
CUST-01024,53,8,172254.95,3,4,4,344,Loyal Customers
CUST-01025,69,7,133463.95,3,4,3,343,Loyal Customers
CUST-01026,83,15,343516.0,3,5,5,355,Loyal Customers
CUST-01027,15,14,291137.3,5,5,5,555,Champions
CUST-01028,32,12,240305.25,4,5,4,454,Champions
CUST-01029,7,12,255614.75,5,5,4,554,Champions
CUST-01030,54,8,199982.5,3,4,4,344,Loyal Customers
CUST-01031,33,18,348267.2,4,5,5,455,Champions
CUST-01032,164,8,188790.5,2,4,4,244,At Risk
CUST-01033,61,6,207324.95,3,3,4,334,Loyal Customers
CUST-01034,129,13,236516.19999999998,2,5,4,254,At Risk
CUST-01035,57,15,707603.35,3,5,5,355,Loyal Customers
CUST-01036,44,9,319402.65,4,4,5,445,Champions
CUST-01037,29,10,336290.7,5,4,5,545,Champions
CUST-01038,23,17,226636.75,5,5,4,554,Champions
CUST-01039,65,9,185950.8,3,4,4,344,Loyal Customers
CUST-01040,49,15,490850.8,4,5,5,455,Champions
CUST-01041,9,21,490475.85,5,5,5,555,Champions
CUST-01042,285,7,157338.7,1,4,3,143,At Risk
CUST-01043,7,6,240856.5,5,3,4,534,Loyal Customers
CUST-01044,84,4,193170.55000000002,3,2,4,324,Potential Loyalists
CUST-01045,47,10,148126.85,4,4,3,443,Champions
CUST-01046,81,4,89620.05,3,2,2,322,Potential Loyalists
CUST-01047,23,11,210692.5,5,4,4,544,Champions
CUST-01048,32,15,730112.55,4,5,5,455,Champions
CUST-01049,75,8,157027.5,3,4,3,343,Loyal Customers
CUST-01050,52,5,9337.9,4,3,1,431,Loyal Customers
CUST-01051,12,13,389459.6,5,5,5,555,Champions
CUST-01052,1,7,126531.3,5,4,3,543,Champions
CUST-01053,50,9,229101.2,4,4,4,444,Champions
CUST-01054,75,15,401743.85000000003,3,5,5,355,Loyal Customers
CUST-01055,18,11,371739.15,5,4,5,545,Champions
CUST-01056,11,11,376767.7,5,4,5,545,Champions
CUST-01057,80,6,224756.15000000002,3,3,4,334,Loyal Customers
CUST-01058,125,12,321004.65,2,5,5,255,At Risk
CUST-01059,83,12,398410.9,3,5,5,355,Loyal Customers
CUST-01060,89,10,179100.94999999998,2,4,4,244,At Risk
CUST-01061,43,13,176140.19999999998,4,5,4,454,Champions
CUST-01062,256,7,246259.25,1,4,4,144,At Risk
CUST-01063,7,9,128852.9,5,4,3,543,Champions
CUST-01064,69,16,268257.2,3,5,4,354,Loyal Customers
CUST-01065,13,15,294444.45,5,5,5,555,Champions
CUST-01066,110,8,179472.45,2,4,4,244,At Risk
CUST-01067,49,9,170892.80000000002,4,4,4,444,Champions
CUST-01068,34,8,240880.1,4,4,4,444,Champions
CUST-01069,71,11,366967.5,3,4,5,345,Loyal Customers
CUST-01070,43,17,333605.55,4,5,5,455,Champions
CUST-01071,1,11,148041.8,5,4,3,543,Champions
CUST-01072,45,9,301372.6,4,4,5,445,Champions
CUST-01073,32,5,153446.75,4,3,3,433,Loyal Customers
CUST-01074,242,10,244701.55,1,4,4,144,At Risk
CUST-01075,7,12,247841.75,5,5,4,554,Champions
CUST-01076,112,4,82406.35,2,2,2,222,Lost Customers
CUST-01077,56,16,405302.7,3,5,5,355,Loyal Customers
CUST-01078,88,8,104892.4,2,4,3,243,At Risk
CUST-01079,2,7,155602.75,5,4,3,543,Champions
CUST-01080,32,13,292647.35,4,5,5,455,Champions
CUST-01081,192,13,228072.34999999998,2,5,4,254,At Risk
CUST-01082,184,12,329159.15,2,5,5,255,At Risk
CUST-01083,40,14,413074.65,4,5,5,455,Champions
CUST-01084,73,9,157073.95,3,4,3,343,Loyal Customers
CUST-01085,214,7,221603.8,1,4,4,144,At Risk
CUST-01086,38,11,106784.75,4,4,3,443,Champions
CUST-01087,27,11,332226.35,5,4,5,545,Champions
CUST-01088,138,10,206884.5,2,4,4,244,At Risk
CUST-01089,11,14,336383.8,5,5,5,555,Champions
CUST-01090,146,6,193364.6,2,3,4,234,At Risk
CUST-01091,50,7,364815.65,4,4,5,445,Champions
CUST-01092,10,13,291842.0,5,5,5,555,Champions
CUST-01093,154,8,174232.25,2,4,4,244,At Risk
CUST-01094,68,6,242294.09999999998,3,3,4,334,Loyal Customers
CUST-01095,92,12,341288.35,2,5,5,255,At Risk
CUST-01096,45,13,350183.10000000003,4,5,5,455,Champions
CUST-01097,52,9,230294.0,4,4,4,444,Champions
CUST-01098,55,11,239342.25,3,4,4,344,Loyal Customers
CUST-01099,301,8,210877.15,1,4,4,144,At Risk
CUST-01100,106,10,257609.0,2,4,4,244,At Risk
CUST-01101,283,9,239525.95,1,4,4,144,At Risk
CUST-01102,37,6,136923.65,4,3,3,433,Loyal Customers
CUST-01103,33,11,190488.7,4,4,4,444,Champions
CUST-01104,34,16,203234.5,4,5,4,454,Champions
CUST-01105,45,11,400535.5,4,4,5,445,Champions
CUST-01106,4,8,147910.9,5,4,3,543,Champions
CUST-01107,42,15,246541.1,4,5,4,454,Champions
CUST-01108,100,12,499461.25,2,5,5,255,At Risk
CUST-01109,3,13,183957.05,5,5,4,554,Champions
CUST-01110,11,7,99164.5,5,4,3,543,Champions
CUST-01111,71,12,246999.5,3,5,4,354,Loyal Customers
CUST-01112,4,10,307105.75,5,4,5,545,Champions
CUST-01113,87,12,380034.4,3,5,5,355,Loyal Customers
CUST-01114,32,8,72539.55,4,4,2,442,Champions
CUST-01115,98,8,84489.6,2,4,2,242,At Risk
CUST-01116,83,11,209980.7,3,4,4,344,Loyal Customers
CUST-01117,60,13,459447.39999999997,3,5,5,355,Loyal Customers
CUST-01118,14,14,394072.6,5,5,5,555,Champions
CUST-01119,15,16,558677.45,5,5,5,555,Champions
CUST-01120,4,14,271207.10000000003,5,5,4,554,Champions
CUST-01121,40,13,366762.6,4,5,5,455,Champions
CUST-01122,71,9,208122.65,3,4,4,344,Loyal Customers
CUST-01123,67,10,194235.95,3,4,4,344,Loyal Customers
CUST-01124,22,9,241594.15,5,4,4,544,Champions
CUST-01125,27,7,246444.55,5,4,4,544,Champions
CUST-01126,56,7,113143.0,3,4,3,343,Loyal Customers
CUST-01127,38,11,169631.4,4,4,4,444,Champions
CUST-01128,17,13,245734.3,5,5,4,554,Champions
CUST-01129,14,12,121809.05,5,5,3,553,Champions
CUST-01130,75,11,310129.5,3,4,5,345,Loyal Customers
CUST-01131,28,16,165708.55000000002,5,5,4,554,Champions
CUST-01132,70,7,138019.5,3,4,3,343,Loyal Customers
CUST-01133,123,9,123964.2,2,4,3,243,At Risk
CUST-01134,335,3,112324.40000000001,1,1,3,113,Lost Customers
CUST-01135,253,5,113843.7,1,3,3,133,At Risk
CUST-01136,34,13,256073.55,4,5,4,454,Champions
CUST-01137,9,3,47858.95,5,1,2,512,Potential Loyalists
CUST-01138,39,21,477564.6,4,5,5,455,Champions
CUST-01139,51,9,228059.30000000002,4,4,4,444,Champions
CUST-01140,122,11,213221.4,2,4,4,244,At Risk
CUST-01141,4,11,269282.15,5,4,4,544,Champions
CUST-01142,60,10,240307.85,3,4,4,344,Loyal Customers
CUST-01143,15,14,149046.7,5,5,3,553,Champions
CUST-01144,56,8,144164.0,3,4,3,343,Loyal Customers
CUST-01145,14,9,159267.45,5,4,3,543,Champions
CUST-01146,22,11,227668.55,5,4,4,544,Champions
CUST-01147,20,15,625855.8,5,5,5,555,Champions
CUST-01148,44,12,370434.7,4,5,5,455,Champions
CUST-01149,56,13,309999.8,3,5,5,355,Loyal Customers
CUST-01150,156,9,229825.1,2,4,4,244,At Risk
CUST-01151,35,7,101637.1,4,4,3,443,Champions
CUST-01152,6,5,108511.15,5,3,3,533,Loyal Customers
CUST-01153,33,13,361102.15,4,5,5,455,Champions
CUST-01154,16,14,362409.65,5,5,5,555,Champions
CUST-01155,62,3,11473.95,3,1,1,311,Potential Loyalists
CUST-01156,74,7,83640.85,3,4,2,342,Loyal Customers
CUST-01157,19,9,272240.5,5,4,4,544,Champions
CUST-01158,52,14,313215.85,4,5,5,455,Champions
CUST-01159,37,4,59325.1,4,2,2,422,Potential Loyalists
CUST-01160,148,6,168771.4,2,3,4,234,At Risk
CUST-01161,45,13,249487.80000000002,4,5,4,454,Champions
CUST-01162,35,7,117410.95,4,4,3,443,Champions
CUST-01163,52,14,432225.4,4,5,5,455,Champions
CUST-01164,53,7,163473.35,3,4,4,344,Loyal Customers
CUST-01165,2,7,109840.4,5,4,3,543,Champions
CUST-01166,74,5,81517.35,3,3,2,332,Loyal Customers
CUST-01167,32,9,175724.4,4,4,4,444,Champions
CUST-01168,128,11,246891.15,2,4,4,244,At Risk
CUST-01169,28,8,206532.8,5,4,4,544,Champions
CUST-01170,144,9,67781.05,2,4,2,242,At Risk
CUST-01171,8,15,298376.95,5,5,5,555,Champions
CUST-01172,78,12,243388.8,3,5,4,354,Loyal Customers
CUST-01173,49,9,186082.0,4,4,4,444,Champions
CUST-01174,53,19,366642.2,3,5,5,355,Loyal Customers
CUST-01175,38,5,118824.95,4,3,3,433,Loyal Customers
CUST-01176,8,13,170042.15,5,5,4,554,Champions
CUST-01177,10,14,513127.89999999997,5,5,5,555,Champions
CUST-01178,81,11,184382.45,3,4,4,344,Loyal Customers
CUST-01179,41,12,233958.0,4,5,4,454,Champions
CUST-01180,18,14,314434.8,5,5,5,555,Champions
CUST-01181,236,7,208579.25,1,4,4,144,At Risk
CUST-01182,38,8,288654.45,4,4,5,445,Champions
CUST-01183,32,8,92877.45,4,4,3,443,Champions
CUST-01184,179,11,325716.75,2,4,5,245,At Risk
CUST-01185,28,10,296833.05,5,4,5,545,Champions
CUST-01186,59,13,437216.4,3,5,5,355,Loyal Customers
CUST-01187,61,11,303264.0,3,4,5,345,Loyal Customers
CUST-01188,27,10,279079.0,5,4,5,545,Champions
CUST-01189,2,11,139771.6,5,4,3,543,Champions
CUST-01190,114,16,445204.45,2,5,5,255,At Risk
CUST-01191,33,9,96002.95,4,4,3,443,Champions
CUST-01192,187,9,225133.7,2,4,4,244,At Risk
CUST-01193,206,5,191950.95,1,3,4,134,At Risk
CUST-01194,70,7,65606.15,3,4,2,342,Loyal Customers
CUST-01195,39,9,205024.19999999998,4,4,4,444,Champions
CUST-01196,33,9,215093.1,4,4,4,444,Champions
CUST-01197,29,5,85644.25,5,3,2,532,Loyal Customers
CUST-01198,75,10,204785.55,3,4,4,344,Loyal Customers
CUST-01199,85,6,83908.3,3,3,2,332,Loyal Customers
CUST-01200,47,8,144886.5,4,4,3,443,Champions
CUST-01201,8,13,317769.4,5,5,5,555,Champions
CUST-01202,58,13,287620.9,3,5,5,355,Loyal Customers
CUST-01203,4,6,266904.14999999997,5,3,4,534,Loyal Customers
CUST-01204,33,11,173058.0,4,4,4,444,Champions
CUST-01205,20,11,294597.35,5,4,5,545,Champions
CUST-01206,252,9,205312.8,1,4,4,144,At Risk
CUST-01207,85,12,198671.6,3,5,4,354,Loyal Customers
CUST-01208,128,16,329266.9,2,5,5,255,At Risk
CUST-01209,2,12,269409.6,5,5,4,554,Champions
CUST-01210,33,10,188430.25,4,4,4,444,Champions
CUST-01211,45,11,241256.19999999998,4,4,4,444,Champions
CUST-01212,45,8,172941.7,4,4,4,444,Champions
CUST-01213,6,12,352121.55,5,5,5,555,Champions
CUST-01214,5,16,442403.0,5,5,5,555,Champions
CUST-01215,39,13,194821.2,4,5,4,454,Champions
CUST-01216,34,10,188516.0,4,4,4,444,Champions
CUST-01217,10,12,282841.7,5,5,5,555,Champions
CUST-01218,46,8,137946.4,4,4,3,443,Champions
CUST-01219,14,14,395612.9,5,5,5,555,Champions
CUST-01220,111,7,134563.9,2,4,3,243,At Risk
CUST-01221,22,11,204386.05,5,4,4,544,Champions
CUST-01222,33,13,356665.2,4,5,5,455,Champions
CUST-01223,28,7,78152.05,5,4,2,542,Champions
CUST-01224,25,9,166359.95,5,4,4,544,Champions
CUST-01225,25,14,307116.85,5,5,5,555,Champions
CUST-01226,119,7,155084.9,2,4,3,243,At Risk
CUST-01227,81,13,318364.5,3,5,5,355,Loyal Customers
CUST-01228,51,9,207305.35,4,4,4,444,Champions
CUST-01229,39,9,167192.0,4,4,4,444,Champions
CUST-01230,65,8,259757.8,3,4,4,344,Loyal Customers
CUST-01231,253,11,353615.65,1,4,5,145,At Risk
CUST-01232,57,17,511181.7,3,5,5,355,Loyal Customers
CUST-01233,47,15,159532.6,4,5,3,453,Champions
CUST-01234,25,15,249151.45,5,5,4,554,Champions
CUST-01235,42,12,159757.1,4,5,3,453,Champions
CUST-01236,35,10,286073.0,4,4,5,445,Champions
CUST-01237,81,16,437646.95,3,5,5,355,Loyal Customers
CUST-01238,175,13,405403.89999999997,2,5,5,255,At Risk
CUST-01239,17,14,269925.45,5,5,4,554,Champions
CUST-01240,37,8,78318.25,4,4,2,442,Champions
CUST-01241,76,8,243323.9,3,4,4,344,Loyal Customers
CUST-01242,42,18,464349.4,4,5,5,455,Champions
CUST-01243,58,9,227555.35,3,4,4,344,Loyal Customers
CUST-01244,4,12,276035.25,5,5,5,555,Champions
CUST-01245,12,11,193612.8,5,4,4,544,Champions
CUST-01246,41,5,91578.2,4,3,2,432,Loyal Customers
CUST-01247,133,6,92758.85,2,3,3,233,At Risk
CUST-01248,23,7,341134.3,5,4,5,545,Champions
CUST-01249,112,5,73801.8,2,3,2,232,At Risk
CUST-01250,147,7,147611.55,2,4,3,243,At Risk
CUST-01251,156,9,148867.19999999998,2,4,3,243,At Risk
CUST-01252,19,10,280562.4,5,4,5,545,Champions
CUST-01253,61,6,50248.45,3,3,2,332,Loyal Customers
CUST-01254,44,12,159074.55,4,5,3,453,Champions
CUST-01255,70,7,103286.7,3,4,3,343,Loyal Customers
CUST-01256,152,4,128446.15,2,2,3,223,Lost Customers
CUST-01257,17,15,268879.25,5,5,4,554,Champions
CUST-01258,72,6,222725.25,3,3,4,334,Loyal Customers
CUST-01259,49,16,254018.4,4,5,4,454,Champions
CUST-01260,37,8,49952.05,4,4,2,442,Champions
CUST-01261,57,15,336678.45,3,5,5,355,Loyal Customers
CUST-01262,174,8,375879.9,2,4,5,245,At Risk
CUST-01263,126,5,77598.95,2,3,2,232,At Risk
CUST-01264,33,10,175004.69999999998,4,4,4,444,Champions
CUST-01265,66,6,103792.45,3,3,3,333,Loyal Customers
CUST-01266,325,12,181284.5,1,5,4,154,At Risk
CUST-01267,79,14,472224.5,3,5,5,355,Loyal Customers
CUST-01268,274,4,61062.6,1,2,2,122,Lost Customers
CUST-01269,30,13,212018.1,5,5,4,554,Champions
CUST-01270,52,9,259759.65,4,4,4,444,Champions
CUST-01271,280,5,76406.85,1,3,2,132,At Risk
CUST-01272,42,10,143725.8,4,4,3,443,Champions
CUST-01273,98,9,425465.2,2,4,5,245,At Risk
CUST-01274,47,9,216596.2,4,4,4,444,Champions
CUST-01275,42,11,311991.4,4,4,5,445,Champions
CUST-01276,39,13,182467.0,4,5,4,454,Champions
CUST-01277,110,6,127150.75,2,3,3,233,At Risk
CUST-01278,2,12,399597.6,5,5,5,555,Champions
CUST-01279,190,4,240821.5,2,2,4,224,Lost Customers
CUST-01280,146,10,162114.15,2,4,4,244,At Risk
CUST-01281,35,14,256342.94999999998,4,5,4,454,Champions
CUST-01282,14,16,608309.75,5,5,5,555,Champions
CUST-01283,4,8,62878.549999999996,5,4,2,542,Champions
CUST-01284,46,15,426133.1,4,5,5,455,Champions
CUST-01285,8,11,305725.6,5,4,5,545,Champions
CUST-01286,41,7,159022.45,4,4,3,443,Champions
CUST-01287,33,8,154870.69999999998,4,4,3,443,Champions
CUST-01288,19,15,212392.7,5,5,4,554,Champions
CUST-01289,12,14,200784.2,5,5,4,554,Champions
CUST-01290,57,5,118030.5,3,3,3,333,Loyal Customers
CUST-01291,17,16,210011.9,5,5,4,554,Champions
CUST-01292,34,15,286381.45,4,5,5,455,Champions
CUST-01293,41,9,52837.15,4,4,2,442,Champions
CUST-01294,10,12,398090.75,5,5,5,555,Champions
CUST-01295,25,13,106571.5,5,5,3,553,Champions
CUST-01296,40,18,351495.1,4,5,5,455,Champions
CUST-01297,80,15,263264.9,3,5,4,354,Loyal Customers
CUST-01298,22,8,51349.2,5,4,2,542,Champions
CUST-01299,169,11,112500.25,2,4,3,243,At Risk
CUST-01300,32,13,361674.75,4,5,5,455,Champions
CUST-01301,26,8,49239.15,5,4,2,542,Champions
CUST-01302,40,9,170747.5,4,4,4,444,Champions
CUST-01303,38,11,407027.75,4,4,5,445,Champions
CUST-01304,96,6,110789.25,2,3,3,233,At Risk
CUST-01305,27,8,90958.35,5,4,2,542,Champions
CUST-01306,135,8,76333.8,2,4,2,242,At Risk
CUST-01307,67,9,246343.0,3,4,4,344,Loyal Customers
CUST-01308,92,14,273154.1,2,5,4,254,At Risk
CUST-01309,12,12,137185.2,5,5,3,553,Champions
CUST-01310,36,11,170955.65,4,4,4,444,Champions
CUST-01311,235,10,144707.4,1,4,3,143,At Risk
CUST-01312,92,14,459770.8,2,5,5,255,At Risk
CUST-01313,39,10,223933.7,4,4,4,444,Champions
CUST-01314,107,6,85496.85,2,3,2,232,At Risk
CUST-01315,50,5,162328.35,4,3,4,434,Loyal Customers
CUST-01316,41,10,214375.3,4,4,4,444,Champions
CUST-01317,65,19,443527.05,3,5,5,355,Loyal Customers
CUST-01318,7,12,329527.4,5,5,5,555,Champions
CUST-01319,49,7,517602.05,4,4,5,445,Champions
CUST-01320,108,8,226831.75,2,4,4,244,At Risk
CUST-01321,75,12,167597.55,3,5,4,354,Loyal Customers
CUST-01322,64,9,266889.45,3,4,4,344,Loyal Customers
CUST-01323,22,10,86574.7,5,4,2,542,Champions
CUST-01324,175,9,287330.2,2,4,5,245,At Risk
CUST-01325,13,9,160490.09999999998,5,4,3,543,Champions
CUST-01326,37,15,380207.2,4,5,5,455,Champions
CUST-01327,16,10,100057.25,5,4,3,543,Champions
CUST-01328,15,11,106881.6,5,4,3,543,Champions
CUST-01329,41,12,297558.5,4,5,5,455,Champions
CUST-01330,16,9,327270.05,5,4,5,545,Champions
CUST-01331,188,5,130899.95,2,3,3,233,At Risk
CUST-01332,67,8,105118.65,3,4,3,343,Loyal Customers
CUST-01333,68,8,176958.85,3,4,4,344,Loyal Customers
CUST-01334,195,10,395670.65,2,4,5,245,At Risk
CUST-01335,258,5,110830.8,1,3,3,133,At Risk
CUST-01336,41,16,269280.4,4,5,4,454,Champions
CUST-01337,83,13,268095.0,3,5,4,354,Loyal Customers
CUST-01338,54,10,183873.65,3,4,4,344,Loyal Customers
CUST-01339,64,7,127178.45000000001,3,4,3,343,Loyal Customers
CUST-01340,4,10,291649.05,5,4,5,545,Champions
CUST-01341,77,10,225436.95,3,4,4,344,Loyal Customers
CUST-01342,137,8,207379.1,2,4,4,244,At Risk
CUST-01343,5,7,174861.2,5,4,4,544,Champions
CUST-01344,48,9,233077.0,4,4,4,444,Champions
CUST-01345,30,14,354236.39999999997,5,5,5,555,Champions
CUST-01346,18,7,71848.3,5,4,2,542,Champions
CUST-01347,69,14,187178.6,3,5,4,354,Loyal Customers
CUST-01348,47,8,161467.25,4,4,4,444,Champions
CUST-01349,44,10,535617.15,4,4,5,445,Champions
CUST-01350,14,16,490046.9,5,5,5,555,Champions
CUST-01351,71,4,137891.45,3,2,3,323,Potential Loyalists
CUST-01352,50,8,367775.65,4,4,5,445,Champions
CUST-01353,45,12,186232.0,4,5,4,454,Champions
CUST-01354,7,13,447646.35,5,5,5,555,Champions
CUST-01355,136,14,362856.15,2,5,5,255,At Risk
CUST-01356,312,6,113138.20000000001,1,3,3,133,At Risk
CUST-01357,168,12,192542.25,2,5,4,254,At Risk
CUST-01358,46,9,198315.19999999998,4,4,4,444,Champions
CUST-01359,34,17,379278.2,4,5,5,455,Champions
CUST-01360,63,9,131354.1,3,4,3,343,Loyal Customers
CUST-01361,38,19,617471.3,4,5,5,455,Champions
CUST-01362,8,6,88491.3,5,3,2,532,Loyal Customers
CUST-01363,181,7,201714.35,2,4,4,244,At Risk
CUST-01364,57,11,275195.15,3,4,5,345,Loyal Customers
CUST-01365,93,7,180486.4,2,4,4,244,At Risk
CUST-01366,31,15,315199.65,4,5,5,455,Champions
CUST-01367,26,6,236393.5,5,3,4,534,Loyal Customers
CUST-01368,58,10,221597.9,3,4,4,344,Loyal Customers
CUST-01369,25,14,439633.3,5,5,5,555,Champions
CUST-01370,149,9,168624.3,2,4,4,244,At Risk
CUST-01371,40,11,349350.89999999997,4,4,5,445,Champions
CUST-01372,176,9,267342.85,2,4,4,244,At Risk
CUST-01373,47,11,289902.55,4,4,5,445,Champions
CUST-01374,5,9,127428.09999999999,5,4,3,543,Champions
CUST-01375,43,10,264793.7,4,4,4,444,Champions
CUST-01376,14,12,356809.95,5,5,5,555,Champions
CUST-01377,65,13,161819.35,3,5,4,354,Loyal Customers
CUST-01378,59,12,290972.65,3,5,5,355,Loyal Customers
CUST-01379,36,10,162216.85,4,4,4,444,Champions
CUST-01380,41,18,508859.55,4,5,5,455,Champions
CUST-01381,67,8,99323.65,3,4,3,343,Loyal Customers
CUST-01382,36,9,279228.4,4,4,5,445,Champions
CUST-01383,28,10,329466.25,5,4,5,545,Champions
CUST-01384,130,11,310357.95,2,4,5,245,At Risk
CUST-01385,8,6,22126.6,5,3,1,531,Loyal Customers
CUST-01386,67,6,145197.9,3,3,3,333,Loyal Customers
CUST-01387,97,11,269717.5,2,4,4,244,At Risk
CUST-01388,76,13,264011.7,3,5,4,354,Loyal Customers
CUST-01389,92,6,283267.35,2,3,5,235,At Risk
CUST-01390,63,7,106891.09999999999,3,4,3,343,Loyal Customers
CUST-01391,53,11,261150.5,3,5,4,354,Loyal Customers
CUST-01392,22,10,215773.1,5,4,4,544,Champions
CUST-01393,66,11,243941.8,3,5,4,354,Loyal Customers
CUST-01394,58,10,158579.85,3,4,3,343,Loyal Customers
CUST-01395,74,6,85982.6,3,3,2,332,Loyal Customers
CUST-01396,101,6,251362.55000000002,2,3,4,234,At Risk
CUST-01397,4,13,252690.90000000002,5,5,4,554,Champions
CUST-01398,37,10,336970.45,4,4,5,445,Champions
CUST-01399,72,11,284744.05,3,5,5,355,Loyal Customers
CUST-01400,18,8,218830.35,5,4,4,544,Champions
CUST-01401,78,6,109238.4,3,3,3,333,Loyal Customers
CUST-01402,79,11,233644.65,3,5,4,354,Loyal Customers
CUST-01403,32,9,260753.6,4,4,4,444,Champions
CUST-01404,72,4,102408.0,3,2,3,323,Potential Loyalists
CUST-01405,3,16,249519.95,5,5,4,554,Champions
CUST-01406,14,13,397390.55,5,5,5,555,Champions
CUST-01407,18,12,193454.85,5,5,4,554,Champions
CUST-01408,21,13,322584.0,5,5,5,555,Champions
CUST-01409,89,10,124057.15,2,4,3,243,At Risk
CUST-01410,5,15,424058.45,5,5,5,555,Champions
CUST-01411,34,17,488857.45,4,5,5,455,Champions
CUST-01412,41,14,76235.75,4,5,2,452,Champions
CUST-01413,33,8,206735.9,4,4,4,444,Champions
CUST-01414,72,3,41537.55,3,1,1,311,Potential Loyalists
CUST-01415,147,7,153379.25,2,4,3,243,At Risk
CUST-01416,49,9,240756.8,4,4,4,444,Champions
CUST-01417,84,10,198566.3,3,4,4,344,Loyal Customers
CUST-01418,35,16,314193.9,4,5,5,455,Champions
CUST-01419,46,8,308686.3,4,4,5,445,Champions
CUST-01420,44,9,135165.25,4,4,3,443,Champions
CUST-01421,41,5,144465.90000000002,4,3,3,433,Loyal Customers
CUST-01422,2,13,229881.0,5,5,4,554,Champions
CUST-01423,40,13,233585.94999999998,4,5,4,454,Champions
CUST-01424,36,11,369215.5,4,5,5,455,Champions
CUST-01425,65,4,51452.35,3,2,2,322,Potential Loyalists
CUST-01426,12,7,177462.05,5,4,4,544,Champions
CUST-01427,66,4,126637.09999999999,3,2,3,323,Potential Loyalists
CUST-01428,98,12,412301.05,2,5,5,255,At Risk
CUST-01429,3,6,151322.65,5,3,3,533,Loyal Customers
CUST-01430,4,12,175583.2,5,5,4,554,Champions
CUST-01431,260,7,118580.5,1,4,3,143,At Risk
CUST-01432,58,10,134797.95,3,4,3,343,Loyal Customers
CUST-01433,34,15,331628.0,4,5,5,455,Champions
CUST-01434,37,14,314494.2,4,5,5,455,Champions
CUST-01435,94,6,83963.15,2,3,2,232,At Risk
CUST-01436,42,12,435040.05,4,5,5,455,Champions
CUST-01437,43,7,305078.4,4,4,5,445,Champions
CUST-01438,1,11,456067.4,5,5,5,555,Champions
CUST-01439,66,14,207222.5,3,5,4,354,Loyal Customers
CUST-01440,74,8,174884.45,3,4,4,344,Loyal Customers
CUST-01441,41,14,173721.15,4,5,4,454,Champions
CUST-01442,25,8,413691.6,5,4,5,545,Champions
CUST-01443,17,13,379938.05,5,5,5,555,Champions
CUST-01444,21,11,143760.95,5,5,3,553,Champions
CUST-01445,49,8,81383.3,4,4,2,442,Champions
CUST-01446,43,10,123535.0,4,4,3,443,Champions
CUST-01447,6,8,101062.75,5,4,3,543,Champions
CUST-01448,19,8,400088.05,5,4,5,545,Champions
CUST-01449,58,6,204204.6,3,3,4,334,Loyal Customers
CUST-01450,23,9,206134.0,5,4,4,544,Champions
CUST-01451,34,14,567724.7,4,5,5,455,Champions
CUST-01452,61,13,410981.64999999997,3,5,5,355,Loyal Customers
CUST-01453,59,10,155399.55,3,4,3,343,Loyal Customers
CUST-01454,218,8,143044.45,1,4,3,143,At Risk
CUST-01455,55,11,359959.35,3,5,5,355,Loyal Customers
CUST-01456,90,8,236032.55,2,4,4,244,At Risk
CUST-01457,33,13,441321.7,4,5,5,455,Champions
CUST-01458,13,13,552524.05,5,5,5,555,Champions
CUST-01459,5,9,334996.7,5,4,5,545,Champions
CUST-01460,12,9,137281.15,5,4,3,543,Champions
CUST-01461,78,5,124656.25,3,3,3,333,Loyal Customers
CUST-01462,11,9,437607.25,5,4,5,545,Champions
CUST-01463,16,10,120862.65000000001,5,4,3,543,Champions
CUST-01464,41,10,167035.9,4,4,4,444,Champions
CUST-01465,11,16,272615.25,5,5,4,554,Champions
CUST-01466,57,11,391998.1,3,5,5,355,Loyal Customers
CUST-01467,14,6,386525.7,5,3,5,535,Loyal Customers
CUST-01468,148,9,234442.8,2,4,4,244,At Risk
CUST-01469,42,8,223557.35,4,4,4,444,Champions
CUST-01470,54,13,283948.1,3,5,5,355,Loyal Customers
CUST-01471,49,11,232948.2,4,5,4,454,Champions
CUST-01472,8,9,302433.0,5,4,5,545,Champions
CUST-01473,82,16,337084.95,3,5,5,355,Loyal Customers
CUST-01474,65,11,235024.75,3,5,4,354,Loyal Customers
CUST-01475,32,5,159838.15,4,3,3,433,Loyal Customers
CUST-01476,33,8,186210.94999999998,4,4,4,444,Champions
CUST-01477,53,9,158641.7,3,4,3,343,Loyal Customers
CUST-01478,25,13,213378.65,5,5,4,554,Champions
CUST-01479,18,14,314486.25,5,5,5,555,Champions
CUST-01480,90,8,139875.8,2,4,3,243,At Risk
CUST-01481,58,8,150538.75,3,4,3,343,Loyal Customers
CUST-01482,127,9,426684.65,2,4,5,245,At Risk
CUST-01483,105,13,274828.3,2,5,5,255,At Risk
CUST-01484,5,8,345564.7,5,4,5,545,Champions
CUST-01485,46,6,141261.2,4,3,3,433,Loyal Customers
CUST-01486,48,9,112737.8,4,4,3,443,Champions
CUST-01487,39,10,146587.15,4,4,3,443,Champions
CUST-01488,56,14,90539.75,3,5,2,352,Loyal Customers
CUST-01489,103,10,171169.85,2,4,4,244,At Risk
CUST-01490,24,11,166397.45,5,5,4,554,Champions
CUST-01491,274,9,198166.15,1,4,4,144,At Risk
CUST-01492,66,9,97768.85,3,4,3,343,Loyal Customers
CUST-01493,38,12,573570.95,4,5,5,455,Champions
CUST-01494,2,13,215300.3,5,5,4,554,Champions
CUST-01495,151,5,112962.0,2,3,3,233,At Risk
CUST-01496,85,8,124979.8,3,4,3,343,Loyal Customers
CUST-01497,63,11,228766.84999999998,3,5,4,354,Loyal Customers
CUST-01498,53,11,245255.6,3,5,4,354,Loyal Customers
CUST-01499,30,11,361203.0,5,5,5,555,Champions
CUST-01500,62,6,168015.1,3,3,4,334,Loyal Customers
CUST-01501,50,12,185581.4,4,5,4,454,Champions
CUST-01502,74,7,116404.3,3,4,3,343,Loyal Customers
CUST-01503,22,8,143590.55,5,4,3,543,Champions
CUST-01504,57,14,399533.2,3,5,5,355,Loyal Customers
CUST-01505,90,18,474798.55,2,5,5,255,At Risk
CUST-01506,21,13,211746.19999999998,5,5,4,554,Champions
CUST-01507,37,12,269364.75,4,5,4,454,Champions
CUST-01508,31,10,235210.5,4,4,4,444,Champions
CUST-01509,25,17,266564.2,5,5,4,554,Champions
CUST-01510,48,13,334739.1,4,5,5,455,Champions
CUST-01511,112,7,158255.35,2,4,3,243,At Risk
CUST-01512,73,12,499588.3,3,5,5,355,Loyal Customers
CUST-01513,20,11,179166.7,5,5,4,554,Champions
CUST-01514,9,11,358469.0,5,5,5,555,Champions
CUST-01515,62,4,117532.55,3,2,3,323,Potential Loyalists
CUST-01516,121,14,184001.25,2,5,4,254,At Risk
CUST-01517,161,8,103685.95,2,4,3,243,At Risk
CUST-01518,49,15,439584.1,4,5,5,455,Champions
CUST-01519,113,5,176369.25,2,3,4,234,At Risk
CUST-01520,34,14,235330.6,4,5,4,454,Champions
CUST-01521,38,6,236004.2,4,3,4,434,Loyal Customers
CUST-01522,62,8,198213.15,3,4,4,344,Loyal Customers
CUST-01523,78,16,288777.35000000003,3,5,5,355,Loyal Customers
CUST-01524,16,9,227343.35,5,4,4,544,Champions
CUST-01525,160,14,356427.5,2,5,5,255,At Risk
CUST-01526,35,6,273325.0,4,3,4,434,Loyal Customers
CUST-01527,2,14,232004.75,5,5,4,554,Champions
CUST-01528,174,6,129925.0,2,3,3,233,At Risk
CUST-01529,69,7,145000.0,3,4,3,343,Loyal Customers
CUST-01530,53,9,256730.7,3,4,4,344,Loyal Customers
CUST-01531,29,11,255302.1,5,5,4,554,Champions
CUST-01532,42,9,198464.25,4,4,4,444,Champions
CUST-01533,38,8,246495.94999999998,4,4,4,444,Champions
CUST-01534,52,11,290498.85,4,5,5,455,Champions
CUST-01535,53,15,466185.89999999997,3,5,5,355,Loyal Customers
CUST-01536,10,10,194888.55,5,4,4,544,Champions
CUST-01537,277,6,303960.2,1,3,5,135,At Risk
CUST-01538,68,7,316079.6,3,4,5,345,Loyal Customers
CUST-01539,33,9,167219.85,4,4,4,444,Champions
CUST-01540,47,6,101591.29999999999,4,3,3,433,Loyal Customers
CUST-01541,16,12,181089.55000000002,5,5,4,554,Champions
CUST-01542,34,17,388606.5,4,5,5,455,Champions
CUST-01543,83,8,153956.7,3,4,3,343,Loyal Customers
CUST-01544,49,10,316627.55,4,4,5,445,Champions
CUST-01545,110,7,133280.4,2,4,3,243,At Risk
CUST-01546,52,7,143967.45,4,4,3,443,Champions
CUST-01547,7,9,176640.1,5,4,4,544,Champions
CUST-01548,2,4,283223.15,5,2,5,525,Potential Loyalists
CUST-01549,174,9,129456.5,2,4,3,243,At Risk
CUST-01550,62,9,164896.55000000002,3,4,4,344,Loyal Customers
CUST-01551,39,15,258184.95,4,5,4,454,Champions
CUST-01552,33,12,274758.85,4,5,5,455,Champions
CUST-01553,29,10,198934.15,5,4,4,544,Champions
CUST-01554,58,13,296857.7,3,5,5,355,Loyal Customers
CUST-01555,21,13,322138.9,5,5,5,555,Champions
CUST-01556,52,17,505601.25,4,5,5,455,Champions
CUST-01557,8,11,386131.2,5,5,5,555,Champions
CUST-01558,54,12,263915.4,3,5,4,354,Loyal Customers
CUST-01559,10,9,230178.35,5,4,4,544,Champions
CUST-01560,128,7,131858.8,2,4,3,243,At Risk
CUST-01561,9,9,240138.85,5,4,4,544,Champions
CUST-01562,44,12,196038.45,4,5,4,454,Champions
CUST-01563,281,8,137308.25,1,4,3,143,At Risk
CUST-01564,59,13,139646.45,3,5,3,353,Loyal Customers
CUST-01565,78,8,179467.94999999998,3,4,4,344,Loyal Customers
CUST-01566,36,9,329463.5,4,4,5,445,Champions
CUST-01567,3,9,299972.05,5,4,5,545,Champions
CUST-01568,66,11,208124.19999999998,3,5,4,354,Loyal Customers
CUST-01569,17,11,232897.25,5,5,4,554,Champions
CUST-01570,25,11,238656.75,5,5,4,554,Champions
CUST-01571,140,7,217799.45,2,4,4,244,At Risk
CUST-01572,8,6,157003.25,5,3,3,533,Loyal Customers
CUST-01573,29,13,163680.15,5,5,4,554,Champions
CUST-01574,40,10,149147.1,4,4,3,443,Champions
CUST-01575,44,10,157480.3,4,4,3,443,Champions
CUST-01576,52,17,515766.85000000003,4,5,5,455,Champions
CUST-01577,46,11,213176.9,4,5,4,454,Champions
CUST-01578,7,11,399824.8,5,5,5,555,Champions
CUST-01579,5,11,401668.3,5,5,5,555,Champions
CUST-01580,42,6,83693.05,4,3,2,432,Loyal Customers
CUST-01581,13,11,349779.65,5,5,5,555,Champions
CUST-01582,35,8,121909.1,4,4,3,443,Champions
CUST-01583,32,14,186231.65,4,5,4,454,Champions
CUST-01584,143,17,414495.95,2,5,5,255,At Risk
CUST-01585,290,9,110005.95000000001,1,4,3,143,At Risk
CUST-01586,59,6,41217.3,3,3,1,331,Loyal Customers
CUST-01587,35,12,410960.25,4,5,5,455,Champions
CUST-01588,37,9,234487.15,4,4,4,444,Champions
CUST-01589,28,8,293280.45,5,4,5,545,Champions
CUST-01590,87,11,218947.0,3,5,4,354,Loyal Customers
CUST-01591,49,7,142522.2,4,4,3,443,Champions
CUST-01592,146,6,122881.25,2,3,3,233,At Risk
CUST-01593,19,9,199148.35,5,4,4,544,Champions
CUST-01594,33,13,166140.2,4,5,4,454,Champions
CUST-01595,44,8,215297.25,4,4,4,444,Champions
CUST-01596,35,8,278476.2,4,4,5,445,Champions
CUST-01597,41,8,223763.15,4,4,4,444,Champions
CUST-01598,10,10,167810.25,5,4,4,544,Champions
CUST-01599,17,8,236399.30000000002,5,4,4,544,Champions
CUST-01600,51,10,327727.10000000003,4,4,5,445,Champions
CUST-01601,8,8,199295.45,5,4,4,544,Champions
CUST-01602,31,12,328795.1,4,5,5,455,Champions
CUST-01603,41,7,136330.1,4,4,3,443,Champions
CUST-01604,3,23,586808.65,5,5,5,555,Champions
CUST-01605,44,8,236738.6,4,4,4,444,Champions
CUST-01606,23,8,145977.6,5,4,3,543,Champions
CUST-01607,18,11,243554.0,5,5,4,554,Champions
CUST-01608,2,11,250743.44999999998,5,5,4,554,Champions
CUST-01609,108,8,328429.1,2,4,5,245,At Risk
CUST-01610,48,6,234950.35,4,3,4,434,Loyal Customers
CUST-01611,64,11,243815.05000000002,3,5,4,354,Loyal Customers
CUST-01612,48,8,214674.40000000002,4,4,4,444,Champions
CUST-01613,62,9,115778.3,3,4,3,343,Loyal Customers
CUST-01614,236,10,78085.55,1,4,2,142,At Risk
CUST-01615,46,7,76866.0,4,4,2,442,Champions
CUST-01616,27,8,227408.45,5,4,4,544,Champions
CUST-01617,80,17,330591.2,3,5,5,355,Loyal Customers
CUST-01618,52,8,148533.6,4,4,3,443,Champions
CUST-01619,55,12,308212.65,3,5,5,355,Loyal Customers
CUST-01620,201,8,148967.80000000002,1,4,3,143,At Risk
CUST-01621,30,11,245801.5,5,5,4,554,Champions
CUST-01622,244,1,9008.3,1,1,1,111,Lost Customers
CUST-01623,66,6,145049.05,3,3,3,333,Loyal Customers
CUST-01624,19,14,135416.4,5,5,3,553,Champions
CUST-01625,73,7,126900.3,3,4,3,343,Loyal Customers
CUST-01626,15,5,196428.95,5,3,4,534,Loyal Customers
CUST-01627,32,13,166340.85,4,5,4,454,Champions
CUST-01628,134,9,522396.15,2,4,5,245,At Risk
CUST-01629,59,12,186592.7,3,5,4,354,Loyal Customers
CUST-01630,45,9,274145.39999999997,4,4,5,445,Champions
CUST-01631,19,6,153455.05000000002,5,3,3,533,Loyal Customers
CUST-01632,65,10,283952.05,3,4,5,345,Loyal Customers
CUST-01633,78,6,205439.35,3,3,4,334,Loyal Customers
CUST-01634,46,13,298672.85,4,5,5,455,Champions
CUST-01635,46,9,174397.7,4,4,4,444,Champions
CUST-01636,34,11,280589.6,4,5,5,455,Champions
CUST-01637,36,9,208135.30000000002,4,4,4,444,Champions
CUST-01638,136,5,305382.6,2,3,5,235,At Risk
CUST-01639,215,6,120116.0,1,3,3,133,At Risk
CUST-01640,44,10,176140.3,4,4,4,444,Champions
CUST-01641,66,8,250551.6,3,4,4,344,Loyal Customers
CUST-01642,91,11,536167.95,2,5,5,255,At Risk
CUST-01643,18,12,252245.05,5,5,4,554,Champions
CUST-01644,342,6,83047.9,1,3,2,132,At Risk
CUST-01645,44,12,163230.0,4,5,4,454,Champions
CUST-01646,49,16,464544.10000000003,4,5,5,455,Champions
CUST-01647,29,6,325188.15,5,3,5,535,Loyal Customers
CUST-01648,29,15,223761.2,5,5,4,554,Champions
CUST-01649,126,8,197475.75,2,4,4,244,At Risk
CUST-01650,33,8,411979.0,4,4,5,445,Champions
CUST-01651,56,8,199800.55,3,4,4,344,Loyal Customers
CUST-01652,63,14,375107.05,3,5,5,355,Loyal Customers
CUST-01653,39,5,94953.0,4,3,3,433,Loyal Customers
CUST-01654,44,18,303322.5,4,5,5,455,Champions
CUST-01655,43,12,363348.0,4,5,5,455,Champions
CUST-01656,96,12,352084.45,2,5,5,255,At Risk
CUST-01657,45,7,114485.0,4,4,3,443,Champions
CUST-01658,121,8,143047.9,2,4,3,243,At Risk
CUST-01659,88,7,81301.1,2,4,2,242,At Risk
CUST-01660,78,12,264871.95,3,5,4,354,Loyal Customers
CUST-01661,46,5,315197.7,4,3,5,435,Loyal Customers
CUST-01662,17,10,342389.8,5,4,5,545,Champions
CUST-01663,39,10,235195.05,4,4,4,444,Champions
CUST-01664,169,5,123591.05,2,3,3,233,At Risk
CUST-01665,43,10,226861.8,4,4,4,444,Champions
CUST-01666,10,10,244578.05000000002,5,4,4,544,Champions
CUST-01667,39,15,344522.95,4,5,5,455,Champions
CUST-01668,53,14,275683.75,3,5,5,355,Loyal Customers
CUST-01669,36,8,283566.2,4,4,5,445,Champions
CUST-01670,69,21,455760.1,3,5,5,355,Loyal Customers
CUST-01671,39,14,363127.65,4,5,5,455,Champions
CUST-01672,9,14,365347.8,5,5,5,555,Champions
CUST-01673,132,12,377803.35,2,5,5,255,At Risk
CUST-01674,128,8,73893.45,2,4,2,242,At Risk
CUST-01675,44,9,248503.45,4,4,4,444,Champions
CUST-01676,95,7,69906.6,2,4,2,242,At Risk
CUST-01677,35,15,316432.45,4,5,5,455,Champions
CUST-01678,65,11,285300.25,3,5,5,355,Loyal Customers
CUST-01679,52,7,200188.75,4,4,4,444,Champions
CUST-01680,61,11,398298.75,3,5,5,355,Loyal Customers
CUST-01681,78,8,194116.2,3,4,4,344,Loyal Customers
CUST-01682,40,17,302108.45,4,5,5,455,Champions
CUST-01683,35,10,146869.85,4,4,3,443,Champions
CUST-01684,89,13,248174.95,2,5,4,254,At Risk
CUST-01685,34,10,273795.35,4,4,5,445,Champions
CUST-01686,13,8,236820.44999999998,5,4,4,544,Champions
CUST-01687,21,5,52752.0,5,3,2,532,Loyal Customers
CUST-01688,25,12,222621.15,5,5,4,554,Champions
CUST-01689,211,8,536031.85,1,4,5,145,At Risk
CUST-01690,183,6,164797.55,2,3,4,234,At Risk
CUST-01691,98,12,216361.65,2,5,4,254,At Risk
CUST-01692,91,9,401582.64999999997,2,4,5,245,At Risk
CUST-01693,10,7,123521.4,5,4,3,543,Champions
CUST-01694,70,9,192133.94999999998,3,4,4,344,Loyal Customers
CUST-01695,19,12,205910.55,5,5,4,554,Champions
CUST-01696,64,12,174834.1,3,5,4,354,Loyal Customers
CUST-01697,55,14,267600.8,3,5,4,354,Loyal Customers
CUST-01698,10,11,332572.5,5,5,5,555,Champions
CUST-01699,142,5,100927.70000000001,2,3,3,233,At Risk
CUST-01700,181,13,367590.15,2,5,5,255,At Risk
CUST-01701,71,12,168064.0,3,5,4,354,Loyal Customers
CUST-01702,99,12,184399.7,2,5,4,254,At Risk
CUST-01703,258,7,83646.75,1,4,2,142,At Risk
CUST-01704,33,5,54537.0,4,3,2,432,Loyal Customers
CUST-01705,17,14,349767.35,5,5,5,555,Champions
CUST-01706,16,6,124434.0,5,3,3,533,Loyal Customers
CUST-01707,32,7,181783.4,4,4,4,444,Champions
CUST-01708,151,12,257769.75,2,5,4,254,At Risk
CUST-01709,11,15,500252.85,5,5,5,555,Champions
CUST-01710,42,9,165903.65,4,4,4,444,Champions
CUST-01711,10,10,130745.75,5,4,3,543,Champions
CUST-01712,53,9,159474.85,3,4,3,343,Loyal Customers
CUST-01713,39,16,515445.2,4,5,5,455,Champions
CUST-01714,38,5,223389.95,4,3,4,434,Loyal Customers
CUST-01715,24,14,463400.5,5,5,5,555,Champions
CUST-01716,80,10,145347.75,3,4,3,343,Loyal Customers
CUST-01717,7,16,317207.7,5,5,5,555,Champions
CUST-01718,50,16,238634.35,4,5,4,454,Champions
CUST-01719,7,10,234663.65,5,4,4,544,Champions
CUST-01720,15,10,350504.2,5,4,5,545,Champions
CUST-01721,58,14,399131.1,3,5,5,355,Loyal Customers
CUST-01722,191,5,113918.9,2,3,3,233,At Risk
CUST-01723,265,5,57174.799999999996,1,3,2,132,At Risk
CUST-01724,236,6,233551.4,1,3,4,134,At Risk
CUST-01725,38,12,302549.9,4,5,5,455,Champions
CUST-01726,36,11,198632.55,4,5,4,454,Champions
CUST-01727,185,8,388456.3,2,4,5,245,At Risk
CUST-01728,15,11,176342.1,5,5,4,554,Champions
CUST-01729,70,13,251162.4,3,5,4,354,Loyal Customers
CUST-01730,46,14,222784.55,4,5,4,454,Champions
CUST-01731,10,18,515119.2,5,5,5,555,Champions
CUST-01732,70,12,341329.0,3,5,5,355,Loyal Customers
CUST-01733,104,13,528868.0,2,5,5,255,At Risk
CUST-01734,75,9,129633.45,3,4,3,343,Loyal Customers
CUST-01735,54,8,227455.15,3,4,4,344,Loyal Customers
CUST-01736,81,10,341499.9,3,4,5,345,Loyal Customers
CUST-01737,62,15,268494.1,3,5,4,354,Loyal Customers
CUST-01738,170,3,8438.45,2,1,1,211,Lost Customers
CUST-01739,106,13,246945.8,2,5,4,254,At Risk
CUST-01740,24,11,186758.1,5,5,4,554,Champions
CUST-01741,74,8,110606.04999999999,3,4,3,343,Loyal Customers
CUST-01742,20,4,137542.0,5,2,3,523,Potential Loyalists
CUST-01743,118,10,386522.1,2,4,5,245,At Risk
CUST-01744,81,10,230096.85,3,4,4,344,Loyal Customers
CUST-01745,34,11,166081.3,4,5,4,454,Champions
CUST-01746,38,15,244281.25,4,5,4,454,Champions
CUST-01747,41,13,250615.6,4,5,4,454,Champions
CUST-01748,35,14,309953.6,4,5,5,455,Champions
CUST-01749,30,6,274178.45,5,3,5,535,Loyal Customers
CUST-01750,67,12,204800.15,3,5,4,354,Loyal Customers
CUST-01751,25,9,307710.0,5,4,5,545,Champions
CUST-01752,79,7,261603.3,3,4,4,344,Loyal Customers
CUST-01753,30,13,311529.89999999997,5,5,5,555,Champions
CUST-01754,67,19,363247.65,3,5,5,355,Loyal Customers
CUST-01755,63,8,193522.1,3,4,4,344,Loyal Customers
CUST-01756,65,17,292848.15,3,5,5,355,Loyal Customers
CUST-01757,32,10,300015.9,4,4,5,445,Champions
CUST-01758,150,8,302290.1,2,4,5,245,At Risk
CUST-01759,83,14,433127.05000000005,3,5,5,355,Loyal Customers
CUST-01760,10,10,260648.7,5,4,4,544,Champions
CUST-01761,78,10,250633.05,3,4,4,344,Loyal Customers
CUST-01762,62,13,331530.1,3,5,5,355,Loyal Customers
CUST-01763,26,5,96300.55,5,3,3,533,Loyal Customers
CUST-01764,223,7,336896.25,1,4,5,145,At Risk
CUST-01765,16,11,253928.25,5,5,4,554,Champions
CUST-01766,66,12,326636.45,3,5,5,355,Loyal Customers
CUST-01767,59,12,328366.5,3,5,5,355,Loyal Customers
CUST-01768,18,9,123338.09999999999,5,4,3,543,Champions
CUST-01769,77,11,377167.6,3,5,5,355,Loyal Customers
CUST-01770,87,10,198103.8,3,4,4,344,Loyal Customers
CUST-01771,66,11,339509.5,3,5,5,355,Loyal Customers
CUST-01772,63,12,238446.35,3,5,4,354,Loyal Customers
CUST-01773,106,5,146530.3,2,3,3,233,At Risk
CUST-01774,66,9,259735.09999999998,3,4,4,344,Loyal Customers
CUST-01775,70,8,151821.1,3,4,3,343,Loyal Customers
CUST-01776,55,10,191214.3,3,4,4,344,Loyal Customers
CUST-01777,41,7,182044.4,4,4,4,444,Champions
CUST-01778,61,8,154880.1,3,4,3,343,Loyal Customers
CUST-01779,136,13,384816.0,2,5,5,255,At Risk
CUST-01780,48,11,198213.55,4,5,4,454,Champions
CUST-01781,34,16,477779.75,4,5,5,455,Champions
CUST-01782,165,11,289743.5,2,5,5,255,At Risk
CUST-01783,23,9,216239.35,5,4,4,544,Champions
CUST-01784,134,10,205303.1,2,4,4,244,At Risk
CUST-01785,65,11,229400.85,3,5,4,354,Loyal Customers
CUST-01786,22,11,242499.2,5,5,4,554,Champions
CUST-01787,20,8,135911.7,5,4,3,543,Champions
CUST-01788,58,12,126034.5,3,5,3,353,Loyal Customers
CUST-01789,34,12,408167.0,4,5,5,455,Champions
CUST-01790,62,11,204406.55,3,5,4,354,Loyal Customers
CUST-01791,84,12,201102.8,3,5,4,354,Loyal Customers
CUST-01792,78,6,115744.09999999999,3,3,3,333,Loyal Customers
CUST-01793,55,10,389058.55,3,4,5,345,Loyal Customers
CUST-01794,27,8,209208.2,5,4,4,544,Champions
CUST-01795,4,14,524795.45,5,5,5,555,Champions
CUST-01796,60,14,314957.7,3,5,5,355,Loyal Customers
CUST-01797,41,17,431614.39999999997,4,5,5,455,Champions
CUST-01798,44,9,133659.3,4,4,3,443,Champions
CUST-01799,59,8,215337.05,3,4,4,344,Loyal Customers
CUST-01800,53,12,222967.30000000002,3,5,4,354,Loyal Customers
CUST-01801,43,10,222937.45,4,4,4,444,Champions
CUST-01802,37,13,329318.55,4,5,5,455,Champions
CUST-01803,80,7,314200.15,3,4,5,345,Loyal Customers
CUST-01804,34,12,346820.55,4,5,5,455,Champions
CUST-01805,57,12,279330.05,3,5,5,355,Loyal Customers
CUST-01806,9,8,571811.15,5,4,5,545,Champions
CUST-01807,13,11,282801.45,5,5,5,555,Champions
CUST-01808,149,12,372483.5,2,5,5,255,At Risk
CUST-01809,27,12,460579.45,5,5,5,555,Champions
CUST-01810,63,15,433109.8,3,5,5,355,Loyal Customers
CUST-01811,47,15,270227.65,4,5,4,454,Champions
CUST-01812,333,9,312567.6,1,4,5,145,At Risk
CUST-01813,11,11,440455.4,5,5,5,555,Champions
CUST-01814,91,9,336571.05,2,4,5,245,At Risk
CUST-01815,78,9,65540.8,3,4,2,342,Loyal Customers
CUST-01816,5,18,574265.9,5,5,5,555,Champions
CUST-01817,1,10,294864.9,5,4,5,545,Champions
CUST-01818,68,5,151749.1,3,3,3,333,Loyal Customers
CUST-01819,92,7,112886.1,2,4,3,243,At Risk
CUST-01820,175,6,92855.4,2,3,3,233,At Risk
CUST-01821,24,9,278678.7,5,4,5,545,Champions
CUST-01822,237,9,247707.9,1,4,4,144,At Risk
CUST-01823,4,13,190730.8,5,5,4,554,Champions
CUST-01824,25,12,312656.15,5,5,5,555,Champions
CUST-01825,199,9,196230.65,1,4,4,144,At Risk
CUST-01826,2,4,46749.55,5,2,2,522,Potential Loyalists
CUST-01827,41,10,154400.15,4,4,3,443,Champions
CUST-01828,40,8,240432.65,4,4,4,444,Champions
CUST-01829,105,9,226882.55,2,4,4,244,At Risk
CUST-01830,77,14,484906.39999999997,3,5,5,355,Loyal Customers
CUST-01831,71,10,321158.3,3,4,5,345,Loyal Customers
CUST-01832,84,12,361569.85,3,5,5,355,Loyal Customers
CUST-01833,12,11,381542.10000000003,5,5,5,555,Champions
CUST-01834,68,8,114641.05,3,4,3,343,Loyal Customers
CUST-01835,89,8,103533.25,2,4,3,243,At Risk
CUST-01836,113,4,86624.75,2,2,2,222,Lost Customers
CUST-01837,163,10,155225.05,2,4,3,243,At Risk
CUST-01838,43,13,354577.15,4,5,5,455,Champions
CUST-01839,68,13,212118.5,3,5,4,354,Loyal Customers
CUST-01840,43,4,20345.5,4,2,1,421,Potential Loyalists
CUST-01841,46,6,153458.05,4,3,3,433,Loyal Customers
CUST-01842,49,14,398518.45,4,5,5,455,Champions
CUST-01843,69,9,273394.3,3,4,4,344,Loyal Customers
CUST-01844,46,9,125631.9,4,4,3,443,Champions
CUST-01845,34,10,148293.9,4,4,3,443,Champions
CUST-01846,6,16,299819.5,5,5,5,555,Champions
CUST-01847,32,7,85157.55,4,4,2,442,Champions
CUST-01848,31,8,136808.95,4,4,3,443,Champions
CUST-01849,10,8,482903.0,5,4,5,545,Champions
CUST-01850,105,6,67928.4,2,3,2,232,At Risk
CUST-01851,7,16,445692.05,5,5,5,555,Champions
CUST-01852,42,9,357083.35,4,4,5,445,Champions
CUST-01853,57,4,22670.65,3,2,1,321,Potential Loyalists
CUST-01854,26,7,273619.0,5,4,5,545,Champions
CUST-01855,37,11,298026.5,4,5,5,455,Champions
CUST-01856,70,10,364108.75,3,4,5,345,Loyal Customers
CUST-01857,40,14,283173.6,4,5,5,455,Champions
CUST-01858,3,15,337782.15,5,5,5,555,Champions
CUST-01859,22,13,349474.2,5,5,5,555,Champions
CUST-01860,44,10,222130.25,4,4,4,444,Champions
CUST-01861,35,13,282606.0,4,5,5,455,Champions
CUST-01862,12,12,193915.3,5,5,4,554,Champions
CUST-01863,57,8,129425.65,3,4,3,343,Loyal Customers
CUST-01864,36,11,430337.4,4,5,5,455,Champions
CUST-01865,10,12,264701.85,5,5,4,554,Champions
CUST-01866,9,11,85352.65,5,5,2,552,Champions
CUST-01867,5,13,389035.85,5,5,5,555,Champions
CUST-01868,3,16,395156.85000000003,5,5,5,555,Champions
CUST-01869,31,17,426785.65,4,5,5,455,Champions
CUST-01870,25,10,89453.09999999999,5,4,2,542,Champions
CUST-01871,20,10,211090.6,5,4,4,544,Champions
CUST-01872,294,4,135059.85,1,2,3,123,Lost Customers
CUST-01873,14,10,263676.9,5,4,4,544,Champions
CUST-01874,44,9,319736.6,4,4,5,445,Champions
CUST-01875,61,16,343920.15,3,5,5,355,Loyal Customers
CUST-01876,42,6,178035.75,4,3,4,434,Loyal Customers
CUST-01877,47,8,107456.75,4,4,3,443,Champions
CUST-01878,38,13,397984.15,4,5,5,455,Champions
CUST-01879,63,14,235819.55,3,5,4,354,Loyal Customers
CUST-01880,46,14,361500.65,4,5,5,455,Champions
CUST-01881,42,14,286638.4,4,5,5,455,Champions
CUST-01882,34,12,157260.05000000002,4,5,3,453,Champions
CUST-01883,86,6,140210.45,3,3,3,333,Loyal Customers
CUST-01884,36,10,99592.35,4,4,3,443,Champions
CUST-01885,59,7,135666.7,3,4,3,343,Loyal Customers
CUST-01886,72,11,179174.4,3,5,4,354,Loyal Customers
CUST-01887,169,14,242192.7,2,5,4,254,At Risk
CUST-01888,278,8,152904.85,1,4,3,143,At Risk
CUST-01889,39,8,269414.7,4,4,4,444,Champions
CUST-01890,36,12,242793.5,4,5,4,454,Champions
CUST-01891,32,14,324536.8,4,5,5,455,Champions
CUST-01892,41,13,348470.15,4,5,5,455,Champions
CUST-01893,20,8,228387.85,5,4,4,544,Champions
CUST-01894,1,10,224524.4,5,4,4,544,Champions
CUST-01895,36,9,266651.15,4,4,4,444,Champions
CUST-01896,28,12,442240.15,5,5,5,555,Champions
CUST-01897,5,8,353479.35,5,4,5,545,Champions
CUST-01898,17,12,312335.1,5,5,5,555,Champions
CUST-01899,46,14,381487.9,4,5,5,455,Champions
CUST-01900,47,8,101481.4,4,4,3,443,Champions
CUST-01901,7,10,199224.75,5,4,4,544,Champions
CUST-01902,15,20,508320.7,5,5,5,555,Champions
CUST-01903,133,12,273177.0,2,5,4,254,At Risk
CUST-01904,17,15,581655.95,5,5,5,555,Champions
CUST-01905,55,9,225526.95,3,4,4,344,Loyal Customers
CUST-01906,41,11,203842.65,4,5,4,454,Champions
CUST-01907,38,12,397130.3,4,5,5,455,Champions
CUST-01908,22,12,237175.4,5,5,4,554,Champions
CUST-01909,154,8,283919.85,2,4,5,245,At Risk
CUST-01910,33,8,143997.15,4,4,3,443,Champions
CUST-01911,75,12,385846.5,3,5,5,355,Loyal Customers
CUST-01912,170,4,67145.05,2,2,2,222,Lost Customers
CUST-01913,200,7,128793.4,1,4,3,143,At Risk
CUST-01914,49,10,310684.4,4,4,5,445,Champions
CUST-01915,31,10,237365.1,4,4,4,444,Champions
CUST-01916,42,12,343166.5,4,5,5,455,Champions
CUST-01917,34,9,184804.55,4,4,4,444,Champions
CUST-01918,37,11,313187.85,4,5,5,455,Champions
CUST-01919,58,6,342215.25,3,3,5,335,Loyal Customers
CUST-01920,222,6,147306.7,1,3,3,133,At Risk
CUST-01921,39,12,387996.3,4,5,5,455,Champions
CUST-01922,3,10,186503.05,5,4,4,544,Champions
CUST-01923,243,9,258363.9,1,4,4,144,At Risk
CUST-01924,70,9,147686.6,3,4,3,343,Loyal Customers
CUST-01925,19,13,420040.85,5,5,5,555,Champions
CUST-01926,25,10,270661.75,5,4,4,544,Champions
CUST-01927,30,16,338717.1,5,5,5,555,Champions
CUST-01928,62,13,248552.15,3,5,4,354,Loyal Customers
CUST-01929,96,16,273661.6,2,5,5,255,At Risk
CUST-01930,72,11,230358.45,3,5,4,354,Loyal Customers
CUST-01931,134,10,143180.3,2,4,3,243,At Risk
CUST-01932,127,11,309524.45,2,5,5,255,At Risk
CUST-01933,51,10,181194.55000000002,4,4,4,444,Champions
CUST-01934,55,10,242646.75,3,4,4,344,Loyal Customers
CUST-01935,349,5,42340.3,1,3,1,131,At Risk
CUST-01936,1,13,224073.95,5,5,4,554,Champions
CUST-01937,47,11,120534.1,4,5,3,453,Champions
CUST-01938,72,8,226630.4,3,4,4,344,Loyal Customers
CUST-01939,34,7,148271.9,4,4,3,443,Champions
CUST-01940,44,9,225011.4,4,4,4,444,Champions
CUST-01941,88,5,56005.3,2,3,2,232,At Risk
CUST-01942,179,12,350000.05,2,5,5,255,At Risk
CUST-01943,76,11,168235.94999999998,3,5,4,354,Loyal Customers
CUST-01944,49,8,196044.8,4,4,4,444,Champions
CUST-01945,44,5,112475.75,4,3,3,433,Loyal Customers
CUST-01946,119,5,118641.1,2,3,3,233,At Risk
CUST-01947,36,15,426976.95,4,5,5,455,Champions
CUST-01948,45,9,333687.9,4,4,5,445,Champions
CUST-01949,151,12,560506.45,2,5,5,255,At Risk
CUST-01950,61,14,254392.1,3,5,4,354,Loyal Customers
CUST-01951,29,9,170060.0,5,4,4,544,Champions
CUST-01952,18,11,143752.55,5,5,3,553,Champions
CUST-01953,241,9,269188.25,1,4,4,144,At Risk
CUST-01954,32,9,341137.05,4,4,5,445,Champions
CUST-01955,95,13,291382.55,2,5,5,255,At Risk
CUST-01956,49,11,187037.34999999998,4,5,4,454,Champions
CUST-01957,36,14,150072.45,4,5,3,453,Champions
CUST-01958,54,10,232400.9,3,4,4,344,Loyal Customers
CUST-01959,147,8,226266.05000000002,2,4,4,244,At Risk
CUST-01960,46,10,186541.05,4,4,4,444,Champions
CUST-01961,330,5,64033.0,1,3,2,132,At Risk
CUST-01962,11,13,279496.95,5,5,5,555,Champions
CUST-01963,116,7,143832.1,2,4,3,243,At Risk
CUST-01964,28,12,335130.4,5,5,5,555,Champions
CUST-01965,1,10,271838.8,5,4,4,544,Champions
CUST-01966,200,13,294660.9,1,5,5,155,At Risk
CUST-01967,177,11,371369.7,2,5,5,255,At Risk
CUST-01968,8,18,484288.30000000005,5,5,5,555,Champions
CUST-01969,49,8,212386.7,4,4,4,444,Champions
CUST-01970,48,15,405701.3,4,5,5,455,Champions
CUST-01971,115,6,159840.6,2,3,3,233,At Risk
CUST-01972,43,11,345860.5,4,5,5,455,Champions
CUST-01973,63,14,381685.7,3,5,5,355,Loyal Customers
CUST-01974,42,13,380292.39999999997,4,5,5,455,Champions
CUST-01975,38,11,317925.05,4,5,5,455,Champions
CUST-01976,52,7,163313.75,4,4,4,444,Champions
CUST-01977,34,13,354590.7,4,5,5,455,Champions
CUST-01978,189,12,306160.1,2,5,5,255,At Risk
CUST-01979,83,7,112961.59999999999,3,4,3,343,Loyal Customers
CUST-01980,31,7,72581.9,4,4,2,442,Champions
CUST-01981,17,15,517366.8,5,5,5,555,Champions
CUST-01982,103,13,284610.4,2,5,5,255,At Risk
CUST-01983,8,13,364947.25,5,5,5,555,Champions
CUST-01984,38,13,542794.0,4,5,5,455,Champions
CUST-01985,79,9,257308.85,3,4,4,344,Loyal Customers
CUST-01986,19,3,24383.85,5,1,1,511,Potential Loyalists
CUST-01987,37,13,274262.1,4,5,5,455,Champions
CUST-01988,36,11,223759.25,4,5,4,454,Champions
CUST-01989,6,15,273771.6,5,5,5,555,Champions
CUST-01990,2,13,294469.0,5,5,5,555,Champions
CUST-01991,102,13,351887.95,2,5,5,255,At Risk
CUST-01992,59,13,366558.0,3,5,5,355,Loyal Customers
CUST-01993,51,11,167116.7,4,5,4,454,Champions
CUST-01994,149,10,355713.6,2,4,5,245,At Risk
CUST-01995,85,10,297905.2,3,4,5,345,Loyal Customers
CUST-01996,16,10,175111.0,5,4,4,544,Champions
CUST-01997,48,12,266592.55,4,5,4,454,Champions
CUST-01998,76,11,161899.75,3,5,4,354,Loyal Customers
CUST-01999,84,13,345036.9,3,5,5,355,Loyal Customers
CUST-02000,19,8,306414.8,5,4,5,545,Champions
CUST-02001,86,8,266604.5,3,4,4,344,Loyal Customers
CUST-02002,81,12,438823.1,3,5,5,355,Loyal Customers
CUST-02003,47,8,233184.0,4,4,4,444,Champions
CUST-02004,33,11,174370.85,4,5,4,454,Champions
CUST-02005,29,15,309482.15,5,5,5,555,Champions
CUST-02006,35,12,328145.3,4,5,5,455,Champions
CUST-02007,50,9,302060.45,4,4,5,445,Champions
CUST-02008,42,14,289861.5,4,5,5,455,Champions
CUST-02009,39,11,155538.05000000002,4,5,3,453,Champions
CUST-02010,116,12,291653.0,2,5,5,255,At Risk
CUST-02011,43,10,311757.89999999997,4,4,5,445,Champions
CUST-02012,111,13,393666.6,2,5,5,255,At Risk
CUST-02013,59,12,420778.05,3,5,5,355,Loyal Customers
CUST-02014,26,11,536645.25,5,5,5,555,Champions
CUST-02015,37,10,430460.05,4,4,5,445,Champions
CUST-02016,207,10,78040.0,1,4,2,142,At Risk
CUST-02017,32,12,351372.25,4,5,5,455,Champions
CUST-02018,17,12,358466.05,5,5,5,555,Champions
CUST-02019,265,6,48997.8,1,3,2,132,At Risk
CUST-02020,87,9,337011.3,3,4,5,345,Loyal Customers
CUST-02021,33,10,312925.6,4,4,5,445,Champions
CUST-02022,141,10,204348.05,2,4,4,244,At Risk
CUST-02023,44,12,366061.35,4,5,5,455,Champions
CUST-02024,67,10,182062.6,3,4,4,344,Loyal Customers
CUST-02025,168,9,181893.15000000002,2,4,4,244,At Risk
CUST-02026,69,11,328184.0,3,5,5,355,Loyal Customers
CUST-02027,21,9,383062.25,5,4,5,545,Champions
CUST-02028,26,11,199070.15,5,5,4,554,Champions
CUST-02029,36,12,237950.8,4,5,4,454,Champions
CUST-02030,70,10,245014.0,3,4,4,344,Loyal Customers
CUST-02031,17,7,175800.0,5,4,4,544,Champions
CUST-02032,56,9,132903.1,3,4,3,343,Loyal Customers
CUST-02033,56,12,245398.35,3,5,4,354,Loyal Customers
CUST-02034,36,14,288889.7,4,5,5,455,Champions
CUST-02035,19,10,431671.55000000005,5,4,5,545,Champions
CUST-02036,117,9,236847.35,2,4,4,244,At Risk
CUST-02037,126,15,389393.3,2,5,5,255,At Risk
CUST-02038,33,13,181681.25,4,5,4,454,Champions
CUST-02039,52,13,260302.6,4,5,4,454,Champions
CUST-02040,168,3,60023.7,2,1,2,212,Lost Customers
CUST-02041,173,9,301132.8,2,4,5,245,At Risk
CUST-02042,4,6,249472.8,5,3,4,534,Loyal Customers
CUST-02043,85,7,99860.8,3,4,3,343,Loyal Customers
CUST-02044,6,8,121539.3,5,4,3,543,Champions
CUST-02045,106,8,98797.9,2,4,3,243,At Risk
CUST-02046,68,14,236932.2,3,5,4,354,Loyal Customers
CUST-02047,18,8,54089.4,5,4,2,542,Champions
CUST-02048,57,16,297175.2,3,5,5,355,Loyal Customers
CUST-02049,162,12,409613.75,2,5,5,255,At Risk
CUST-02050,52,10,104688.75,4,4,3,443,Champions
CUST-02051,23,12,154461.75,5,5,3,553,Champions
CUST-02052,17,13,494133.3,5,5,5,555,Champions
CUST-02053,86,10,167169.8,3,4,4,344,Loyal Customers
CUST-02054,23,12,303362.35,5,5,5,555,Champions
CUST-02055,66,11,241584.2,3,5,4,354,Loyal Customers
CUST-02056,34,10,233013.7,4,4,4,444,Champions
CUST-02057,85,8,167503.8,3,4,4,344,Loyal Customers
CUST-02058,20,13,300839.95,5,5,5,555,Champions
CUST-02059,42,11,269126.95,4,5,4,454,Champions
CUST-02060,271,12,249442.4,1,5,4,154,At Risk
CUST-02061,64,13,381037.7,3,5,5,355,Loyal Customers
CUST-02062,27,6,252453.30000000002,5,3,4,534,Loyal Customers
CUST-02063,69,13,575098.25,3,5,5,355,Loyal Customers
CUST-02064,35,8,292244.35,4,4,5,445,Champions
CUST-02065,100,11,185191.35,2,5,4,254,At Risk
CUST-02066,102,4,33681.0,2,2,1,221,Lost Customers
CUST-02067,52,10,122918.55,4,4,3,443,Champions
CUST-02068,29,13,290152.8,5,5,5,555,Champions
CUST-02069,61,11,283266.9,3,5,5,355,Loyal Customers
CUST-02070,19,18,458367.6,5,5,5,555,Champions
CUST-02071,47,10,124241.55,4,4,3,443,Champions
CUST-02072,77,5,204159.55,3,3,4,334,Loyal Customers
CUST-02073,47,15,430190.45,4,5,5,455,Champions
CUST-02074,184,9,273595.1,2,4,5,245,At Risk
CUST-02075,51,8,170334.45,4,4,4,444,Champions
CUST-02076,9,11,197769.5,5,5,4,554,Champions
CUST-02077,6,11,364781.85,5,5,5,555,Champions
CUST-02078,80,9,160447.4,3,4,3,343,Loyal Customers
CUST-02079,73,12,410418.1,3,5,5,355,Loyal Customers
CUST-02080,27,6,124480.0,5,3,3,533,Loyal Customers
CUST-02081,5,14,458438.05,5,5,5,555,Champions
CUST-02082,16,13,166282.1,5,5,4,554,Champions
CUST-02083,176,6,127236.90000000001,2,3,3,233,At Risk
CUST-02084,52,15,290531.2,4,5,5,455,Champions
CUST-02085,2,11,204066.85,5,5,4,554,Champions
CUST-02086,301,8,122104.8,1,4,3,143,At Risk
CUST-02087,28,16,198269.6,5,5,4,554,Champions
CUST-02088,24,12,226645.05000000002,5,5,4,554,Champions
CUST-02089,97,7,79861.9,2,4,2,242,At Risk
CUST-02090,144,13,268737.85,2,5,4,254,At Risk
CUST-02091,50,11,272271.2,4,5,4,454,Champions
CUST-02092,83,9,155911.05,3,4,3,343,Loyal Customers
CUST-02093,110,6,134219.2,2,3,3,233,At Risk
CUST-02094,36,11,527163.8,4,5,5,455,Champions
CUST-02095,15,11,265216.4,5,5,4,554,Champions
CUST-02096,36,8,251071.9,4,4,4,444,Champions
CUST-02097,42,7,211392.2,4,4,4,444,Champions
CUST-02098,39,15,253915.45,4,5,4,454,Champions
CUST-02099,5,8,219017.2,5,4,4,544,Champions
CUST-02100,143,10,475658.85,2,4,5,245,At Risk
CUST-02101,9,8,160918.4,5,4,3,543,Champions
CUST-02102,88,6,133467.65,2,3,3,233,At Risk
CUST-02103,45,9,317922.65,4,4,5,445,Champions
CUST-02104,110,11,267340.75,2,5,4,254,At Risk
CUST-02105,39,15,383719.2,4,5,5,455,Champions
CUST-02106,74,11,76784.25,3,5,2,352,Loyal Customers
CUST-02107,10,9,441819.5,5,4,5,545,Champions
CUST-02108,42,10,224407.55,4,4,4,444,Champions
CUST-02109,61,7,306162.85,3,4,5,345,Loyal Customers
CUST-02110,80,11,149194.0,3,5,3,353,Loyal Customers
CUST-02111,42,10,163123.25,4,4,4,444,Champions
CUST-02112,8,7,73403.75,5,4,2,542,Champions
CUST-02113,57,5,162068.4,3,3,4,334,Loyal Customers
CUST-02114,134,10,252442.5,2,4,4,244,At Risk
CUST-02115,32,14,539243.25,4,5,5,455,Champions
CUST-02116,51,15,452135.05,4,5,5,455,Champions
CUST-02117,36,12,184047.7,4,5,4,454,Champions
CUST-02118,156,7,283919.60000000003,2,4,5,245,At Risk
CUST-02119,11,13,176351.9,5,5,4,554,Champions
CUST-02120,24,4,117032.9,5,2,3,523,Potential Loyalists
CUST-02121,42,10,358211.9,4,4,5,445,Champions
CUST-02122,83,11,354444.2,3,5,5,355,Loyal Customers
CUST-02123,48,10,139554.8,4,4,3,443,Champions
CUST-02124,39,10,362706.2,4,4,5,445,Champions
CUST-02125,199,10,295423.25,1,4,5,145,At Risk
CUST-02126,9,9,253615.05,5,4,4,544,Champions
CUST-02127,2,10,319458.15,5,4,5,545,Champions
CUST-02128,48,9,119317.2,4,4,3,443,Champions
CUST-02129,19,12,151568.55000000002,5,5,3,553,Champions
CUST-02130,81,9,233683.30000000002,3,4,4,344,Loyal Customers
CUST-02131,191,8,175919.95,2,4,4,244,At Risk
CUST-02132,24,11,377050.95,5,5,5,555,Champions
CUST-02133,50,14,438132.7,4,5,5,455,Champions
CUST-02134,66,9,332852.7,3,4,5,345,Loyal Customers
CUST-02135,89,11,283729.3,2,5,5,255,At Risk
CUST-02136,1,13,214576.65,5,5,4,554,Champions
CUST-02137,84,12,304225.5,3,5,5,355,Loyal Customers
CUST-02138,40,8,196512.6,4,4,4,444,Champions
CUST-02139,41,6,288158.15,4,3,5,435,Loyal Customers
CUST-02140,73,8,241048.69999999998,3,4,4,344,Loyal Customers
CUST-02141,2,14,333721.5,5,5,5,555,Champions
CUST-02142,95,17,749055.7999999999,2,5,5,255,At Risk
CUST-02143,142,7,188583.8,2,4,4,244,At Risk
CUST-02144,13,15,399112.64999999997,5,5,5,555,Champions
CUST-02145,46,15,254912.4,4,5,4,454,Champions
CUST-02146,6,9,151197.0,5,4,3,543,Champions
CUST-02147,31,12,358101.65,4,5,5,455,Champions
CUST-02148,25,10,301605.2,5,4,5,545,Champions
CUST-02149,32,13,262157.85,4,5,4,454,Champions
CUST-02150,79,10,302084.35,3,4,5,345,Loyal Customers
CUST-02151,18,16,259569.15000000002,5,5,4,554,Champions
CUST-02152,21,8,140286.35,5,4,3,543,Champions
CUST-02153,46,8,198560.0,4,4,4,444,Champions
CUST-02154,41,15,546734.95,4,5,5,455,Champions
CUST-02155,50,8,194424.1,4,4,4,444,Champions
CUST-02156,37,7,78901.2,4,4,2,442,Champions
CUST-02157,48,11,336247.6,4,5,5,455,Champions
CUST-02158,52,13,408231.3,4,5,5,455,Champions
CUST-02159,37,10,249036.55,4,4,4,444,Champions
CUST-02160,37,7,234600.2,4,4,4,444,Champions
CUST-02161,12,10,125154.95,5,4,3,543,Champions
CUST-02162,110,8,205471.65,2,4,4,244,At Risk
CUST-02163,45,11,287211.5,4,5,5,455,Champions
CUST-02164,217,10,152775.4,1,4,3,143,At Risk
CUST-02165,80,10,162729.7,3,4,4,344,Loyal Customers
CUST-02166,46,8,105082.1,4,4,3,443,Champions
CUST-02167,86,9,246367.2,3,4,4,344,Loyal Customers
CUST-02168,115,6,70767.45,2,3,2,232,At Risk
CUST-02169,14,11,366192.15,5,5,5,555,Champions
CUST-02170,45,9,132333.65,4,4,3,443,Champions
CUST-02171,47,13,205059.05,4,5,4,454,Champions
CUST-02172,42,11,241501.09999999998,4,5,4,454,Champions
CUST-02173,150,9,115272.1,2,4,3,243,At Risk
CUST-02174,17,15,254986.75,5,5,4,554,Champions
CUST-02175,108,8,243394.85,2,4,4,244,At Risk
CUST-02176,69,14,521596.15,3,5,5,355,Loyal Customers
CUST-02177,2,9,147725.19999999998,5,4,3,543,Champions
CUST-02178,56,9,195299.55,3,4,4,344,Loyal Customers
CUST-02179,54,12,430720.9,3,5,5,355,Loyal Customers
CUST-02180,41,10,285172.6,4,4,5,445,Champions
CUST-02181,78,9,347844.60000000003,3,4,5,345,Loyal Customers
CUST-02182,171,9,308267.15,2,4,5,245,At Risk
CUST-02183,117,13,237295.69999999998,2,5,4,254,At Risk
CUST-02184,67,10,198918.7,3,4,4,344,Loyal Customers
CUST-02185,1,11,270750.65,5,5,4,554,Champions
CUST-02186,76,8,147459.6,3,4,3,343,Loyal Customers
CUST-02187,67,18,560612.15,3,5,5,355,Loyal Customers
CUST-02188,20,9,169010.3,5,4,4,544,Champions
CUST-02189,80,9,97213.05,3,4,3,343,Loyal Customers
CUST-02190,60,10,322056.85,3,4,5,345,Loyal Customers
CUST-02191,62,12,300338.95,3,5,5,355,Loyal Customers
CUST-02192,2,14,569888.4,5,5,5,555,Champions
CUST-02193,133,4,215340.45,2,2,4,224,Lost Customers
CUST-02194,32,14,474120.3,4,5,5,455,Champions
CUST-02195,11,11,228684.44999999998,5,5,4,554,Champions
CUST-02196,93,14,241911.80000000002,2,5,4,254,At Risk
CUST-02197,1,10,281402.15,5,4,5,545,Champions
CUST-02198,5,10,331644.05,5,4,5,545,Champions
CUST-02199,94,14,250558.95,2,5,4,254,At Risk
CUST-02200,4,15,398142.65,5,5,5,555,Champions
CUST-02201,48,13,314162.25,4,5,5,455,Champions
CUST-02202,56,18,364163.5,3,5,5,355,Loyal Customers
CUST-02203,89,10,335584.2,2,4,5,245,At Risk
CUST-02204,48,11,259636.65,4,5,4,454,Champions
CUST-02205,40,15,228201.94999999998,4,5,4,454,Champions
CUST-02206,65,10,273435.95,3,4,5,345,Loyal Customers
CUST-02207,108,9,205028.80000000002,2,4,4,244,At Risk
CUST-02208,71,11,176726.25,3,5,4,354,Loyal Customers
CUST-02209,15,15,365454.6,5,5,5,555,Champions
CUST-02210,6,10,182221.95,5,4,4,544,Champions
CUST-02211,17,10,139358.75,5,4,3,543,Champions
CUST-02212,17,7,87163.84999999999,5,4,2,542,Champions
CUST-02213,51,10,248534.55,4,4,4,444,Champions
CUST-02214,35,14,248359.2,4,5,4,454,Champions
CUST-02215,65,7,233206.95,3,4,4,344,Loyal Customers
CUST-02216,2,10,189943.5,5,4,4,544,Champions
CUST-02217,148,9,132069.9,2,4,3,243,At Risk
CUST-02218,30,16,636716.6,5,5,5,555,Champions
CUST-02219,56,10,68066.5,3,4,2,342,Loyal Customers
CUST-02220,255,9,190389.75,1,4,4,144,At Risk
CUST-02221,8,11,340090.85,5,5,5,555,Champions
CUST-02222,13,10,272769.75,5,4,4,544,Champions
CUST-02223,116,14,381548.35,2,5,5,255,At Risk
CUST-02224,36,9,228458.65000000002,4,4,4,444,Champions
CUST-02225,63,16,551874.05,3,5,5,355,Loyal Customers
CUST-02226,36,8,221078.19999999998,4,4,4,444,Champions
CUST-02227,32,10,244104.15,4,4,4,444,Champions
CUST-02228,79,16,411788.44999999995,3,5,5,355,Loyal Customers
CUST-02229,67,14,400322.05,3,5,5,355,Loyal Customers
CUST-02230,8,8,68321.75,5,4,2,542,Champions
CUST-02231,69,15,172078.3,3,5,4,354,Loyal Customers
CUST-02232,1,14,352049.1,5,5,5,555,Champions
CUST-02233,75,12,245124.85,3,5,4,354,Loyal Customers
CUST-02234,20,13,343089.25,5,5,5,555,Champions
CUST-02235,147,4,59881.65,2,2,2,222,Lost Customers
CUST-02236,25,11,308687.69999999995,5,5,5,555,Champions
CUST-02237,35,9,380813.6,4,4,5,445,Champions
CUST-02238,12,12,267705.0,5,5,4,554,Champions
CUST-02239,72,6,100822.65,3,3,3,333,Loyal Customers
CUST-02240,46,7,329361.5,4,4,5,445,Champions
CUST-02241,73,6,215236.15,3,3,4,334,Loyal Customers
CUST-02242,15,22,527462.55,5,5,5,555,Champions
CUST-02243,74,9,178038.0,3,4,4,344,Loyal Customers
CUST-02244,111,9,328172.8,2,4,5,245,At Risk
CUST-02245,28,16,207763.25,5,5,4,554,Champions
CUST-02246,65,9,355379.35,3,4,5,345,Loyal Customers
CUST-02247,7,6,293165.5,5,3,5,535,Loyal Customers
CUST-02248,71,8,242434.25,3,4,4,344,Loyal Customers
CUST-02249,130,10,201279.75,2,4,4,244,At Risk
CUST-02250,45,5,101930.05,4,3,3,433,Loyal Customers
CUST-02251,238,8,317416.35,1,4,5,145,At Risk
CUST-02252,33,16,300949.35,4,5,5,455,Champions
CUST-02253,130,7,83940.25,2,4,2,242,At Risk
CUST-02254,23,10,152736.05,5,4,3,543,Champions
CUST-02255,18,9,69464.85,5,4,2,542,Champions
CUST-02256,27,9,124947.2,5,4,3,543,Champions
CUST-02257,9,8,224996.0,5,4,4,544,Champions
CUST-02258,151,10,333000.75,2,4,5,245,At Risk
CUST-02259,26,3,47142.15,5,1,2,512,Potential Loyalists
CUST-02260,28,6,103537.7,5,3,3,533,Loyal Customers
CUST-02261,319,6,152618.35,1,3,3,133,At Risk
CUST-02262,276,12,287129.1,1,5,5,155,At Risk
CUST-02263,51,12,207234.2,4,5,4,454,Champions
CUST-02264,66,9,301371.7,3,4,5,345,Loyal Customers
CUST-02265,128,10,217540.15,2,4,4,244,At Risk
CUST-02266,2,9,169935.4,5,4,4,544,Champions
CUST-02267,46,9,150889.4,4,4,3,443,Champions
CUST-02268,44,12,280202.5,4,5,5,455,Champions
CUST-02269,78,10,308066.9,3,4,5,345,Loyal Customers
CUST-02270,43,11,404507.9,4,5,5,455,Champions
CUST-02271,13,7,235183.7,5,4,4,544,Champions
CUST-02272,99,11,335934.15,2,5,5,255,At Risk
CUST-02273,85,13,294740.45,3,5,5,355,Loyal Customers
CUST-02274,49,7,65168.2,4,4,2,442,Champions
CUST-02275,3,14,338209.6,5,5,5,555,Champions
CUST-02276,37,11,319269.75,4,5,5,455,Champions
CUST-02277,21,14,130323.55,5,5,3,553,Champions
CUST-02278,53,12,442035.2,3,5,5,355,Loyal Customers
CUST-02279,27,20,524849.95,5,5,5,555,Champions
CUST-02280,42,12,503822.35,4,5,5,455,Champions
CUST-02281,62,5,129511.45,3,3,3,333,Loyal Customers
CUST-02282,31,9,149104.75,4,4,3,443,Champions
CUST-02283,18,10,293027.2,5,4,5,545,Champions
CUST-02284,128,9,328934.05,2,4,5,245,At Risk
CUST-02285,50,7,162422.3,4,4,4,444,Champions
CUST-02286,12,16,449370.15,5,5,5,555,Champions
CUST-02287,25,13,372520.0,5,5,5,555,Champions
CUST-02288,48,11,134006.85,4,5,3,453,Champions
CUST-02289,39,10,276192.64999999997,4,4,5,445,Champions
CUST-02290,23,9,395883.05,5,4,5,545,Champions
CUST-02291,24,7,172268.5,5,4,4,544,Champions
CUST-02292,162,7,252150.6,2,4,4,244,At Risk
CUST-02293,33,15,457397.45,4,5,5,455,Champions
CUST-02294,143,10,210055.45,2,4,4,244,At Risk
CUST-02295,95,8,317750.25,2,4,5,245,At Risk
CUST-02296,123,5,67469.8,2,3,2,232,At Risk
CUST-02297,148,7,60180.200000000004,2,4,2,242,At Risk
CUST-02298,62,8,323908.95,3,4,5,345,Loyal Customers
CUST-02299,75,11,408066.05,3,5,5,355,Loyal Customers
CUST-02300,42,7,236263.19999999998,4,4,4,444,Champions
CUST-02301,292,6,89529.40000000001,1,3,2,132,At Risk
CUST-02302,19,7,267527.60000000003,5,4,4,544,Champions
CUST-02303,23,8,244265.45,5,4,4,544,Champions
CUST-02304,71,14,244371.25,3,5,4,354,Loyal Customers
CUST-02305,117,8,128749.6,2,4,3,243,At Risk
CUST-02306,13,14,273396.6,5,5,4,554,Champions
CUST-02307,16,8,202823.65,5,4,4,544,Champions
CUST-02308,20,9,116079.5,5,4,3,543,Champions
CUST-02309,2,12,192558.8,5,5,4,554,Champions
CUST-02310,15,10,236088.25,5,4,4,544,Champions
CUST-02311,47,9,154241.0,4,4,3,443,Champions
CUST-02312,64,6,127777.0,3,3,3,333,Loyal Customers
CUST-02313,38,15,318535.6,4,5,5,455,Champions
CUST-02314,37,11,243008.85,4,5,4,454,Champions
CUST-02315,188,13,308339.05,2,5,5,255,At Risk
CUST-02316,51,13,257173.85,4,5,4,454,Champions
CUST-02317,43,11,220595.59999999998,4,5,4,454,Champions
CUST-02318,2,11,179448.1,5,5,4,554,Champions
CUST-02319,159,6,181377.5,2,3,4,234,At Risk
CUST-02320,37,14,434926.15,4,5,5,455,Champions
CUST-02321,6,15,389472.15,5,5,5,555,Champions
CUST-02322,32,8,238363.0,4,4,4,444,Champions
CUST-02323,43,13,273734.05,4,5,5,455,Champions
CUST-02324,44,6,190280.5,4,3,4,434,Loyal Customers
CUST-02325,43,8,142568.6,4,4,3,443,Champions
CUST-02326,25,8,127592.65000000001,5,4,3,543,Champions
CUST-02327,10,10,251143.30000000002,5,4,4,544,Champions
CUST-02328,159,11,340297.4,2,5,5,255,At Risk
CUST-02329,31,12,241398.0,4,5,4,454,Champions
CUST-02330,39,8,109887.1,4,4,3,443,Champions
CUST-02331,60,11,146954.6,3,5,3,353,Loyal Customers
CUST-02332,3,10,198005.95,5,4,4,544,Champions
CUST-02333,71,12,446999.65,3,5,5,355,Loyal Customers
CUST-02334,4,5,96315.6,5,3,3,533,Loyal Customers
CUST-02335,51,9,161979.6,4,4,4,444,Champions
CUST-02336,35,11,340195.3,4,5,5,455,Champions
CUST-02337,72,9,247442.2,3,4,4,344,Loyal Customers
CUST-02338,14,10,171312.55,5,4,4,544,Champions
CUST-02339,60,5,250065.0,3,3,4,334,Loyal Customers
CUST-02340,43,7,166082.85,4,4,4,444,Champions
CUST-02341,41,9,168156.35,4,4,4,444,Champions
CUST-02342,63,10,68436.05,3,4,2,342,Loyal Customers
CUST-02343,82,9,253924.15,3,4,4,344,Loyal Customers
CUST-02344,163,6,195294.55,2,3,4,234,At Risk
CUST-02345,35,14,148688.8,4,5,3,453,Champions
CUST-02346,90,15,467983.35,2,5,5,255,At Risk
CUST-02347,11,10,293131.9,5,4,5,545,Champions
CUST-02348,16,8,198486.09999999998,5,4,4,544,Champions
CUST-02349,67,15,592074.95,3,5,5,355,Loyal Customers
CUST-02350,76,19,547303.35,3,5,5,355,Loyal Customers
CUST-02351,73,9,164117.85,3,4,4,344,Loyal Customers
CUST-02352,76,10,219071.05,3,4,4,344,Loyal Customers
CUST-02353,7,13,455688.5,5,5,5,555,Champions
CUST-02354,30,16,188553.2,5,5,4,554,Champions
CUST-02355,124,15,307732.1,2,5,5,255,At Risk
CUST-02356,257,7,74055.85,1,4,2,142,At Risk
CUST-02357,52,11,243790.1,4,5,4,454,Champions
CUST-02358,82,10,164555.45,3,4,4,344,Loyal Customers
CUST-02359,34,11,257647.65,4,5,4,454,Champions
CUST-02360,21,14,467128.75,5,5,5,555,Champions
CUST-02361,36,10,291752.2,4,4,5,445,Champions
CUST-02362,67,10,133823.25,3,4,3,343,Loyal Customers
CUST-02363,64,14,262091.95,3,5,4,354,Loyal Customers
CUST-02364,183,4,94912.9,2,2,3,223,Lost Customers
CUST-02365,71,10,187769.9,3,4,4,344,Loyal Customers
CUST-02366,48,11,121556.65000000001,4,5,3,453,Champions
CUST-02367,7,11,237031.7,5,5,4,554,Champions
CUST-02368,38,14,424800.8,4,5,5,455,Champions
CUST-02369,20,10,212034.25,5,4,4,544,Champions
CUST-02370,58,10,217874.65,3,4,4,344,Loyal Customers
CUST-02371,177,11,260157.05,2,5,4,254,At Risk
CUST-02372,114,8,96491.1,2,4,3,243,At Risk
CUST-02373,92,6,139560.75,2,3,3,233,At Risk
CUST-02374,27,14,251989.55,5,5,4,554,Champions
CUST-02375,197,10,258943.15,1,4,4,144,At Risk
CUST-02376,59,5,122860.8,3,3,3,333,Loyal Customers
CUST-02377,73,6,98814.05,3,3,3,333,Loyal Customers
CUST-02378,42,9,92944.45,4,4,3,443,Champions
CUST-02379,29,23,564846.05,5,5,5,555,Champions
CUST-02380,9,11,305147.2,5,5,5,555,Champions
CUST-02381,6,10,174043.95,5,4,4,544,Champions
CUST-02382,38,11,280199.35,4,5,5,455,Champions
CUST-02383,39,7,135418.55,4,4,3,443,Champions
CUST-02384,9,8,238121.25,5,4,4,544,Champions
CUST-02385,49,14,298238.55,4,5,5,455,Champions
CUST-02386,52,10,147062.75,4,4,3,443,Champions
CUST-02387,226,8,187347.8,1,4,4,144,At Risk
CUST-02388,52,17,598374.3,4,5,5,455,Champions
CUST-02389,12,15,288294.2,5,5,5,555,Champions
CUST-02390,23,8,116740.1,5,4,3,543,Champions
CUST-02391,17,8,178355.55,5,4,4,544,Champions
CUST-02392,72,10,352092.9,3,4,5,345,Loyal Customers
CUST-02393,37,13,187982.5,4,5,4,454,Champions
CUST-02394,35,9,286217.8,4,4,5,445,Champions
CUST-02395,47,9,199058.3,4,4,4,444,Champions
CUST-02396,38,8,165531.85,4,4,4,444,Champions
CUST-02397,11,10,108849.6,5,4,3,543,Champions
CUST-02398,18,12,280491.85,5,5,5,555,Champions
CUST-02399,107,13,477161.3,2,5,5,255,At Risk
CUST-02400,85,9,175632.85,3,4,4,344,Loyal Customers
CUST-02401,15,8,198942.1,5,4,4,544,Champions
CUST-02402,85,8,128619.4,3,4,3,343,Loyal Customers
CUST-02403,92,6,47200.85,2,3,2,232,At Risk
CUST-02404,21,8,83490.75,5,4,2,542,Champions
CUST-02405,82,13,206235.3,3,5,4,354,Loyal Customers
CUST-02406,17,7,196467.1,5,4,4,544,Champions
CUST-02407,19,16,163233.2,5,5,4,554,Champions
CUST-02408,88,12,386885.35,2,5,5,255,At Risk
CUST-02409,13,10,321387.15,5,4,5,545,Champions
CUST-02410,145,6,329796.8,2,3,5,235,At Risk
CUST-02411,36,11,230623.0,4,5,4,454,Champions
CUST-02412,16,10,156388.05,5,4,3,543,Champions
CUST-02413,98,10,331683.5,2,4,5,245,At Risk
CUST-02414,2,13,335138.4,5,5,5,555,Champions
CUST-02415,21,10,359912.95,5,4,5,545,Champions
CUST-02416,70,13,232733.4,3,5,4,354,Loyal Customers
CUST-02417,42,12,375718.55,4,5,5,455,Champions
CUST-02418,339,10,290531.7,1,4,5,145,At Risk
CUST-02419,18,12,246923.9,5,5,4,554,Champions
CUST-02420,36,10,486689.75,4,4,5,445,Champions
CUST-02421,74,10,186418.95,3,4,4,344,Loyal Customers
CUST-02422,59,10,224283.0,3,4,4,344,Loyal Customers
CUST-02423,45,13,282259.2,4,5,5,455,Champions
CUST-02424,22,11,332921.0,5,5,5,555,Champions
CUST-02425,7,11,106738.6,5,5,3,553,Champions
CUST-02426,7,12,341521.2,5,5,5,555,Champions
CUST-02427,54,13,351012.89999999997,3,5,5,355,Loyal Customers
CUST-02428,8,14,382124.85,5,5,5,555,Champions
CUST-02429,44,16,310023.05,4,5,5,455,Champions
CUST-02430,36,6,85733.35,4,3,2,432,Loyal Customers
CUST-02431,33,15,314888.55,4,5,5,455,Champions
CUST-02432,13,20,422681.65,5,5,5,555,Champions
CUST-02433,127,11,311234.4,2,5,5,255,At Risk
CUST-02434,56,7,113166.5,3,4,3,343,Loyal Customers
CUST-02435,44,6,155519.5,4,3,3,433,Loyal Customers
CUST-02436,48,9,149974.05,4,4,3,443,Champions
CUST-02437,35,16,385359.4,4,5,5,455,Champions
CUST-02438,34,11,410925.75,4,5,5,455,Champions
CUST-02439,40,11,134504.65,4,5,3,453,Champions
CUST-02440,57,14,308425.15,3,5,5,355,Loyal Customers
CUST-02441,79,11,178174.65,3,5,4,354,Loyal Customers
CUST-02442,86,6,165232.85,3,3,4,334,Loyal Customers
CUST-02443,32,9,279820.6,4,4,5,445,Champions
CUST-02444,2,12,421024.05,5,5,5,555,Champions
CUST-02445,51,8,145703.65,4,4,3,443,Champions
CUST-02446,71,11,157703.4,3,5,3,353,Loyal Customers
CUST-02447,120,5,146563.95,2,3,3,233,At Risk
CUST-02448,3,12,215611.4,5,5,4,554,Champions
CUST-02449,50,12,143849.1,4,5,3,453,Champions
CUST-02450,49,16,269027.4,4,5,4,454,Champions
CUST-02451,67,16,441771.25,3,5,5,355,Loyal Customers
CUST-02452,5,9,125605.85,5,4,3,543,Champions
CUST-02453,82,15,245937.25,3,5,4,354,Loyal Customers
CUST-02454,80,10,84604.1,3,4,2,342,Loyal Customers
CUST-02455,77,10,350085.8,3,4,5,345,Loyal Customers
CUST-02456,270,10,326953.85,1,4,5,145,At Risk
CUST-02457,131,13,230340.0,2,5,4,254,At Risk
CUST-02458,36,13,290272.25,4,5,5,455,Champions
CUST-02459,6,15,462263.85,5,5,5,555,Champions
CUST-02460,12,13,229336.55,5,5,4,554,Champions
CUST-02461,58,9,281476.65,3,4,5,345,Loyal Customers
CUST-02462,12,10,254967.05,5,4,4,544,Champions
CUST-02463,5,12,187012.15,5,5,4,554,Champions
CUST-02464,64,9,173625.65,3,4,4,344,Loyal Customers
CUST-02465,29,15,469349.45,5,5,5,555,Champions
CUST-02466,93,15,231545.55,2,5,4,254,At Risk
CUST-02467,61,7,203797.05,3,4,4,344,Loyal Customers
CUST-02468,21,9,295422.9,5,4,5,545,Champions
CUST-02469,52,19,508201.85,4,5,5,455,Champions
CUST-02470,55,6,149812.75,3,3,3,333,Loyal Customers
CUST-02471,24,13,199293.35,5,5,4,554,Champions
CUST-02472,202,9,172973.3,1,4,4,144,At Risk
CUST-02473,12,13,422018.2,5,5,5,555,Champions
CUST-02474,34,8,89164.7,4,4,2,442,Champions
CUST-02475,21,9,186789.55,5,4,4,544,Champions
CUST-02476,29,12,143119.95,5,5,3,553,Champions
CUST-02477,60,16,476542.75,3,5,5,355,Loyal Customers
CUST-02478,48,12,274761.1,4,5,5,455,Champions
CUST-02479,36,11,138707.0,4,5,3,453,Champions
CUST-02480,122,11,125017.4,2,5,3,253,At Risk
CUST-02481,75,7,117978.2,3,4,3,343,Loyal Customers
CUST-02482,48,16,232829.15,4,5,4,454,Champions
CUST-02483,25,11,347090.5,5,5,5,555,Champions
CUST-02484,38,9,283317.0,4,4,5,445,Champions
CUST-02485,26,8,82263.85,5,4,2,542,Champions
CUST-02486,65,6,79781.6,3,3,2,332,Loyal Customers
CUST-02487,6,9,247080.85,5,4,4,544,Champions
CUST-02488,122,7,67903.25,2,4,2,242,At Risk
CUST-02489,77,7,185615.55,3,4,4,344,Loyal Customers
CUST-02490,8,13,329553.2,5,5,5,555,Champions
CUST-02491,77,9,138857.05,3,4,3,343,Loyal Customers
CUST-02492,2,14,603171.9,5,5,5,555,Champions
CUST-02493,86,8,92371.95,3,4,3,343,Loyal Customers
CUST-02494,29,13,269028.5,5,5,4,554,Champions
CUST-02495,80,6,64495.8,3,3,2,332,Loyal Customers
CUST-02496,64,11,354717.10000000003,3,5,5,355,Loyal Customers
CUST-02497,73,11,160988.15,3,5,3,353,Loyal Customers
CUST-02498,107,13,422788.05,2,5,5,255,At Risk
CUST-02499,38,11,373046.3,4,5,5,455,Champions
CUST-02500,166,8,103920.65,2,4,3,243,At Risk
CUST-02501,124,12,277030.1,2,5,5,255,At Risk
CUST-02502,40,11,196257.4,4,5,4,454,Champions
CUST-02503,32,13,224536.1,4,5,4,454,Champions
CUST-02504,24,14,339884.05,5,5,5,555,Champions
CUST-02505,33,13,275977.95,4,5,5,455,Champions
CUST-02506,214,7,185475.95,1,4,4,144,At Risk
CUST-02507,41,9,134453.65,4,4,3,443,Champions
CUST-02508,57,10,624205.85,3,4,5,345,Loyal Customers
CUST-02509,413,9,91734.9,1,4,2,142,At Risk
CUST-02510,64,11,398913.05,3,5,5,355,Loyal Customers
CUST-02511,32,14,585802.05,4,5,5,455,Champions
CUST-02512,77,9,102898.65,3,4,3,343,Loyal Customers
CUST-02513,49,17,575270.35,4,5,5,455,Champions
CUST-02514,21,20,564807.6,5,5,5,555,Champions
CUST-02515,5,13,352327.05,5,5,5,555,Champions
CUST-02516,32,7,239475.0,4,4,4,444,Champions
CUST-02517,92,8,419179.3,2,4,5,245,At Risk
CUST-02518,118,8,116063.65,2,4,3,243,At Risk
CUST-02519,39,10,357592.2,4,4,5,445,Champions
CUST-02520,27,13,258444.2,5,5,4,554,Champions
CUST-02521,64,12,261384.45,3,5,4,354,Loyal Customers
CUST-02522,34,13,423837.45,4,5,5,455,Champions
CUST-02523,35,6,90041.0,4,3,2,432,Loyal Customers
CUST-02524,46,8,305564.80000000005,4,4,5,445,Champions
CUST-02525,22,9,193026.05,5,4,4,544,Champions
CUST-02526,160,11,434217.55,2,5,5,255,At Risk
CUST-02527,27,13,403681.95,5,5,5,555,Champions
CUST-02528,3,9,216739.1,5,4,4,544,Champions
CUST-02529,15,6,99619.15000000001,5,3,3,533,Loyal Customers
CUST-02530,30,10,489637.45,5,4,5,545,Champions
CUST-02531,33,12,234077.25,4,5,4,454,Champions
CUST-02532,60,14,287695.4,3,5,5,355,Loyal Customers
CUST-02533,91,9,227803.8,2,4,4,244,At Risk
CUST-02534,22,15,301995.7,5,5,5,555,Champions
CUST-02535,86,14,627824.45,3,5,5,355,Loyal Customers
CUST-02536,2,10,195218.4,5,4,4,544,Champions
CUST-02537,5,8,87826.6,5,4,2,542,Champions
CUST-02538,69,11,234609.9,3,5,4,354,Loyal Customers
CUST-02539,202,8,139362.4,1,4,3,143,At Risk
CUST-02540,124,16,232921.2,2,5,4,254,At Risk
CUST-02541,85,16,554255.2,3,5,5,355,Loyal Customers
CUST-02542,22,16,414565.85,5,5,5,555,Champions
CUST-02543,32,6,103213.95,4,3,3,433,Loyal Customers
CUST-02544,114,8,191433.75,2,4,4,244,At Risk
CUST-02545,9,14,171585.1,5,5,4,554,Champions
CUST-02546,18,10,88766.95,5,4,2,542,Champions
CUST-02547,19,13,410949.95,5,5,5,555,Champions
CUST-02548,411,6,84572.85,1,3,2,132,At Risk
CUST-02549,4,7,311599.45,5,4,5,545,Champions
CUST-02550,34,10,153780.1,4,4,3,443,Champions
CUST-02551,42,14,415885.7,4,5,5,455,Champions
CUST-02552,32,14,336686.05,4,5,5,455,Champions
CUST-02553,83,9,180143.65,3,4,4,344,Loyal Customers
CUST-02554,2,12,465262.05,5,5,5,555,Champions
CUST-02555,34,13,350613.45,4,5,5,455,Champions
CUST-02556,42,9,283366.0,4,4,5,445,Champions
CUST-02557,31,8,53814.45,4,4,2,442,Champions
CUST-02558,77,13,335855.4,3,5,5,355,Loyal Customers
CUST-02559,57,8,156232.05,3,4,3,343,Loyal Customers
CUST-02560,38,11,98135.05,4,5,3,453,Champions
CUST-02561,53,7,212818.05,3,4,4,344,Loyal Customers
CUST-02562,142,8,184209.19999999998,2,4,4,244,At Risk
CUST-02563,47,17,347071.5,4,5,5,455,Champions
CUST-02564,11,12,379217.35,5,5,5,555,Champions
CUST-02565,32,8,143337.3,4,4,3,443,Champions
CUST-02566,76,16,385168.75,3,5,5,355,Loyal Customers
CUST-02567,71,7,83033.6,3,4,2,342,Loyal Customers
CUST-02568,155,5,164704.8,2,3,4,234,At Risk
CUST-02569,101,11,357147.0,2,5,5,255,At Risk
CUST-02570,44,8,266057.5,4,4,4,444,Champions
CUST-02571,70,14,284567.95,3,5,5,355,Loyal Customers
CUST-02572,12,8,161727.85,5,4,4,544,Champions
CUST-02573,42,6,151771.85,4,3,3,433,Loyal Customers
CUST-02574,21,8,152652.45,5,4,3,543,Champions
CUST-02575,48,15,452106.15,4,5,5,455,Champions
CUST-02576,15,12,250098.65,5,5,4,554,Champions
CUST-02577,14,16,468650.60000000003,5,5,5,555,Champions
CUST-02578,43,9,367153.2,4,4,5,445,Champions
CUST-02579,56,14,504997.7,3,5,5,355,Loyal Customers
CUST-02580,71,12,297192.55,3,5,5,355,Loyal Customers
CUST-02581,24,13,344333.64999999997,5,5,5,555,Champions
CUST-02582,21,10,227362.35,5,4,4,544,Champions
CUST-02583,274,6,99104.6,1,3,3,133,At Risk
CUST-02584,110,10,285395.85,2,4,5,245,At Risk
CUST-02585,59,6,190329.44999999998,3,3,4,334,Loyal Customers
CUST-02586,38,12,208987.25,4,5,4,454,Champions
CUST-02587,15,10,279935.2,5,4,5,545,Champions
CUST-02588,42,15,183073.25,4,5,4,454,Champions
CUST-02589,124,6,129881.9,2,3,3,233,At Risk
CUST-02590,118,7,184481.8,2,4,4,244,At Risk
CUST-02591,44,9,204684.9,4,4,4,444,Champions
CUST-02592,65,7,114601.04999999999,3,4,3,343,Loyal Customers
CUST-02593,42,14,330907.65,4,5,5,455,Champions
CUST-02594,36,12,421202.4,4,5,5,455,Champions
CUST-02595,45,7,76452.65,4,4,2,442,Champions
CUST-02596,112,14,533265.4,2,5,5,255,At Risk
CUST-02597,44,11,456640.6,4,5,5,455,Champions
CUST-02598,23,14,435203.15,5,5,5,555,Champions
CUST-02599,104,11,155062.8,2,5,3,253,At Risk
CUST-02600,7,9,139575.05,5,4,3,543,Champions
CUST-02601,31,15,300450.15,4,5,5,455,Champions
CUST-02602,90,17,335909.1,2,5,5,255,At Risk
CUST-02603,65,10,216400.69999999998,3,4,4,344,Loyal Customers
CUST-02604,32,9,126937.3,4,4,3,443,Champions
CUST-02605,3,9,228135.95,5,4,4,544,Champions
CUST-02606,7,11,210059.0,5,5,4,554,Champions
CUST-02607,45,8,113429.45,4,4,3,443,Champions
CUST-02608,31,11,291377.2,4,5,5,455,Champions
CUST-02609,88,9,313703.1,2,4,5,245,At Risk
CUST-02610,75,21,682312.35,3,5,5,355,Loyal Customers
CUST-02611,124,6,118344.05,2,3,3,233,At Risk
CUST-02612,8,11,248022.5,5,5,4,554,Champions
CUST-02613,77,10,115237.40000000001,3,4,3,343,Loyal Customers
CUST-02614,195,6,125403.4,2,3,3,233,At Risk
CUST-02615,124,11,349210.10000000003,2,5,5,255,At Risk
CUST-02616,11,6,178527.2,5,3,4,534,Loyal Customers
CUST-02617,37,13,196102.6,4,5,4,454,Champions
CUST-02618,33,14,507807.3,4,5,5,455,Champions
CUST-02619,48,10,364595.65,4,4,5,445,Champions
CUST-02620,75,18,494514.05,3,5,5,355,Loyal Customers
CUST-02621,49,11,372122.35,4,5,5,455,Champions
CUST-02622,8,6,135253.4,5,3,3,533,Loyal Customers
CUST-02623,51,10,231914.85,4,4,4,444,Champions
CUST-02624,85,12,252360.65,3,5,4,354,Loyal Customers
CUST-02625,66,11,176821.4,3,5,4,354,Loyal Customers
CUST-02626,9,8,199404.8,5,4,4,544,Champions
CUST-02627,107,10,114552.45,2,4,3,243,At Risk
CUST-02628,9,17,829826.75,5,5,5,555,Champions
CUST-02629,64,15,352668.4,3,5,5,355,Loyal Customers
CUST-02630,48,14,246980.19999999998,4,5,4,454,Champions
CUST-02631,5,10,108042.65,5,4,3,543,Champions
CUST-02632,69,6,241249.6,3,3,4,334,Loyal Customers
CUST-02633,48,7,140228.2,4,4,3,443,Champions
CUST-02634,247,11,225217.40000000002,1,5,4,154,At Risk
CUST-02635,43,14,350829.95,4,5,5,455,Champions
CUST-02636,52,3,180574.90000000002,4,1,4,414,Potential Loyalists
CUST-02637,85,10,221995.80000000002,3,4,4,344,Loyal Customers
CUST-02638,94,9,290831.45,2,4,5,245,At Risk
CUST-02639,86,9,273679.3,3,4,5,345,Loyal Customers
CUST-02640,5,18,503195.4,5,5,5,555,Champions
CUST-02641,166,10,247770.05,2,4,4,244,At Risk
CUST-02642,15,9,192442.25,5,4,4,544,Champions
CUST-02643,90,10,268027.55,2,4,4,244,At Risk
CUST-02644,44,17,478101.15,4,5,5,455,Champions
CUST-02645,10,17,717869.7,5,5,5,555,Champions
CUST-02646,5,8,118556.09999999999,5,4,3,543,Champions
CUST-02647,31,11,185772.75,4,5,4,454,Champions
CUST-02648,237,4,53242.05,1,2,2,122,Lost Customers
CUST-02649,18,5,66674.2,5,3,2,532,Loyal Customers
CUST-02650,5,9,304501.25,5,4,5,545,Champions
CUST-02651,36,8,102972.2,4,4,3,443,Champions
CUST-02652,63,14,303592.3,3,5,5,355,Loyal Customers
CUST-02653,16,11,284372.85000000003,5,5,5,555,Champions
CUST-02654,38,14,316960.65,4,5,5,455,Champions
CUST-02655,41,11,376804.5,4,5,5,455,Champions
CUST-02656,44,10,207191.0,4,4,4,444,Champions
CUST-02657,86,9,272515.75,3,4,4,344,Loyal Customers
CUST-02658,104,8,263669.65,2,4,4,244,At Risk
CUST-02659,34,11,288158.3,4,5,5,455,Champions
CUST-02660,105,14,369755.7,2,5,5,255,At Risk
CUST-02661,75,11,222499.7,3,5,4,354,Loyal Customers
CUST-02662,30,10,373418.25,5,4,5,545,Champions
CUST-02663,6,14,358248.9,5,5,5,555,Champions
CUST-02664,11,8,216031.55,5,4,4,544,Champions
CUST-02665,107,18,409074.85,2,5,5,255,At Risk
CUST-02666,40,11,194856.15,4,5,4,454,Champions
CUST-02667,61,10,184818.65,3,4,4,344,Loyal Customers
CUST-02668,40,3,49549.4,4,1,2,412,Potential Loyalists
CUST-02669,74,8,255498.0,3,4,4,344,Loyal Customers
CUST-02670,336,6,50850.6,1,3,2,132,At Risk
CUST-02671,1,16,327128.95,5,5,5,555,Champions
CUST-02672,105,9,69376.05,2,4,2,242,At Risk
CUST-02673,110,7,196864.6,2,4,4,244,At Risk
CUST-02674,24,11,246630.7,5,5,4,554,Champions
CUST-02675,58,7,205139.75,3,4,4,344,Loyal Customers
CUST-02676,42,10,157162.15,4,4,3,443,Champions
CUST-02677,31,11,216402.2,4,5,4,454,Champions
CUST-02678,30,8,154323.0,5,4,3,543,Champions
CUST-02679,13,13,305421.89999999997,5,5,5,555,Champions
CUST-02680,188,6,116750.45000000001,2,3,3,233,At Risk
CUST-02681,23,15,385792.3,5,5,5,555,Champions
CUST-02682,18,14,452939.65,5,5,5,555,Champions
CUST-02683,131,7,209305.05,2,4,4,244,At Risk
CUST-02684,16,10,163975.6,5,4,4,544,Champions
CUST-02685,57,11,375156.35,3,5,5,355,Loyal Customers
CUST-02686,16,16,423136.60000000003,5,5,5,555,Champions
CUST-02687,36,10,547260.75,4,4,5,445,Champions
CUST-02688,156,9,214582.0,2,4,4,244,At Risk
CUST-02689,97,8,104233.1,2,4,3,243,At Risk
CUST-02690,44,10,383745.05,4,4,5,445,Champions
CUST-02691,60,11,281085.95,3,5,5,355,Loyal Customers
CUST-02692,34,15,329877.6,4,5,5,455,Champions
CUST-02693,376,8,203849.9,1,4,4,144,At Risk
CUST-02694,38,7,144565.8,4,4,3,443,Champions
CUST-02695,102,6,152573.30000000002,2,3,3,233,At Risk
CUST-02696,59,11,124003.75,3,5,3,353,Loyal Customers
CUST-02697,80,11,267402.65,3,5,4,354,Loyal Customers
CUST-02698,104,8,141729.75,2,4,3,243,At Risk
CUST-02699,42,12,174098.45,4,5,4,454,Champions
CUST-02700,21,16,282334.8,5,5,5,555,Champions
CUST-02701,39,11,238120.3,4,5,4,454,Champions
CUST-02702,44,8,538702.8,4,4,5,445,Champions
CUST-02703,46,13,451710.95,4,5,5,455,Champions
CUST-02704,4,12,175296.55,5,5,4,554,Champions
CUST-02705,54,16,414219.35000000003,3,5,5,355,Loyal Customers
CUST-02706,56,10,151903.05,3,4,3,343,Loyal Customers
CUST-02707,53,14,393871.2,3,5,5,355,Loyal Customers
CUST-02708,9,10,126319.1,5,4,3,543,Champions
CUST-02709,97,9,161519.15,2,4,4,244,At Risk
CUST-02710,81,4,110401.95,3,2,3,323,Potential Loyalists
CUST-02711,5,11,176238.15,5,5,4,554,Champions
CUST-02712,125,9,474786.8,2,4,5,245,At Risk
CUST-02713,117,7,168815.3,2,4,4,244,At Risk
CUST-02714,83,5,124429.8,3,3,3,333,Loyal Customers
CUST-02715,20,7,237844.0,5,4,4,544,Champions
CUST-02716,4,12,482118.95,5,5,5,555,Champions
CUST-02717,43,12,214945.1,4,5,4,454,Champions
CUST-02718,37,15,565780.05,4,5,5,455,Champions
CUST-02719,31,13,342676.35,4,5,5,455,Champions
CUST-02720,3,7,104082.15,5,4,3,543,Champions
CUST-02721,2,9,43574.7,5,4,2,542,Champions
CUST-02722,36,12,380830.35,4,5,5,455,Champions
CUST-02723,14,8,118273.85,5,4,3,543,Champions
CUST-02724,76,11,141947.85,3,5,3,353,Loyal Customers
CUST-02725,74,10,209800.80000000002,3,4,4,344,Loyal Customers
CUST-02726,79,12,284020.3,3,5,5,355,Loyal Customers
CUST-02727,6,10,259484.1,5,4,4,544,Champions
CUST-02728,42,7,136089.65,4,4,3,443,Champions
CUST-02729,55,8,160796.59999999998,3,4,3,343,Loyal Customers
CUST-02730,3,12,215255.75,5,5,4,554,Champions
CUST-02731,33,7,148135.05000000002,4,4,3,443,Champions
CUST-02732,88,8,156443.05,2,4,3,243,At Risk
CUST-02733,20,9,154391.69999999998,5,4,3,543,Champions
CUST-02734,3,7,157625.30000000002,5,4,3,543,Champions
CUST-02735,50,11,379919.2,4,5,5,455,Champions
CUST-02736,71,10,80471.2,3,4,2,342,Loyal Customers
CUST-02737,35,10,118109.6,4,4,3,443,Champions
CUST-02738,168,10,200958.6,2,4,4,244,At Risk
CUST-02739,27,8,105193.40000000001,5,4,3,543,Champions
CUST-02740,62,9,132597.65,3,4,3,343,Loyal Customers
CUST-02741,90,8,241511.5,2,4,4,244,At Risk
CUST-02742,128,8,51001.5,2,4,2,242,At Risk
CUST-02743,7,13,269821.25,5,5,4,554,Champions
CUST-02744,39,14,382866.75,4,5,5,455,Champions
CUST-02745,33,8,298301.5,4,4,5,445,Champions
CUST-02746,36,12,158650.55,4,5,3,453,Champions
CUST-02747,158,6,209071.6,2,3,4,234,At Risk
CUST-02748,42,11,221091.7,4,5,4,454,Champions
CUST-02749,118,9,126850.85,2,4,3,243,At Risk
CUST-02750,73,12,196305.95,3,5,4,354,Loyal Customers
CUST-02751,52,14,215372.0,4,5,4,454,Champions
CUST-02752,80,9,73911.5,3,4,2,342,Loyal Customers
CUST-02753,153,12,202613.6,2,5,4,254,At Risk
CUST-02754,59,10,354282.5,3,4,5,345,Loyal Customers
CUST-02755,42,12,227834.55,4,5,4,454,Champions
CUST-02756,158,4,84092.8,2,2,2,222,Lost Customers
CUST-02757,31,7,392625.5,4,4,5,445,Champions
CUST-02758,24,11,212261.2,5,5,4,554,Champions
CUST-02759,163,9,208145.95,2,4,4,244,At Risk
CUST-02760,205,9,115079.75,1,4,3,143,At Risk
CUST-02761,5,12,243812.25,5,5,4,554,Champions
CUST-02762,49,6,113195.1,4,3,3,433,Loyal Customers
CUST-02763,43,14,294240.95,4,5,5,455,Champions
CUST-02764,30,9,194763.75,5,4,4,544,Champions
CUST-02765,82,9,335893.6,3,4,5,345,Loyal Customers
CUST-02766,16,9,436287.25,5,4,5,545,Champions
CUST-02767,24,11,185954.35,5,5,4,554,Champions
CUST-02768,80,8,76113.4,3,4,2,342,Loyal Customers
CUST-02769,40,6,109206.3,4,3,3,433,Loyal Customers
CUST-02770,40,10,281824.1,4,4,5,445,Champions
CUST-02771,1,4,43113.75,5,2,2,522,Potential Loyalists
CUST-02772,17,14,516751.5,5,5,5,555,Champions
CUST-02773,133,9,241530.55,2,4,4,244,At Risk
CUST-02774,4,6,142647.34999999998,5,3,3,533,Loyal Customers
CUST-02775,78,10,375938.55000000005,3,4,5,345,Loyal Customers
CUST-02776,61,11,369076.7,3,5,5,355,Loyal Customers
CUST-02777,126,12,314452.60000000003,2,5,5,255,At Risk
CUST-02778,151,7,123397.15,2,4,3,243,At Risk
CUST-02779,110,8,171778.2,2,4,4,244,At Risk
CUST-02780,33,10,175025.69999999998,4,4,4,444,Champions
CUST-02781,50,13,279614.5,4,5,5,455,Champions
CUST-02782,127,13,358362.55,2,5,5,255,At Risk
CUST-02783,53,9,343437.15,3,4,5,345,Loyal Customers
CUST-02784,20,14,569613.35,5,5,5,555,Champions
CUST-02785,7,13,314034.7,5,5,5,555,Champions
CUST-02786,60,8,232149.35,3,4,4,344,Loyal Customers
CUST-02787,66,9,161318.35,3,4,4,344,Loyal Customers
CUST-02788,46,14,265217.65,4,5,4,454,Champions
CUST-02789,10,13,206311.2,5,5,4,554,Champions
CUST-02790,23,4,47626.8,5,2,2,522,Potential Loyalists
CUST-02791,38,10,125500.6,4,4,3,443,Champions
CUST-02792,15,14,389283.45,5,5,5,555,Champions
CUST-02793,77,6,199553.05000000002,3,3,4,334,Loyal Customers
CUST-02794,36,9,301326.65,4,4,5,445,Champions
CUST-02795,4,7,253121.4,5,4,4,544,Champions
CUST-02796,282,9,305325.0,1,4,5,145,At Risk
CUST-02797,88,10,409576.95,2,4,5,245,At Risk
CUST-02798,54,10,149503.0,3,4,3,343,Loyal Customers
CUST-02799,75,12,181861.5,3,5,4,354,Loyal Customers
CUST-02800,81,7,43472.25,3,4,2,342,Loyal Customers
CUST-02801,63,3,136562.85,3,1,3,313,Potential Loyalists
CUST-02802,154,3,26002.25,2,1,1,211,Lost Customers
CUST-02804,222,3,105450.04999999999,1,1,3,113,Lost Customers
CUST-02805,246,1,62877.6,1,1,2,112,Lost Customers
CUST-02806,71,5,103913.9,3,3,3,333,Loyal Customers
CUST-02807,234,4,43964.8,1,2,2,122,Lost Customers
CUST-02808,243,2,79235.29999999999,1,1,2,112,Lost Customers
CUST-02809,315,2,102124.5,1,1,3,113,Lost Customers
CUST-02810,63,3,16179.85,3,1,1,311,Potential Loyalists
CUST-02812,36,8,106487.05,4,4,3,443,Champions
CUST-02813,170,5,287210.6,2,3,5,235,At Risk
CUST-02814,19,5,120006.25,5,3,3,533,Loyal Customers
CUST-02815,50,6,351363.1,4,3,5,435,Loyal Customers
CUST-02816,64,2,161019.85,3,1,3,313,Potential Loyalists
CUST-02817,102,4,22061.15,2,2,1,221,Lost Customers
CUST-02818,29,8,247931.85,5,4,4,544,Champions
CUST-02819,88,3,11881.5,2,1,1,211,Lost Customers
CUST-02820,40,2,80350.35,4,1,2,412,Potential Loyalists
CUST-02821,107,6,159843.7,2,3,3,233,At Risk
CUST-02822,639,1,14413.4,1,1,1,111,Lost Customers
CUST-02823,37,4,198720.85,4,2,4,424,Potential Loyalists
CUST-02824,18,3,101952.9,5,1,3,513,Potential Loyalists
CUST-02826,87,5,69524.45,3,3,2,332,Loyal Customers
CUST-02827,531,2,48694.149999999994,1,1,2,112,Lost Customers
CUST-02828,40,4,135438.0,4,2,3,423,Potential Loyalists
CUST-02829,21,5,116754.29999999999,5,3,3,533,Loyal Customers
CUST-02830,69,7,113529.25,3,4,3,343,Loyal Customers
CUST-02831,36,6,157756.15,4,3,3,433,Loyal Customers
CUST-02832,16,6,158017.35,5,3,3,533,Loyal Customers
CUST-02833,152,3,84840.15,2,1,2,212,Lost Customers
CUST-02834,456,3,61193.7,1,1,2,112,Lost Customers
CUST-02835,58,2,25497.199999999997,3,1,1,311,Potential Loyalists
CUST-02836,39,5,126817.8,4,3,3,433,Loyal Customers
CUST-02837,24,3,33315.2,5,1,1,511,Potential Loyalists
CUST-02838,102,3,22027.5,2,1,1,211,Lost Customers
CUST-02839,164,1,10876.55,2,1,1,211,Lost Customers
CUST-02840,66,5,135338.25,3,3,3,333,Loyal Customers
CUST-02841,136,6,143112.15,2,3,3,233,At Risk
CUST-02842,468,3,111154.84999999999,1,1,3,113,Lost Customers
CUST-02843,325,3,60595.35,1,1,2,112,Lost Customers
CUST-02844,78,2,92183.5,3,1,2,312,Potential Loyalists
CUST-02845,54,4,24539.45,3,2,1,321,Potential Loyalists
CUST-02846,90,3,29122.699999999997,2,1,1,211,Lost Customers
CUST-02847,41,5,206344.65,4,3,4,434,Loyal Customers
CUST-02848,169,5,117611.55,2,3,3,233,At Risk
CUST-02849,75,4,68112.05,3,2,2,322,Potential Loyalists
CUST-02850,21,5,268183.9,5,3,4,534,Loyal Customers
CUST-02851,202,5,111915.6,1,3,3,133,At Risk
CUST-02852,259,2,10690.05,1,1,1,111,Lost Customers
CUST-02853,41,6,246157.94999999998,4,3,4,434,Loyal Customers
CUST-02854,73,8,70518.0,3,4,2,342,Loyal Customers
CUST-02855,64,4,91553.75,3,2,2,322,Potential Loyalists
CUST-02856,119,6,136395.15,2,3,3,233,At Risk
CUST-02857,119,4,152723.75,2,2,3,223,Lost Customers
CUST-02858,400,1,1257.9,1,1,1,111,Lost Customers
CUST-02859,56,4,72990.8,3,2,2,322,Potential Loyalists
CUST-02860,562,2,62705.600000000006,1,1,2,112,Lost Customers
CUST-02861,285,5,115039.05,1,3,3,133,At Risk
CUST-02862,469,3,25214.05,1,1,1,111,Lost Customers
CUST-02863,75,5,112306.0,3,3,3,333,Loyal Customers
CUST-02864,292,3,135443.15000000002,1,1,3,113,Lost Customers
CUST-02865,319,3,24141.8,1,1,1,111,Lost Customers
CUST-02866,366,2,3272.3999999999996,1,1,1,111,Lost Customers
CUST-02867,34,2,49408.05,4,1,2,412,Potential Loyalists
CUST-02868,21,4,30902.35,5,2,1,521,Potential Loyalists
CUST-02869,109,7,132852.09999999998,2,4,3,243,At Risk
CUST-02870,71,7,113735.15,3,4,3,343,Loyal Customers
CUST-02871,36,6,140173.85,4,3,3,433,Loyal Customers
CUST-02872,34,6,26991.300000000003,4,3,1,431,Loyal Customers
CUST-02873,62,3,136147.65,3,1,3,313,Potential Loyalists
CUST-02874,44,5,148531.1,4,3,3,433,Loyal Customers
CUST-02875,50,3,68528.45000000001,4,1,2,412,Potential Loyalists
CUST-02876,69,3,48828.35,3,1,2,312,Potential Loyalists
CUST-02877,395,2,167003.3,1,1,4,114,Lost Customers
CUST-02878,82,7,54555.1,3,4,2,342,Loyal Customers
CUST-02879,152,4,130835.40000000001,2,2,3,223,Lost Customers
CUST-02880,42,4,43144.0,4,2,2,422,Potential Loyalists
CUST-02881,18,3,70792.95,5,1,2,512,Potential Loyalists
CUST-02882,481,1,53797.0,1,1,2,112,Lost Customers
CUST-02883,292,3,104642.85,1,1,3,113,Lost Customers
CUST-02884,73,4,36960.5,3,2,1,321,Potential Loyalists
CUST-02885,58,2,10020.25,3,1,1,311,Potential Loyalists
CUST-02886,403,3,42830.95,1,1,1,111,Lost Customers
CUST-02887,13,4,88603.5,5,2,2,522,Potential Loyalists
CUST-02888,195,4,129457.1,2,2,3,223,Lost Customers
CUST-02889,67,4,43990.6,3,2,2,322,Potential Loyalists
CUST-02890,18,5,57997.65,5,3,2,532,Loyal Customers
CUST-02891,471,1,13519.2,1,1,1,111,Lost Customers
CUST-02892,295,2,65088.3,1,1,2,112,Lost Customers
CUST-02893,260,3,21819.95,1,1,1,111,Lost Customers
CUST-02894,65,3,31646.65,3,1,1,311,Potential Loyalists
CUST-02895,332,1,3950.75,1,1,1,111,Lost Customers
CUST-02896,37,3,10202.9,4,1,1,411,Potential Loyalists
CUST-02897,235,2,61024.65,1,1,2,112,Lost Customers
CUST-02898,33,5,294242.35000000003,4,3,5,435,Loyal Customers
CUST-02899,109,4,57972.899999999994,2,2,2,222,Lost Customers
CUST-02900,176,5,82665.2,2,3,2,232,At Risk
CUST-02901,79,3,99332.85,3,1,3,313,Potential Loyalists
CUST-02902,362,1,15658.2,1,1,1,111,Lost Customers
CUST-02903,298,2,4075.05,1,1,1,111,Lost Customers
CUST-02904,155,2,7027.200000000001,2,1,1,211,Lost Customers
CUST-02905,215,4,40423.25,1,2,1,121,Lost Customers
CUST-02906,433,4,105476.55,1,2,3,123,Lost Customers
CUST-02907,352,2,11525.35,1,1,1,111,Lost Customers
CUST-02908,366,1,636.65,1,1,1,111,Lost Customers
CUST-02909,447,2,17836.0,1,1,1,111,Lost Customers
CUST-02910,218,5,48850.35,1,3,2,132,At Risk
CUST-02911,128,5,87230.8,2,3,2,232,At Risk
CUST-02912,121,4,22392.75,2,2,1,221,Lost Customers
CUST-02914,45,4,24194.75,4,2,1,421,Potential Loyalists
CUST-02915,49,5,344468.85,4,3,5,435,Loyal Customers
CUST-02916,331,2,112508.4,1,1,3,113,Lost Customers
CUST-02917,88,4,132389.45,2,2,3,223,Lost Customers
CUST-02918,45,5,109688.6,4,3,3,433,Loyal Customers
CUST-02919,325,3,108950.05,1,1,3,113,Lost Customers
CUST-02920,8,3,54030.9,5,1,2,512,Potential Loyalists
CUST-02921,643,1,139.3,1,1,1,111,Lost Customers
CUST-02922,111,4,115551.95,2,2,3,223,Lost Customers
CUST-02923,286,4,201909.80000000002,1,2,4,124,Lost Customers
CUST-02924,455,3,33854.7,1,1,1,111,Lost Customers
CUST-02925,276,2,148837.4,1,1,3,113,Lost Customers
CUST-02926,87,4,150253.0,3,2,3,323,Potential Loyalists
CUST-02927,296,6,114226.3,1,3,3,133,At Risk
CUST-02928,218,1,11966.2,1,1,1,111,Lost Customers
CUST-02930,54,4,28293.45,3,2,1,321,Potential Loyalists
CUST-02931,417,2,7949.9,1,1,1,111,Lost Customers
CUST-02932,583,2,109705.05,1,1,3,113,Lost Customers
CUST-02933,176,3,63373.700000000004,2,1,2,212,Lost Customers
CUST-02934,295,2,28016.55,1,1,1,111,Lost Customers
CUST-02935,79,2,79957.05,3,1,2,312,Potential Loyalists
CUST-02936,81,4,76716.5,3,2,2,322,Potential Loyalists
CUST-02937,181,4,55263.15,2,2,2,222,Lost Customers
CUST-02938,297,1,58797.0,1,1,2,112,Lost Customers
CUST-02939,124,3,34773.299999999996,2,1,1,211,Lost Customers
CUST-02940,126,2,18311.4,2,1,1,211,Lost Customers
CUST-02941,80,4,69891.8,3,2,2,322,Potential Loyalists
CUST-02942,144,3,68679.9,2,1,2,212,Lost Customers
CUST-02943,412,1,5605.95,1,1,1,111,Lost Customers
CUST-02944,172,3,57957.100000000006,2,1,2,212,Lost Customers
CUST-02945,207,5,125000.95000000001,1,3,3,133,At Risk
CUST-02946,51,3,118748.45,4,1,3,413,Potential Loyalists
CUST-02947,440,2,40448.2,1,1,1,111,Lost Customers
CUST-02948,67,7,88542.45,3,4,2,342,Loyal Customers
CUST-02949,67,7,183225.1,3,4,4,344,Loyal Customers
CUST-02950,54,6,144419.65000000002,3,3,3,333,Loyal Customers
CUST-02951,35,6,77719.0,4,3,2,432,Loyal Customers
CUST-02952,130,7,113436.8,2,4,3,243,At Risk
CUST-02953,149,4,70574.55,2,2,2,222,Lost Customers
CUST-02954,8,1,18845.0,5,1,1,511,Potential Loyalists
CUST-02955,329,4,39510.9,1,2,1,121,Lost Customers
CUST-02956,28,8,178692.7,5,4,4,544,Champions
CUST-02957,144,4,226349.4,2,2,4,224,Lost Customers
CUST-02958,92,5,206656.65000000002,2,3,4,234,At Risk
CUST-02959,97,2,25329.9,2,1,1,211,Lost Customers
CUST-02960,22,5,82652.5,5,3,2,532,Loyal Customers
CUST-02961,122,1,4948.5,2,1,1,211,Lost Customers
CUST-02962,96,1,28553.05,2,1,1,211,Lost Customers
CUST-02963,88,3,20524.5,2,1,1,211,Lost Customers
CUST-02964,92,5,224564.45,2,3,4,234,At Risk
CUST-02965,81,5,81280.35,3,3,2,332,Loyal Customers
CUST-02966,50,4,29122.25,4,2,1,421,Potential Loyalists
CUST-02967,36,5,33469.65,4,3,1,431,Loyal Customers
CUST-02968,139,3,40217.799999999996,2,1,1,211,Lost Customers
CUST-02969,154,3,22534.75,2,1,1,211,Lost Customers
CUST-02970,410,3,50213.0,1,1,2,112,Lost Customers
CUST-02971,154,1,1494.35,2,1,1,211,Lost Customers
CUST-02972,15,5,124698.85,5,3,3,533,Loyal Customers
CUST-02973,5,6,147248.65,5,3,3,533,Loyal Customers
CUST-02974,195,3,125469.9,2,1,3,213,Lost Customers
CUST-02975,174,5,93931.59999999999,2,3,3,233,At Risk
CUST-02976,539,3,58292.95,1,1,2,112,Lost Customers
CUST-02977,69,4,116330.40000000001,3,2,3,323,Potential Loyalists
CUST-02978,51,4,113134.1,4,2,3,423,Potential Loyalists
CUST-02979,66,5,123743.95,3,3,3,333,Loyal Customers
CUST-02980,7,5,61778.0,5,3,2,532,Loyal Customers
CUST-02981,173,4,155851.85,2,2,3,223,Lost Customers
CUST-02982,46,3,103455.25,4,1,3,413,Potential Loyalists
CUST-02983,37,4,61691.2,4,2,2,422,Potential Loyalists
CUST-02984,65,7,71055.8,3,4,2,342,Loyal Customers
CUST-02985,11,4,18702.65,5,2,1,521,Potential Loyalists
CUST-02986,139,4,120490.55,2,2,3,223,Lost Customers
CUST-02987,81,4,41239.85,3,2,1,321,Potential Loyalists
CUST-02988,54,3,157778.2,3,1,3,313,Potential Loyalists
CUST-02989,676,2,65530.2,1,1,2,112,Lost Customers
CUST-02990,189,6,134231.75,2,3,3,233,At Risk
CUST-02991,142,6,61089.4,2,3,2,232,At Risk
CUST-02992,147,3,74513.05,2,1,2,212,Lost Customers
CUST-02993,61,7,122462.7,3,4,3,343,Loyal Customers
CUST-02994,36,5,231868.65,4,3,4,434,Loyal Customers
CUST-02995,403,3,185530.0,1,1,4,114,Lost Customers
CUST-02996,155,2,24356.65,2,1,1,211,Lost Customers
CUST-02997,247,2,28579.15,1,1,1,111,Lost Customers
CUST-02998,261,4,98389.85,1,2,3,123,Lost Customers
CUST-02999,90,5,329933.55,2,3,5,235,At Risk
CUST-03000,55,4,149126.25,3,2,3,323,Potential Loyalists
CUST-03001,432,3,16761.8,1,1,1,111,Lost Customers
CUST-03002,188,2,14420.400000000001,2,1,1,211,Lost Customers
CUST-03003,236,2,51865.35,1,1,2,112,Lost Customers
CUST-03004,43,8,174243.6,4,4,4,444,Champions
CUST-03005,5,5,80281.09999999999,5,3,2,532,Loyal Customers
CUST-03007,69,3,72090.29999999999,3,1,2,312,Potential Loyalists
CUST-03008,144,3,23550.350000000002,2,1,1,211,Lost Customers
CUST-03009,57,2,28816.550000000003,3,1,1,311,Potential Loyalists
CUST-03010,573,1,12258.7,1,1,1,111,Lost Customers
CUST-03011,329,3,50050.0,1,1,2,112,Lost Customers
CUST-03012,53,4,132219.8,3,2,3,323,Potential Loyalists
CUST-03013,233,2,11070.85,1,1,1,111,Lost Customers
CUST-03015,580,3,57563.450000000004,1,1,2,112,Lost Customers
CUST-03016,350,3,86592.4,1,1,2,112,Lost Customers
CUST-03017,230,3,60842.5,1,1,2,112,Lost Customers
CUST-03018,13,4,192265.05,5,2,4,524,Potential Loyalists
CUST-03019,37,4,57258.45,4,2,2,422,Potential Loyalists
CUST-03020,90,4,39519.2,2,2,1,221,Lost Customers
CUST-03021,36,2,5915.0,4,1,1,411,Potential Loyalists
CUST-03022,17,2,21109.9,5,1,1,511,Potential Loyalists
CUST-03023,190,6,184482.65,2,3,4,234,At Risk
CUST-03024,28,3,42200.1,5,1,1,511,Potential Loyalists
CUST-03025,96,2,164967.4,2,1,4,214,Lost Customers
CUST-03026,103,1,28314.3,2,1,1,211,Lost Customers
CUST-03027,40,4,48575.95,4,2,2,422,Potential Loyalists
CUST-03028,262,1,11062.3,1,1,1,111,Lost Customers
CUST-03029,35,1,4273.5,4,1,1,411,Potential Loyalists
CUST-03030,48,5,191738.6,4,3,4,434,Loyal Customers
CUST-03031,46,7,127744.5,4,4,3,443,Champions
CUST-03032,436,1,524.25,1,1,1,111,Lost Customers
CUST-03033,493,2,89890.29999999999,1,1,2,112,Lost Customers
CUST-03034,453,3,58219.7,1,1,2,112,Lost Customers
CUST-03035,63,4,160640.45,3,2,3,323,Potential Loyalists
CUST-03036,180,3,15922.8,2,1,1,211,Lost Customers
CUST-03037,63,6,114143.1,3,3,3,333,Loyal Customers
CUST-03038,290,2,37837.7,1,1,1,111,Lost Customers
CUST-03039,76,4,110151.84999999999,3,2,3,323,Potential Loyalists
CUST-03041,66,3,25087.850000000002,3,1,1,311,Potential Loyalists
CUST-03042,69,2,17660.3,3,1,1,311,Potential Loyalists
CUST-03043,417,1,3648.3,1,1,1,111,Lost Customers
CUST-03044,19,3,7135.0,5,1,1,511,Potential Loyalists
CUST-03045,438,2,30846.55,1,1,1,111,Lost Customers
CUST-03046,191,2,38729.05,2,1,1,211,Lost Customers
CUST-03047,612,1,13274.25,1,1,1,111,Lost Customers
CUST-03048,137,3,129849.45,2,1,3,213,Lost Customers
CUST-03049,42,5,166762.5,4,3,4,434,Loyal Customers
CUST-03050,166,3,115131.6,2,1,3,213,Lost Customers
CUST-03051,408,3,46266.45,1,1,2,112,Lost Customers
CUST-03052,276,2,16468.1,1,1,1,111,Lost Customers
CUST-03053,34,4,80333.85,4,2,2,422,Potential Loyalists
CUST-03054,57,7,251236.95,3,4,4,344,Loyal Customers
CUST-03055,58,4,75981.2,3,2,2,322,Potential Loyalists
CUST-03056,648,1,56497.1,1,1,2,112,Lost Customers
CUST-03057,533,1,778.8,1,1,1,111,Lost Customers
CUST-03058,105,2,91817.6,2,1,2,212,Lost Customers
CUST-03059,291,2,77328.8,1,1,2,112,Lost Customers
CUST-03060,25,4,67256.65,5,2,2,522,Potential Loyalists
CUST-03061,706,1,18403.2,1,1,1,111,Lost Customers
CUST-03062,295,4,56875.8,1,2,2,122,Lost Customers
CUST-03063,206,3,70918.3,1,1,2,112,Lost Customers
CUST-03064,54,4,120734.9,3,2,3,323,Potential Loyalists
CUST-03065,61,3,53642.1,3,1,2,312,Potential Loyalists
CUST-03066,437,1,7475.450000000001,1,1,1,111,Lost Customers
CUST-03067,101,2,20814.5,2,1,1,211,Lost Customers
CUST-03068,138,5,196119.30000000002,2,3,4,234,At Risk
CUST-03069,16,2,105218.9,5,1,3,513,Potential Loyalists
CUST-03070,50,5,81710.6,4,3,2,432,Loyal Customers
CUST-03071,46,2,6107.35,4,1,1,411,Potential Loyalists
CUST-03072,36,4,231668.2,4,2,4,424,Potential Loyalists
CUST-03073,302,3,110588.70000000001,1,1,3,113,Lost Customers
CUST-03074,310,3,31192.65,1,1,1,111,Lost Customers
CUST-03075,116,1,2624.25,2,1,1,211,Lost Customers
CUST-03076,37,3,62804.85,4,1,2,412,Potential Loyalists
CUST-03077,262,2,34625.45,1,1,1,111,Lost Customers
CUST-03078,22,3,63219.35,5,1,2,512,Potential Loyalists
CUST-03079,74,3,126472.15,3,1,3,313,Potential Loyalists
CUST-03080,62,5,114296.1,3,3,3,333,Loyal Customers
CUST-03081,81,4,95314.95,3,2,3,323,Potential Loyalists
CUST-03082,56,3,27125.15,3,1,1,311,Potential Loyalists
CUST-03083,530,1,38543.05,1,1,1,111,Lost Customers
CUST-03084,337,2,55112.35,1,1,2,112,Lost Customers
CUST-03085,51,7,85504.65,4,4,2,442,Champions
CUST-03086,425,3,48889.950000000004,1,1,2,112,Lost Customers
CUST-03087,193,4,16897.7,2,2,1,221,Lost Customers
CUST-03088,437,2,40491.55,1,1,1,111,Lost Customers
CUST-03089,42,4,159454.45,4,2,3,423,Potential Loyalists
CUST-03090,280,1,1423.1,1,1,1,111,Lost Customers
CUST-03091,125,9,163377.65,2,4,4,244,At Risk
CUST-03092,146,4,65279.450000000004,2,2,2,222,Lost Customers
CUST-03093,427,3,136397.3,1,1,3,113,Lost Customers
CUST-03094,113,4,26693.05,2,2,1,221,Lost Customers
CUST-03095,2,5,90837.45000000001,5,3,2,532,Loyal Customers
CUST-03096,20,7,48117.7,5,4,2,542,Champions
CUST-03097,364,2,36223.45,1,1,1,111,Lost Customers
CUST-03098,1,2,33462.15,5,1,1,511,Potential Loyalists
CUST-03099,144,5,33531.2,2,3,1,231,At Risk
CUST-03100,220,6,145119.4,1,3,3,133,At Risk
CUST-03101,25,10,127436.45,5,4,3,543,Champions
CUST-03102,298,2,48974.05,1,1,2,112,Lost Customers
CUST-03103,159,2,45967.0,2,1,2,212,Lost Customers
CUST-03104,20,7,114632.3,5,4,3,543,Champions
CUST-03105,508,5,198782.55,1,3,4,134,At Risk
CUST-03106,45,2,10132.65,4,1,1,411,Potential Loyalists
CUST-03107,205,4,80295.2,1,2,2,122,Lost Customers
CUST-03108,151,2,87512.2,2,1,2,212,Lost Customers
CUST-03109,59,6,32408.5,3,3,1,331,Loyal Customers
CUST-03110,279,3,36597.899999999994,1,1,1,111,Lost Customers
CUST-03111,114,6,105314.65,2,3,3,233,At Risk
CUST-03112,348,1,35434.05,1,1,1,111,Lost Customers
CUST-03113,113,4,119057.95,2,2,3,223,Lost Customers
CUST-03114,251,3,108353.7,1,1,3,113,Lost Customers
CUST-03115,88,4,294846.65,2,2,5,225,Lost Customers
CUST-03116,438,1,33977.2,1,1,1,111,Lost Customers
CUST-03117,141,6,126309.1,2,3,3,233,At Risk
CUST-03118,37,4,19122.7,4,2,1,421,Potential Loyalists
CUST-03119,37,6,79491.25,4,3,2,432,Loyal Customers
CUST-03120,66,3,45261.7,3,1,2,312,Potential Loyalists
CUST-03122,144,3,57139.25,2,1,2,212,Lost Customers
CUST-03123,310,5,108066.65,1,3,3,133,At Risk
CUST-03124,415,3,121908.45,1,1,3,113,Lost Customers
CUST-03125,183,2,82695.15,2,1,2,212,Lost Customers
CUST-03126,129,7,166075.2,2,4,4,244,At Risk
CUST-03127,194,1,2209.15,2,1,1,211,Lost Customers
CUST-03128,63,12,184747.8,3,5,4,354,Loyal Customers
CUST-03129,340,2,27613.65,1,1,1,111,Lost Customers
CUST-03130,36,3,12837.900000000001,4,1,1,411,Potential Loyalists
CUST-03131,436,2,7211.35,1,1,1,111,Lost Customers
CUST-03132,159,2,71117.3,2,1,2,212,Lost Customers
CUST-03133,151,3,47367.4,2,1,2,212,Lost Customers
CUST-03134,135,2,37438.65,2,1,1,211,Lost Customers
CUST-03135,20,1,79259.95,5,1,2,512,Potential Loyalists
CUST-03136,82,3,46040.85,3,1,2,312,Potential Loyalists
CUST-03137,273,1,27296.05,1,1,1,111,Lost Customers
CUST-03138,37,2,1676.6,4,1,1,411,Potential Loyalists
CUST-03139,639,1,2599.0,1,1,1,111,Lost Customers
CUST-03140,114,4,192886.45,2,2,4,224,Lost Customers
CUST-03141,319,1,3592.15,1,1,1,111,Lost Customers
CUST-03142,185,3,27047.75,2,1,1,211,Lost Customers
CUST-03143,20,7,131816.95,5,4,3,543,Champions
CUST-03144,82,6,42298.35,3,3,1,331,Loyal Customers
CUST-03145,143,2,2398.75,2,1,1,211,Lost Customers
CUST-03146,59,2,46124.65,3,1,2,312,Potential Loyalists
CUST-03149,257,3,55157.7,1,1,2,112,Lost Customers
CUST-03150,407,2,23493.05,1,1,1,111,Lost Customers
CUST-03151,708,1,53097.0,1,1,2,112,Lost Customers
CUST-03152,30,5,94861.4,5,3,3,533,Loyal Customers
CUST-03153,30,4,76630.35,5,2,2,522,Potential Loyalists
CUST-03154,42,3,66823.6,4,1,2,412,Potential Loyalists
CUST-03155,128,5,40007.7,2,3,1,231,At Risk
CUST-03156,325,2,55581.65,1,1,2,112,Lost Customers
CUST-03157,113,3,173062.3,2,1,4,214,Lost Customers
CUST-03158,275,6,166866.45,1,3,4,134,At Risk
CUST-03159,8,3,96101.25,5,1,3,513,Potential Loyalists
CUST-03160,19,4,69118.2,5,2,2,522,Potential Loyalists
CUST-03161,41,4,102699.55,4,2,3,423,Potential Loyalists
CUST-03162,163,6,106240.09999999999,2,3,3,233,At Risk
CUST-03163,37,6,185272.45,4,3,4,434,Loyal Customers
CUST-03164,443,2,50431.799999999996,1,1,2,112,Lost Customers
CUST-03165,66,3,62721.45,3,1,2,312,Potential Loyalists
CUST-03166,205,6,137416.6,1,3,3,133,At Risk
CUST-03167,106,5,281468.25,2,3,5,235,At Risk
CUST-03168,71,6,185655.65,3,3,4,334,Loyal Customers
CUST-03169,74,5,188742.8,3,3,4,334,Loyal Customers
CUST-03170,31,7,318877.85000000003,4,4,5,445,Champions
CUST-03171,71,4,162617.75,3,2,4,324,Potential Loyalists
CUST-03172,60,4,46952.450000000004,3,2,2,322,Potential Loyalists
CUST-03173,137,4,37167.85,2,2,1,221,Lost Customers
CUST-03174,124,4,44973.25,2,2,2,222,Lost Customers
CUST-03175,320,2,75521.54999999999,1,1,2,112,Lost Customers
CUST-03176,182,3,49613.0,2,1,2,212,Lost Customers
CUST-03177,79,3,105013.85,3,1,3,313,Potential Loyalists
CUST-03178,49,11,193439.1,4,5,4,454,Champions
CUST-03179,50,4,191451.0,4,2,4,424,Potential Loyalists
CUST-03181,49,6,193691.35,4,3,4,434,Loyal Customers
CUST-03182,225,5,189181.8,1,3,4,134,At Risk
CUST-03183,278,1,3200.65,1,1,1,111,Lost Customers
CUST-03184,59,2,6601.8,3,1,1,311,Potential Loyalists
CUST-03185,35,4,39732.4,4,2,1,421,Potential Loyalists
CUST-03186,471,2,3673.5,1,1,1,111,Lost Customers
CUST-03187,303,1,36043.15,1,1,1,111,Lost Customers
CUST-03188,42,4,93403.25,4,2,3,423,Potential Loyalists
CUST-03189,607,3,6570.3,1,1,1,111,Lost Customers
CUST-03190,340,5,62565.049999999996,1,3,2,132,At Risk
CUST-03191,24,3,67731.35,5,1,2,512,Potential Loyalists
CUST-03192,617,2,23587.6,1,1,1,111,Lost Customers
CUST-03193,413,4,96758.45,1,2,3,123,Lost Customers
CUST-03194,51,4,25349.55,4,2,1,421,Potential Loyalists
CUST-03195,167,3,39781.4,2,1,1,211,Lost Customers
CUST-03196,429,2,127278.8,1,1,3,113,Lost Customers
CUST-03197,58,5,117566.7,3,3,3,333,Loyal Customers
CUST-03198,301,2,4402.3,1,1,1,111,Lost Customers
CUST-03199,57,5,129363.45,3,3,3,333,Loyal Customers
CUST-03200,144,2,3913.2,2,1,1,211,Lost Customers
CUST-03201,65,7,49982.3,3,4,2,342,Loyal Customers
CUST-03202,66,8,119364.45,3,4,3,343,Loyal Customers
CUST-03203,354,7,304402.95,1,4,5,145,At Risk
CUST-03204,85,2,27242.05,3,1,1,311,Potential Loyalists
CUST-03205,52,3,115009.1,4,1,3,413,Potential Loyalists
CUST-03206,718,1,8188.2,1,1,1,111,Lost Customers
CUST-03207,188,3,18546.2,2,1,1,211,Lost Customers
CUST-03208,62,2,10728.3,3,1,1,311,Potential Loyalists
CUST-03209,183,2,36391.8,2,1,1,211,Lost Customers
CUST-03210,20,4,83021.6,5,2,2,522,Potential Loyalists
CUST-03211,131,2,5061.65,2,1,1,211,Lost Customers
CUST-03213,524,1,28906.5,1,1,1,111,Lost Customers
CUST-03214,32,3,85070.15,4,1,2,412,Potential Loyalists
CUST-03215,31,8,76520.8,4,4,2,442,Champions
CUST-03216,31,7,162560.75,4,4,4,444,Champions
CUST-03217,112,4,62686.5,2,2,2,222,Lost Customers
CUST-03218,55,4,122848.75,3,2,3,323,Potential Loyalists
CUST-03219,172,5,63847.85,2,3,2,232,At Risk
CUST-03220,528,4,61130.2,1,2,2,122,Lost Customers
CUST-03221,231,3,91733.45,1,1,2,112,Lost Customers
CUST-03222,50,7,151411.3,4,4,3,443,Champions
CUST-03223,491,1,26979.05,1,1,1,111,Lost Customers
CUST-03224,518,3,47651.75,1,1,2,112,Lost Customers
CUST-03225,64,1,6612.2,3,1,1,311,Potential Loyalists
CUST-03226,68,1,7954.55,3,1,1,311,Potential Loyalists
CUST-03227,175,3,29073.1,2,1,1,211,Lost Customers
CUST-03229,189,3,53176.45,2,1,2,212,Lost Customers
CUST-03230,380,1,27074.05,1,1,1,111,Lost Customers
CUST-03231,26,4,76623.95,5,2,2,522,Potential Loyalists
CUST-03232,411,3,72450.3,1,1,2,112,Lost Customers
CUST-03233,80,5,66949.9,3,3,2,332,Loyal Customers
CUST-03235,73,3,56718.75,3,1,2,312,Potential Loyalists
CUST-03236,63,4,47405.95,3,2,2,322,Potential Loyalists
CUST-03237,299,2,32322.3,1,1,1,111,Lost Customers
CUST-03238,86,3,36313.450000000004,3,1,1,311,Potential Loyalists
CUST-03239,455,3,29522.95,1,1,1,111,Lost Customers
CUST-03240,87,3,37040.4,3,1,1,311,Potential Loyalists
CUST-03241,485,2,65230.45,1,1,2,112,Lost Customers
CUST-03242,103,3,188179.45,2,1,4,214,Lost Customers
CUST-03243,337,4,182435.7,1,2,4,124,Lost Customers
CUST-03244,70,4,112038.35,3,2,3,323,Potential Loyalists
CUST-03245,124,2,34203.95,2,1,1,211,Lost Customers
CUST-03246,66,4,37389.25,3,2,1,321,Potential Loyalists
CUST-03247,43,4,75921.5,4,2,2,422,Potential Loyalists
CUST-03248,17,1,33746.549999999996,5,1,1,511,Potential Loyalists
CUST-03249,27,2,34433.55,5,1,1,511,Potential Loyalists
CUST-03250,58,3,74225.95,3,1,2,312,Potential Loyalists
CUST-03251,38,3,51795.049999999996,4,1,2,412,Potential Loyalists
CUST-03252,630,1,9358.35,1,1,1,111,Lost Customers
CUST-03253,22,4,212446.0,5,2,4,524,Potential Loyalists
CUST-03254,117,5,81116.6,2,3,2,232,At Risk
CUST-03255,63,4,70921.65,3,2,2,322,Potential Loyalists
CUST-03256,92,1,40632.3,2,1,1,211,Lost Customers
CUST-03257,57,3,61804.6,3,1,2,312,Potential Loyalists
CUST-03258,508,1,749.0,1,1,1,111,Lost Customers
CUST-03259,27,5,129822.4,5,3,3,533,Loyal Customers
CUST-03260,128,4,85401.05,2,2,2,222,Lost Customers
CUST-03261,96,5,95361.4,2,3,3,233,At Risk
CUST-03262,25,3,30414.65,5,1,1,511,Potential Loyalists
CUST-03263,331,2,29101.8,1,1,1,111,Lost Customers
CUST-03264,8,2,86977.45,5,1,2,512,Potential Loyalists
CUST-03265,52,4,67653.0,4,2,2,422,Potential Loyalists
CUST-03266,524,1,21582.0,1,1,1,111,Lost Customers
CUST-03267,79,3,16277.9,3,1,1,311,Potential Loyalists
CUST-03268,145,4,90807.85,2,2,2,222,Lost Customers
CUST-03269,175,4,83579.9,2,2,2,222,Lost Customers
CUST-03270,97,5,157047.6,2,3,3,233,At Risk
CUST-03271,81,4,23974.699999999997,3,2,1,321,Potential Loyalists
CUST-03272,323,2,46059.15,1,1,2,112,Lost Customers
CUST-03273,5,4,88766.65,5,2,2,522,Potential Loyalists
CUST-03274,78,5,81662.75,3,3,2,332,Loyal Customers
CUST-03275,133,2,53668.3,2,1,2,212,Lost Customers
CUST-03276,39,3,96207.30000000002,4,1,3,413,Potential Loyalists
CUST-03277,420,4,118815.1,1,2,3,123,Lost Customers
CUST-03278,88,5,69561.15,2,3,2,232,At Risk
CUST-03279,117,4,44839.85,2,2,2,222,Lost Customers
CUST-03280,44,5,86342.95,4,3,2,432,Loyal Customers
CUST-03281,176,4,29366.85,2,2,1,221,Lost Customers
CUST-03282,216,4,111809.15000000001,1,2,3,123,Lost Customers
CUST-03283,160,2,9080.099999999999,2,1,1,211,Lost Customers
CUST-03284,142,5,250310.19999999998,2,3,4,234,At Risk
CUST-03285,82,6,190032.55,3,3,4,334,Loyal Customers
CUST-03286,226,4,69284.25,1,2,2,122,Lost Customers
CUST-03287,262,1,5957.1,1,1,1,111,Lost Customers
CUST-03288,428,2,5788.799999999999,1,1,1,111,Lost Customers
CUST-03289,480,1,3198.4,1,1,1,111,Lost Customers
CUST-03290,541,2,45974.7,1,1,2,112,Lost Customers
CUST-03291,702,4,280595.75,1,2,5,125,Lost Customers
CUST-03292,194,6,174853.55,2,3,4,234,At Risk
CUST-03293,37,7,76629.75,4,4,2,442,Champions
CUST-03294,170,5,71334.3,2,3,2,232,At Risk
CUST-03295,22,3,43527.5,5,1,2,512,Potential Loyalists
CUST-03296,60,5,223713.45,3,3,4,334,Loyal Customers
CUST-03297,279,4,55020.2,1,2,2,122,Lost Customers
CUST-03298,79,2,54527.25,3,1,2,312,Potential Loyalists
CUST-03299,360,3,8112.5,1,1,1,111,Lost Customers
CUST-03300,147,4,46726.75,2,2,2,222,Lost Customers
CUST-03301,91,4,52390.7,2,2,2,222,Lost Customers
CUST-03302,362,2,40345.05,1,1,1,111,Lost Customers
CUST-03303,436,1,1664.1,1,1,1,111,Lost Customers
CUST-03304,354,2,36615.15,1,1,1,111,Lost Customers
CUST-03305,516,2,32313.55,1,1,1,111,Lost Customers
CUST-03306,179,6,233236.75,2,3,4,234,At Risk
CUST-03307,56,4,66408.75,3,2,2,322,Potential Loyalists
CUST-03308,272,1,40171.05,1,1,1,111,Lost Customers
CUST-03309,96,3,25519.1,2,1,1,211,Lost Customers
CUST-03310,68,3,38596.75,3,1,1,311,Potential Loyalists
CUST-03311,90,2,42512.55,2,1,1,211,Lost Customers
CUST-03312,61,4,47492.7,3,2,2,322,Potential Loyalists
CUST-03313,91,2,7411.450000000001,2,1,1,211,Lost Customers
CUST-03314,89,1,1188.3,2,1,1,211,Lost Customers
CUST-03315,360,2,36272.9,1,1,1,111,Lost Customers
CUST-03316,164,4,80161.7,2,2,2,222,Lost Customers
CUST-03317,175,4,53222.799999999996,2,2,2,222,Lost Customers
CUST-03318,162,3,59145.3,2,1,2,212,Lost Customers
CUST-03319,8,7,215964.65,5,4,4,544,Champions
CUST-03320,13,4,44856.45,5,2,2,522,Potential Loyalists
CUST-03321,59,6,55298.6,3,3,2,332,Loyal Customers
CUST-03322,35,4,102823.20000000001,4,2,3,423,Potential Loyalists
CUST-03323,361,4,96212.75,1,2,3,123,Lost Customers
CUST-03324,445,1,30152.35,1,1,1,111,Lost Customers
CUST-03325,55,4,55748.3,3,2,2,322,Potential Loyalists
CUST-03326,421,3,23493.800000000003,1,2,1,121,Lost Customers
CUST-03327,79,2,145292.9,3,1,3,313,Potential Loyalists
CUST-03328,10,3,18692.25,5,2,1,521,Potential Loyalists
CUST-03329,87,2,4859.4,3,1,1,311,Potential Loyalists
CUST-03330,66,4,240034.74999999997,3,2,4,324,Potential Loyalists
CUST-03331,52,3,53885.0,4,2,2,422,Potential Loyalists
CUST-03332,74,5,37400.3,3,3,1,331,Loyal Customers
CUST-03333,76,5,111569.0,3,3,3,333,Loyal Customers
CUST-03334,163,6,100647.0,2,3,3,233,At Risk
CUST-03335,80,3,155469.8,3,2,3,323,Potential Loyalists
CUST-03336,246,2,33956.149999999994,1,1,1,111,Lost Customers
CUST-03338,390,4,47459.3,1,2,2,122,Lost Customers
CUST-03339,27,4,87770.05,5,2,2,522,Potential Loyalists
CUST-03340,84,1,24139.15,3,1,1,311,Potential Loyalists
CUST-03341,5,4,72648.7,5,2,2,522,Potential Loyalists
CUST-03342,94,4,64241.75,2,2,2,222,Lost Customers
CUST-03343,29,3,70313.7,5,2,2,522,Potential Loyalists
CUST-03344,123,4,69013.5,2,2,2,222,Lost Customers
CUST-03345,28,3,10703.8,5,2,1,521,Potential Loyalists
CUST-03346,6,6,78384.55,5,3,2,532,Loyal Customers
CUST-03347,5,5,67548.8,5,3,2,532,Loyal Customers
CUST-03348,120,6,86052.6,2,3,2,232,At Risk
CUST-03349,109,6,90455.6,2,3,2,232,At Risk
CUST-03350,150,7,333467.35,2,4,5,245,At Risk
CUST-03351,98,1,56027.35,2,1,2,212,Lost Customers
CUST-03352,210,5,320155.85,1,3,5,135,At Risk
CUST-03353,369,1,7906.0,1,1,1,111,Lost Customers
CUST-03354,136,1,35053.3,2,1,1,211,Lost Customers
CUST-03355,716,1,12161.8,1,1,1,111,Lost Customers
CUST-03356,411,3,64152.45,1,2,2,122,Lost Customers
CUST-03357,62,2,35133.450000000004,3,1,1,311,Potential Loyalists
CUST-03358,55,3,18377.2,3,2,1,321,Potential Loyalists
CUST-03359,66,4,30175.5,3,2,1,321,Potential Loyalists
CUST-03360,6,3,19774.35,5,2,1,521,Potential Loyalists
CUST-03361,45,3,26056.95,4,2,1,421,Potential Loyalists
CUST-03362,51,3,58236.2,4,2,2,422,Potential Loyalists
CUST-03363,252,4,94724.5,1,2,3,123,Lost Customers
CUST-03364,670,1,2599.0,1,1,1,111,Lost Customers
CUST-03365,180,3,52722.200000000004,2,2,2,222,Lost Customers
CUST-03367,325,4,352575.15,1,2,5,125,Lost Customers
CUST-03368,87,2,79091.55,3,1,2,312,Potential Loyalists
CUST-03369,24,2,100809.25,5,1,3,513,Potential Loyalists
CUST-03370,93,7,51749.8,2,4,2,242,At Risk
CUST-03371,80,5,162944.2,3,3,4,334,Loyal Customers
CUST-03372,648,1,25760.25,1,1,1,111,Lost Customers
CUST-03373,35,5,70141.9,4,3,2,432,Loyal Customers
CUST-03374,201,3,12259.900000000001,1,2,1,121,Lost Customers
CUST-03375,81,1,14616.6,3,1,1,311,Potential Loyalists
CUST-03376,87,5,70645.5,3,3,2,332,Loyal Customers
CUST-03378,72,3,21964.0,3,2,1,321,Potential Loyalists
CUST-03379,445,2,83472.95,1,1,2,112,Lost Customers
CUST-03380,40,5,155761.2,4,3,3,433,Loyal Customers
CUST-03381,381,3,71081.15,1,2,2,122,Lost Customers
CUST-03382,166,2,28744.6,2,1,1,211,Lost Customers
CUST-03383,340,2,35179.85,1,1,1,111,Lost Customers
CUST-03384,53,5,83350.05,3,3,2,332,Loyal Customers
CUST-03385,86,3,41407.25,3,2,1,321,Potential Loyalists
CUST-03386,60,7,103361.1,3,4,3,343,Loyal Customers
CUST-03387,7,3,45733.55,5,2,2,522,Potential Loyalists
CUST-03388,23,3,143758.2,5,2,3,523,Potential Loyalists
CUST-03389,80,7,276779.05,3,4,5,345,Loyal Customers
CUST-03390,32,10,353850.14999999997,4,4,5,445,Champions
CUST-03391,110,5,173729.25,2,3,4,234,At Risk
CUST-03392,84,2,159383.25,3,1,3,313,Potential Loyalists
CUST-03393,350,2,52140.95,1,1,2,112,Lost Customers
CUST-03394,260,3,62900.5,1,2,2,122,Lost Customers
CUST-03395,432,1,14721.699999999999,1,1,1,111,Lost Customers
CUST-03396,18,4,130000.6,5,2,3,523,Potential Loyalists
CUST-03397,41,4,45014.9,4,2,2,422,Potential Loyalists
CUST-03398,361,3,11591.0,1,2,1,121,Lost Customers
CUST-03399,422,4,51201.7,1,2,2,122,Lost Customers
CUST-03400,42,5,126473.15,4,3,3,433,Loyal Customers
CUST-03401,81,1,67481.45,3,1,2,312,Potential Loyalists
CUST-03402,463,1,5617.25,1,1,1,111,Lost Customers
CUST-03403,127,2,55902.35,2,1,2,212,Lost Customers
CUST-03404,96,7,344719.2,2,4,5,245,At Risk
CUST-03406,730,1,4963.1,1,1,1,111,Lost Customers
CUST-03407,90,2,37985.049999999996,2,1,1,211,Lost Customers
CUST-03408,292,1,13945.05,1,1,1,111,Lost Customers
CUST-03409,50,4,89845.4,4,2,2,422,Potential Loyalists
CUST-03410,30,4,10341.8,5,2,1,521,Potential Loyalists
CUST-03411,48,8,161920.65,4,4,4,444,Champions
CUST-03412,660,1,13174.05,1,1,1,111,Lost Customers
CUST-03413,403,4,98044.35,1,2,3,123,Lost Customers
CUST-03414,37,3,123788.35,4,2,3,423,Potential Loyalists
CUST-03415,41,5,92257.55,4,3,3,433,Loyal Customers
CUST-03416,44,6,168563.80000000002,4,3,4,434,Loyal Customers
CUST-03417,71,7,540273.95,3,4,5,345,Loyal Customers
CUST-03418,212,2,63028.8,1,1,2,112,Lost Customers
CUST-03419,184,7,30841.25,2,4,1,241,At Risk
CUST-03420,37,3,166062.95,4,2,4,424,Potential Loyalists
CUST-03421,157,4,45425.35,2,2,2,222,Lost Customers
CUST-03422,63,7,140132.45,3,4,3,343,Loyal Customers
CUST-03423,28,5,156976.1,5,3,3,533,Loyal Customers
CUST-03424,36,5,178253.75,4,3,4,434,Loyal Customers
CUST-03425,55,2,144159.15,3,1,3,313,Potential Loyalists
CUST-03427,134,2,15661.0,2,1,1,211,Lost Customers
CUST-03428,40,5,95963.20000000001,4,3,3,433,Loyal Customers
CUST-03429,288,1,40449.0,1,1,1,111,Lost Customers
CUST-03430,399,2,7506.450000000001,1,1,1,111,Lost Customers
CUST-03431,432,3,24065.25,1,2,1,121,Lost Customers
CUST-03432,126,5,79042.8,2,3,2,232,At Risk
CUST-03433,119,4,139340.4,2,2,3,223,Lost Customers
CUST-03434,671,1,6627.45,1,1,1,111,Lost Customers
CUST-03435,2,3,37561.35,5,2,1,521,Potential Loyalists
CUST-03436,189,3,51449.3,2,2,2,222,Lost Customers
CUST-03437,173,4,51434.35,2,2,2,222,Lost Customers
CUST-03438,77,2,16596.4,3,1,1,311,Potential Loyalists
CUST-03439,316,2,18918.3,1,1,1,111,Lost Customers
CUST-03440,76,5,159360.75,3,3,3,333,Loyal Customers
CUST-03441,78,4,64779.399999999994,3,2,2,322,Potential Loyalists
CUST-03442,26,3,41311.3,5,2,1,521,Potential Loyalists
CUST-03443,12,6,166810.55,5,3,4,534,Loyal Customers
CUST-03444,85,7,170973.25,3,4,4,344,Loyal Customers
CUST-03445,49,6,137836.3,4,3,3,433,Loyal Customers
CUST-03446,126,4,44848.8,2,2,2,222,Lost Customers
CUST-03448,47,4,303245.45,4,2,5,425,Potential Loyalists
CUST-03449,39,6,67126.05,4,3,2,432,Loyal Customers
CUST-03450,189,2,25219.95,2,1,1,211,Lost Customers
CUST-03451,109,2,19321.65,2,1,1,211,Lost Customers
CUST-03452,118,3,32308.65,2,2,1,221,Lost Customers
CUST-03453,260,2,14918.400000000001,1,1,1,111,Lost Customers
CUST-03454,72,4,36722.15,3,2,1,321,Potential Loyalists
CUST-03455,81,4,108383.2,3,2,3,323,Potential Loyalists
CUST-03456,154,4,34424.45,2,2,1,221,Lost Customers
CUST-03457,32,1,169.15,4,1,1,411,Potential Loyalists
CUST-03458,48,3,286404.3,4,2,5,425,Potential Loyalists
CUST-03459,55,4,46060.4,3,2,2,322,Potential Loyalists
CUST-03460,53,5,82408.9,3,3,2,332,Loyal Customers
CUST-03461,187,4,110938.05,2,2,3,223,Lost Customers
CUST-03462,142,7,175372.75,2,4,4,244,At Risk
CUST-03463,197,3,67706.7,1,2,2,122,Lost Customers
CUST-03464,215,3,75119.95000000001,1,2,2,122,Lost Customers
CUST-03465,217,2,37637.1,1,1,1,111,Lost Customers
CUST-03466,134,2,13585.2,2,1,1,211,Lost Customers
CUST-03467,114,3,19788.5,2,2,1,221,Lost Customers
CUST-03468,7,3,66498.9,5,2,2,522,Potential Loyalists
CUST-03469,56,1,7550.950000000001,3,1,1,311,Potential Loyalists
CUST-03470,58,1,33171.15,3,1,1,311,Potential Loyalists
CUST-03471,47,3,52685.45,4,2,2,422,Potential Loyalists
CUST-03472,227,3,39315.9,1,2,1,121,Lost Customers
CUST-03473,71,3,76670.5,3,2,2,322,Potential Loyalists
CUST-03474,49,3,147418.85,4,2,3,423,Potential Loyalists
CUST-03475,140,3,86530.55,2,2,2,222,Lost Customers
CUST-03476,69,4,168153.5,3,2,4,324,Potential Loyalists
CUST-03477,217,5,102441.6,1,3,3,133,At Risk
CUST-03478,389,3,14356.150000000001,1,2,1,121,Lost Customers
CUST-03479,26,5,50063.65,5,3,2,532,Loyal Customers
CUST-03480,293,2,58225.8,1,1,2,112,Lost Customers
CUST-03481,21,3,10773.45,5,2,1,521,Potential Loyalists
CUST-03482,226,3,99874.4,1,2,3,123,Lost Customers
CUST-03483,503,2,114785.75,1,1,3,113,Lost Customers
CUST-03484,183,2,31659.25,2,1,1,211,Lost Customers
CUST-03485,148,2,88987.2,2,1,2,212,Lost Customers
CUST-03486,78,2,60018.25,3,1,2,312,Potential Loyalists
CUST-03487,38,4,91911.95,4,2,2,422,Potential Loyalists
CUST-03488,36,7,276238.95,4,4,5,445,Champions
CUST-03489,66,5,372936.65,3,3,5,335,Loyal Customers
CUST-03490,91,8,142121.15,2,4,3,243,At Risk
CUST-03491,136,4,25103.35,2,2,1,221,Lost Customers
CUST-03492,1,7,146577.7,5,4,3,543,Champions
CUST-03493,232,2,61502.2,1,1,2,112,Lost Customers
CUST-03494,142,1,4651.5,2,1,1,211,Lost Customers
CUST-03495,147,3,124084.0,2,2,3,223,Lost Customers
CUST-03497,52,5,126267.8,4,3,3,433,Loyal Customers
CUST-03498,79,5,264999.89999999997,3,3,4,334,Loyal Customers
CUST-03499,96,3,51300.950000000004,2,2,2,222,Lost Customers
CUST-03500,330,3,28710.15,1,2,1,121,Lost Customers
CUST-03501,43,4,120921.1,4,2,3,423,Potential Loyalists
CUST-03502,318,1,51298.2,1,1,2,112,Lost Customers
CUST-03503,393,5,95045.15,1,3,3,133,At Risk
CUST-03504,390,1,1571.65,1,1,1,111,Lost Customers
CUST-03505,202,6,198087.6,1,3,4,134,At Risk
CUST-03506,468,2,26714.399999999998,1,1,1,111,Lost Customers
CUST-03507,355,1,129919.34999999999,1,1,3,113,Lost Customers
CUST-03508,38,4,82374.5,4,2,2,422,Potential Loyalists
CUST-03509,38,3,59126.0,4,2,2,422,Potential Loyalists
CUST-03510,35,2,53092.25,4,1,2,412,Potential Loyalists
CUST-03511,86,6,270496.25,3,3,4,334,Loyal Customers
CUST-03512,57,5,23828.0,3,3,1,331,Loyal Customers
CUST-03513,250,4,336766.2,1,2,5,125,Lost Customers
CUST-03514,9,3,33774.3,5,2,1,521,Potential Loyalists
CUST-03515,230,3,62637.0,1,2,2,122,Lost Customers
CUST-03516,17,2,181967.65,5,1,4,514,Potential Loyalists
CUST-03517,250,2,80904.6,1,1,2,112,Lost Customers
CUST-03518,437,2,84317.45,1,1,2,112,Lost Customers
CUST-03519,48,4,229979.95,4,2,4,424,Potential Loyalists
CUST-03520,81,4,73178.65,3,2,2,322,Potential Loyalists
CUST-03521,30,4,92933.25,5,2,3,523,Potential Loyalists
CUST-03522,256,2,8461.5,1,1,1,111,Lost Customers
CUST-03523,41,5,78126.0,4,3,2,432,Loyal Customers
CUST-03524,90,8,157393.9,2,4,3,243,At Risk
CUST-03525,21,4,46222.35,5,2,2,522,Potential Loyalists
CUST-03526,2,3,40552.55,5,2,1,521,Potential Loyalists
CUST-03527,61,1,14697.0,3,1,1,311,Potential Loyalists
CUST-03528,439,1,1198.4,1,1,1,111,Lost Customers
CUST-03529,15,8,136428.7,5,4,3,543,Champions
CUST-03530,58,6,155359.05,3,3,3,333,Loyal Customers
CUST-03531,73,3,58305.35,3,2,2,322,Potential Loyalists
CUST-03532,49,4,191702.65000000002,4,2,4,424,Potential Loyalists
CUST-03533,17,6,101578.35,5,3,3,533,Loyal Customers
CUST-03534,296,2,33869.8,1,1,1,111,Lost Customers
CUST-03535,333,3,261476.5,1,2,4,124,Lost Customers
CUST-03536,155,4,158102.25,2,2,3,223,Lost Customers
CUST-03537,79,3,107614.65,3,2,3,323,Potential Loyalists
CUST-03538,324,5,127321.8,1,3,3,133,At Risk
CUST-03539,504,1,25285.800000000003,1,1,1,111,Lost Customers
CUST-03540,242,3,81632.09999999999,1,2,2,122,Lost Customers
CUST-03541,102,5,154295.2,2,3,3,233,At Risk
CUST-03542,148,6,26760.35,2,3,1,231,At Risk
CUST-03543,30,5,67847.05,5,3,2,532,Loyal Customers
CUST-03544,78,10,112268.6,3,4,3,343,Loyal Customers
CUST-03545,96,4,49328.7,2,2,2,222,Lost Customers
CUST-03546,174,2,22849.95,2,1,1,211,Lost Customers
CUST-03547,52,2,27789.15,4,1,1,411,Potential Loyalists
CUST-03548,56,1,17640.25,3,1,1,311,Potential Loyalists
CUST-03549,290,3,111491.0,1,2,3,123,Lost Customers
CUST-03550,448,3,9139.6,1,2,1,121,Lost Customers
CUST-03551,37,1,22888.6,4,1,1,411,Potential Loyalists
CUST-03552,158,4,94543.75,2,2,3,223,Lost Customers
CUST-03553,171,5,229249.1,2,3,4,234,At Risk
CUST-03554,204,2,29596.199999999997,1,1,1,111,Lost Customers
CUST-03555,41,6,179733.45,4,3,4,434,Loyal Customers
CUST-03556,53,4,50894.0,3,2,2,322,Potential Loyalists
CUST-03557,268,1,24139.15,1,1,1,111,Lost Customers
CUST-03558,37,5,137860.25,4,3,3,433,Loyal Customers
CUST-03559,435,1,58780.0,1,1,2,112,Lost Customers
CUST-03560,289,2,19303.8,1,1,1,111,Lost Customers
CUST-03562,68,9,194188.2,3,4,4,344,Loyal Customers
CUST-03563,73,8,195417.05,3,4,4,344,Loyal Customers
CUST-03564,58,3,40557.9,3,2,1,321,Potential Loyalists
CUST-03565,245,3,42095.799999999996,1,2,1,121,Lost Customers
CUST-03566,126,4,98544.15,2,2,3,223,Lost Customers
CUST-03567,219,8,213401.6,1,4,4,144,At Risk
CUST-03568,414,3,64993.0,1,2,2,122,Lost Customers
CUST-03569,469,3,224342.55,1,2,4,124,Lost Customers
CUST-03570,120,3,47172.65,2,2,2,222,Lost Customers
CUST-03571,8,5,182885.2,5,3,4,534,Loyal Customers
CUST-03572,56,5,140547.6,3,3,3,333,Loyal Customers
CUST-03573,490,2,5011.2,1,1,1,111,Lost Customers
CUST-03574,69,4,108509.45,3,2,3,323,Potential Loyalists
CUST-03575,276,1,1279.2,1,1,1,111,Lost Customers
CUST-03576,92,4,58722.75,2,2,2,222,Lost Customers
CUST-03577,165,1,53303.850000000006,2,1,2,212,Lost Customers
CUST-03578,121,4,123296.04999999999,2,2,3,223,Lost Customers
CUST-03579,68,4,164414.84999999998,3,2,4,324,Potential Loyalists
CUST-03580,361,4,158659.65,1,2,3,123,Lost Customers
CUST-03581,67,3,104378.55,3,2,3,323,Potential Loyalists
CUST-03582,55,8,80569.3,3,4,2,342,Loyal Customers
CUST-03583,439,1,1753.7,1,1,1,111,Lost Customers
CUST-03584,299,1,11546.900000000001,1,1,1,111,Lost Customers
CUST-03585,114,4,101680.45,2,2,3,223,Lost Customers
CUST-03587,54,2,31792.399999999998,3,1,1,311,Potential Loyalists
CUST-03588,53,4,60112.2,3,2,2,322,Potential Loyalists
CUST-03589,345,3,69089.25,1,2,2,122,Lost Customers
CUST-03590,399,3,86809.7,1,2,2,122,Lost Customers
CUST-03591,46,2,26580.399999999998,4,1,1,411,Potential Loyalists
CUST-03592,450,2,3396.2,1,1,1,111,Lost Customers
CUST-03593,262,3,50747.9,1,2,2,122,Lost Customers
CUST-03594,45,5,184193.5,4,3,4,434,Loyal Customers
CUST-03595,70,2,30502.5,3,1,1,311,Potential Loyalists
CUST-03596,539,2,20341.95,1,1,1,111,Lost Customers
CUST-03597,32,5,56328.0,4,3,2,432,Loyal Customers
CUST-03598,33,5,90190.15,4,3,2,432,Loyal Customers
CUST-03599,398,2,32709.300000000003,1,1,1,111,Lost Customers
CUST-03600,143,7,265098.65,2,4,4,244,At Risk
CUST-03601,423,2,79005.05,1,1,2,112,Lost Customers
CUST-03602,118,2,72007.5,2,1,2,212,Lost Customers
CUST-03603,189,4,113571.5,2,2,3,223,Lost Customers
CUST-03604,116,5,202569.75,2,3,4,234,At Risk
CUST-03605,50,5,145570.45,4,3,3,433,Loyal Customers
CUST-03606,164,3,71537.0,2,2,2,222,Lost Customers
CUST-03607,33,4,117036.9,4,2,3,423,Potential Loyalists
CUST-03608,92,4,153757.85,2,2,3,223,Lost Customers
CUST-03609,123,3,53690.950000000004,2,2,2,222,Lost Customers
CUST-03610,198,4,68050.7,1,2,2,122,Lost Customers
CUST-03611,208,2,31849.9,1,1,1,111,Lost Customers
CUST-03612,76,4,99447.85,3,2,3,323,Potential Loyalists
CUST-03613,262,5,139180.94999999998,1,3,3,133,At Risk
CUST-03614,49,2,20859.300000000003,4,1,1,411,Potential Loyalists
CUST-03615,26,2,10076.35,5,1,1,511,Potential Loyalists
CUST-03616,162,4,126867.65,2,2,3,223,Lost Customers
CUST-03617,657,1,47945.0,1,1,2,112,Lost Customers
CUST-03618,374,4,230559.30000000002,1,2,4,124,Lost Customers
CUST-03619,36,6,103303.05,4,3,3,433,Loyal Customers
CUST-03620,537,1,4338.6,1,1,1,111,Lost Customers
CUST-03621,275,3,81581.45000000001,1,2,2,122,Lost Customers
CUST-03622,4,8,139908.5,5,4,3,543,Champions
CUST-03623,268,4,33196.55,1,2,1,121,Lost Customers
CUST-03624,79,9,223576.15,3,4,4,344,Loyal Customers
CUST-03625,151,4,144038.6,2,2,3,223,Lost Customers
CUST-03626,254,3,63440.95,1,2,2,122,Lost Customers
CUST-03627,378,2,52403.1,1,1,2,112,Lost Customers
CUST-03628,45,7,280824.15,4,4,5,445,Champions
CUST-03629,354,3,15720.25,1,2,1,121,Lost Customers
CUST-03630,353,2,29484.15,1,1,1,111,Lost Customers
CUST-03631,82,4,65778.0,3,2,2,322,Potential Loyalists
CUST-03632,100,2,79017.8,2,1,2,212,Lost Customers
CUST-03633,54,6,172890.9,3,3,4,334,Loyal Customers
CUST-03634,37,4,143940.25,4,2,3,423,Potential Loyalists
CUST-03635,117,5,123414.8,2,3,3,233,At Risk
CUST-03636,121,2,29546.3,2,1,1,211,Lost Customers
CUST-03637,55,2,44331.7,3,1,2,312,Potential Loyalists
CUST-03638,79,4,225188.05,3,2,4,324,Potential Loyalists
CUST-03639,17,7,381795.35,5,4,5,545,Champions
CUST-03640,512,4,162357.1,1,2,4,124,Lost Customers
CUST-03641,278,3,29585.75,1,2,1,121,Lost Customers
CUST-03642,47,4,70302.55,4,2,2,422,Potential Loyalists
CUST-03643,242,2,46704.75,1,1,2,112,Lost Customers
CUST-03644,171,4,132435.8,2,2,3,223,Lost Customers
CUST-03645,39,4,219239.4,4,2,4,424,Potential Loyalists
CUST-03646,18,6,241279.6,5,3,4,534,Loyal Customers
CUST-03647,64,6,141467.75,3,3,3,333,Loyal Customers
CUST-03648,18,5,178965.80000000002,5,3,4,534,Loyal Customers
CUST-03649,37,4,21388.149999999998,4,2,1,421,Potential Loyalists
CUST-03650,249,6,151439.0,1,3,3,133,At Risk
CUST-03651,77,7,197683.55,3,4,4,344,Loyal Customers
CUST-03652,71,1,14039.85,3,1,1,311,Potential Loyalists
CUST-03653,304,3,203086.30000000002,1,2,4,124,Lost Customers
CUST-03654,20,5,71790.8,5,3,2,532,Loyal Customers
CUST-03655,365,2,52504.8,1,1,2,112,Lost Customers
CUST-03656,179,3,26667.7,2,2,1,221,Lost Customers
CUST-03657,160,3,55272.799999999996,2,2,2,222,Lost Customers
CUST-03658,68,5,237211.15,3,3,4,334,Loyal Customers
CUST-03659,456,5,27404.449999999997,1,3,1,131,At Risk
CUST-03660,78,6,35190.95,3,3,1,331,Loyal Customers
CUST-03661,46,3,51979.8,4,2,2,422,Potential Loyalists
CUST-03662,150,6,257623.15,2,3,4,234,At Risk
CUST-03663,188,2,109352.4,2,1,3,213,Lost Customers
CUST-03664,69,2,6484.05,3,1,1,311,Potential Loyalists
CUST-03665,75,4,51175.0,3,2,2,322,Potential Loyalists
CUST-03666,228,3,59134.75,1,2,2,122,Lost Customers
CUST-03667,151,4,48938.950000000004,2,2,2,222,Lost Customers
CUST-03668,203,4,97107.45,1,2,3,123,Lost Customers
CUST-03669,53,8,231622.0,3,4,4,344,Loyal Customers
CUST-03670,120,2,18294.35,2,1,1,211,Lost Customers
CUST-03671,192,3,58938.05,2,2,2,222,Lost Customers
CUST-03672,23,4,45092.95,5,2,2,522,Potential Loyalists
CUST-03673,130,4,50136.350000000006,2,2,2,222,Lost Customers
CUST-03674,168,6,35378.25,2,3,1,231,At Risk
CUST-03675,150,5,97131.0,2,3,3,233,At Risk
CUST-03676,57,5,59432.95,3,3,2,332,Loyal Customers
CUST-03677,89,6,99181.8,2,3,3,233,At Risk
CUST-03678,226,3,80079.75,1,2,2,122,Lost Customers
CUST-03679,413,4,242968.3,1,2,4,124,Lost Customers
CUST-03680,40,3,124633.0,4,2,3,423,Potential Loyalists
CUST-03681,19,4,193289.05,5,2,4,524,Potential Loyalists
CUST-03682,29,5,182518.5,5,3,4,534,Loyal Customers
CUST-03683,68,3,37910.45,3,2,1,321,Potential Loyalists
CUST-03684,21,4,232043.84999999998,5,2,4,524,Potential Loyalists
CUST-03685,51,4,113822.4,4,2,3,423,Potential Loyalists
CUST-03686,36,6,184512.44999999998,4,3,4,434,Loyal Customers
CUST-03687,60,5,59573.25,3,3,2,332,Loyal Customers
CUST-03688,559,1,22991.65,1,1,1,111,Lost Customers
CUST-03689,79,4,49873.2,3,2,2,322,Potential Loyalists
CUST-03692,61,5,161478.95,3,3,4,334,Loyal Customers
CUST-03693,455,2,6994.650000000001,1,1,1,111,Lost Customers
CUST-03694,168,2,16508.2,2,1,1,211,Lost Customers
CUST-03695,18,3,32236.100000000002,5,2,1,521,Potential Loyalists
CUST-03696,32,5,52657.9,4,3,2,432,Loyal Customers
CUST-03697,87,5,162127.3,3,3,4,334,Loyal Customers
CUST-03698,7,5,108742.6,5,3,3,533,Loyal Customers
CUST-03699,419,2,10622.65,1,1,1,111,Lost Customers
CUST-03700,1,6,234286.80000000002,5,3,4,534,Loyal Customers
CUST-03701,85,4,74382.6,3,2,2,322,Potential Loyalists
CUST-03702,61,5,142836.05,3,3,3,333,Loyal Customers
CUST-03703,170,4,67106.1,2,2,2,222,Lost Customers
CUST-03704,19,6,173439.8,5,3,4,534,Loyal Customers
CUST-03705,105,7,123155.95,2,4,3,243,At Risk
CUST-03706,124,3,32696.25,2,2,1,221,Lost Customers
CUST-03707,254,2,87880.65,1,1,2,112,Lost Customers
CUST-03708,245,5,130270.15000000001,1,3,3,133,At Risk
CUST-03709,32,3,17857.75,4,2,1,421,Potential Loyalists
CUST-03710,495,1,1566.95,1,1,1,111,Lost Customers
CUST-03711,322,3,74600.85,1,2,2,122,Lost Customers
CUST-03712,239,4,25749.5,1,2,1,121,Lost Customers
CUST-03713,417,3,28898.45,1,2,1,121,Lost Customers
CUST-03714,272,3,82660.95000000001,1,2,2,122,Lost Customers
CUST-03715,26,5,104542.7,5,3,3,533,Loyal Customers
CUST-03716,87,1,13045.95,3,1,1,311,Potential Loyalists
CUST-03717,200,3,99920.8,1,2,3,123,Lost Customers
CUST-03718,33,5,68807.15,4,3,2,432,Loyal Customers
CUST-03719,419,2,45471.5,1,1,2,112,Lost Customers
CUST-03720,8,6,80353.90000000001,5,3,2,532,Loyal Customers
CUST-03721,121,6,122292.20000000001,2,3,3,233,At Risk
CUST-03722,91,3,36892.1,2,2,1,221,Lost Customers
CUST-03723,276,7,88829.0,1,4,2,142,At Risk
CUST-03724,320,5,31487.449999999997,1,3,1,131,At Risk
CUST-03725,69,2,108778.55,3,1,3,313,Potential Loyalists
CUST-03726,62,4,29671.149999999998,3,2,1,321,Potential Loyalists
CUST-03727,302,4,55832.0,1,2,2,122,Lost Customers
CUST-03728,412,1,13524.5,1,1,1,111,Lost Customers
CUST-03729,180,3,69053.4,2,2,2,222,Lost Customers
CUST-03730,50,1,32542.5,4,1,1,411,Potential Loyalists
CUST-03731,84,3,43090.65,3,2,1,321,Potential Loyalists
CUST-03732,75,1,1484.1,3,1,1,311,Potential Loyalists
CUST-03733,636,1,115029.3,1,1,3,113,Lost Customers
CUST-03734,43,2,106743.45,4,1,3,413,Potential Loyalists
CUST-03735,224,2,54020.100000000006,1,1,2,112,Lost Customers
CUST-03736,57,6,108290.65,3,3,3,333,Loyal Customers
CUST-03737,72,4,53594.5,3,2,2,322,Potential Loyalists
CUST-03738,249,4,17213.15,1,2,1,121,Lost Customers
CUST-03739,201,6,71728.95,1,3,2,132,At Risk
CUST-03740,47,5,127030.55,4,3,3,433,Loyal Customers
CUST-03741,117,4,37129.2,2,2,1,221,Lost Customers
CUST-03742,56,3,21831.1,3,2,1,321,Potential Loyalists
CUST-03743,522,2,32419.3,1,1,1,111,Lost Customers
CUST-03744,322,4,122280.85,1,2,3,123,Lost Customers
CUST-03745,190,4,45304.9,2,2,2,222,Lost Customers
CUST-03746,11,3,82683.05,5,2,2,522,Potential Loyalists
CUST-03747,529,1,1998.4,1,1,1,111,Lost Customers
CUST-03748,102,7,82163.9,2,4,2,242,At Risk
CUST-03749,50,5,36556.55,4,3,1,431,Loyal Customers
CUST-03750,295,7,169046.5,1,4,4,144,At Risk
CUST-03751,36,5,73655.45,4,3,2,432,Loyal Customers
CUST-03752,58,4,37005.05,3,2,1,321,Potential Loyalists
CUST-03753,88,2,40967.45,2,1,1,211,Lost Customers
CUST-03754,181,1,6861.75,2,1,1,211,Lost Customers
CUST-03755,7,1,898.0,5,1,1,511,Potential Loyalists
CUST-03756,201,3,82975.7,1,2,2,122,Lost Customers
CUST-03757,171,4,82423.90000000001,2,2,2,222,Lost Customers
CUST-03759,218,3,14635.55,1,2,1,121,Lost Customers
CUST-03760,455,2,145529.6,1,1,3,113,Lost Customers
CUST-03761,417,3,25625.550000000003,1,2,1,121,Lost Customers
CUST-03762,77,1,36700.75,3,1,1,311,Potential Loyalists
CUST-03763,332,3,39647.25,1,2,1,121,Lost Customers
CUST-03764,121,5,123431.2,2,3,3,233,At Risk
CUST-03765,8,5,215069.85,5,3,4,534,Loyal Customers
CUST-03766,1,5,169726.6,5,3,4,534,Loyal Customers
CUST-03767,46,3,96548.2,4,2,3,423,Potential Loyalists
CUST-03768,41,3,81417.1,4,2,2,422,Potential Loyalists
CUST-03769,85,7,119483.5,3,4,3,343,Loyal Customers
CUST-03770,112,3,103964.0,2,2,3,223,Lost Customers
CUST-03771,51,4,78397.6,4,2,2,422,Potential Loyalists
CUST-03772,43,3,67820.8,4,2,2,422,Potential Loyalists
CUST-03773,47,8,76207.2,4,4,2,442,Champions
CUST-03774,98,1,38426.55,2,1,1,211,Lost Customers
CUST-03775,73,2,6067.0,3,1,1,311,Potential Loyalists
CUST-03776,258,2,26051.75,1,1,1,111,Lost Customers
CUST-03777,409,4,73754.15,1,2,2,122,Lost Customers
CUST-03778,89,6,180287.35,2,3,4,234,At Risk
CUST-03779,331,1,24078.4,1,1,1,111,Lost Customers
CUST-03780,44,4,47276.15,4,2,2,422,Potential Loyalists
CUST-03781,230,4,50500.549999999996,1,2,2,122,Lost Customers
CUST-03782,70,5,216223.19999999998,3,3,4,334,Loyal Customers
CUST-03783,159,3,28628.2,2,2,1,221,Lost Customers
CUST-03784,281,1,1168.05,1,1,1,111,Lost Customers
CUST-03785,453,4,97333.55,1,2,3,123,Lost Customers
CUST-03786,215,3,12839.65,1,2,1,121,Lost Customers
CUST-03787,218,5,83818.15,1,3,2,132,At Risk
CUST-03788,435,5,63672.35,1,3,2,132,At Risk
CUST-03789,93,3,28633.5,2,2,1,221,Lost Customers
CUST-03790,262,5,123887.05,1,3,3,133,At Risk
CUST-03791,141,3,88408.5,2,2,2,222,Lost Customers
CUST-03792,188,4,87534.29999999999,2,2,2,222,Lost Customers
CUST-03793,48,5,208611.05,4,3,4,434,Loyal Customers
CUST-03794,119,5,84675.90000000001,2,3,2,232,At Risk
CUST-03795,399,4,54584.55,1,2,2,122,Lost Customers
CUST-03796,43,4,38318.05,4,2,1,421,Potential Loyalists
CUST-03797,358,3,101623.75,1,2,3,123,Lost Customers
CUST-03798,490,1,18346.2,1,1,1,111,Lost Customers
CUST-03799,449,2,20007.75,1,1,1,111,Lost Customers
CUST-03800,122,3,50267.55,2,2,2,222,Lost Customers
CUST-03801,77,7,129968.55,3,4,3,343,Loyal Customers
CUST-03802,78,3,68135.3,3,2,2,322,Potential Loyalists
CUST-03803,78,4,213397.65,3,2,4,324,Potential Loyalists
CUST-03804,28,6,210463.15000000002,5,3,4,534,Loyal Customers
CUST-03805,454,1,57456.6,1,1,2,112,Lost Customers
CUST-03806,14,6,274569.95,5,3,5,535,Loyal Customers
CUST-03807,34,2,46978.35,4,1,2,412,Potential Loyalists
CUST-03808,27,2,29117.600000000002,5,1,1,511,Potential Loyalists
CUST-03809,64,6,108851.25000000001,3,3,3,333,Loyal Customers
CUST-03810,287,2,10689.050000000001,1,1,1,111,Lost Customers
CUST-03812,2,6,75348.25,5,3,2,532,Loyal Customers
CUST-03813,379,2,4546.5,1,1,1,111,Lost Customers
CUST-03814,48,3,193486.35,4,2,4,424,Potential Loyalists
CUST-03815,36,9,210301.4,4,4,4,444,Champions
CUST-03816,106,5,89764.3,2,3,2,232,At Risk
CUST-03817,56,5,105492.25,3,3,3,333,Loyal Customers
CUST-03818,63,3,46539.45,3,2,2,322,Potential Loyalists
CUST-03819,288,5,358682.30000000005,1,3,5,135,At Risk
CUST-03820,12,8,400767.75,5,4,5,545,Champions
CUST-03821,95,2,58896.0,2,1,2,212,Lost Customers
CUST-03822,501,1,3597.75,1,1,1,111,Lost Customers
CUST-03823,728,1,551.65,1,1,1,111,Lost Customers
CUST-03824,171,5,99418.2,2,3,3,233,At Risk
CUST-03825,331,1,3654.15,1,1,1,111,Lost Customers
CUST-03826,93,4,17130.75,2,2,1,221,Lost Customers
CUST-03827,26,4,83991.7,5,2,2,522,Potential Loyalists
CUST-03828,69,5,122049.5,3,3,3,333,Loyal Customers
CUST-03829,58,8,107744.35,3,4,3,343,Loyal Customers
CUST-03830,138,2,12725.400000000001,2,1,1,211,Lost Customers
CUST-03831,30,8,345448.5,5,4,5,545,Champions
CUST-03832,550,1,33399.85,1,1,1,111,Lost Customers
CUST-03833,80,4,15693.599999999999,3,2,1,321,Potential Loyalists
CUST-03834,413,4,55709.85,1,2,2,122,Lost Customers
CUST-03835,110,2,32203.600000000002,2,1,1,211,Lost Customers
CUST-03836,131,2,45314.45,2,1,2,212,Lost Customers
CUST-03837,553,1,5414.05,1,1,1,111,Lost Customers
CUST-03838,583,2,97772.1,1,1,3,113,Lost Customers
CUST-03839,416,1,2159.4,1,1,1,111,Lost Customers
CUST-03840,229,3,17664.35,1,2,1,121,Lost Customers
CUST-03841,241,2,40655.9,1,1,1,111,Lost Customers
CUST-03842,310,2,36234.5,1,1,1,111,Lost Customers
CUST-03843,57,7,169072.40000000002,3,4,4,344,Loyal Customers
CUST-03844,64,3,89173.75,3,2,2,322,Potential Loyalists
CUST-03845,68,2,35779.25,3,1,1,311,Potential Loyalists
CUST-03846,92,2,31691.85,2,1,1,211,Lost Customers
CUST-03847,126,5,52458.95,2,3,2,232,At Risk
CUST-03848,56,3,14886.7,3,2,1,321,Potential Loyalists
CUST-03849,137,1,102144.90000000001,2,1,3,213,Lost Customers
CUST-03850,292,5,77317.1,1,3,2,132,At Risk
CUST-03851,54,5,82705.25,3,3,2,332,Loyal Customers
CUST-03852,44,3,64393.3,4,2,2,422,Potential Loyalists
CUST-03853,124,5,58092.5,2,3,2,232,At Risk
CUST-03854,54,4,162530.95,3,2,4,324,Potential Loyalists
CUST-03855,403,2,52030.5,1,1,2,112,Lost Customers
CUST-03856,286,3,99816.05,1,2,3,123,Lost Customers
CUST-03857,65,4,86535.4,3,2,2,322,Potential Loyalists
CUST-03858,19,8,276498.0,5,4,5,545,Champions
CUST-03859,4,1,3973.1,5,1,1,511,Potential Loyalists
CUST-03860,429,3,113797.8,1,2,3,123,Lost Customers
CUST-03861,545,3,82275.90000000001,1,2,2,122,Lost Customers
CUST-03862,351,3,108687.29999999999,1,2,3,123,Lost Customers
CUST-03863,32,4,39306.149999999994,4,2,1,421,Potential Loyalists
CUST-03865,34,5,202982.9,4,3,4,434,Loyal Customers
CUST-03866,40,7,249619.0,4,4,4,444,Champions
CUST-03867,177,3,153264.65,2,2,3,223,Lost Customers
CUST-03868,21,5,28212.100000000002,5,3,1,531,Loyal Customers
CUST-03869,14,6,135896.85,5,3,3,533,Loyal Customers
CUST-03870,421,4,68475.95,1,2,2,122,Lost Customers
CUST-03871,128,3,238777.4,2,2,4,224,Lost Customers
CUST-03872,42,3,88131.65,4,2,2,422,Potential Loyalists
CUST-03873,376,2,3590.6000000000004,1,1,1,111,Lost Customers
CUST-03874,74,8,123989.5,3,4,3,343,Loyal Customers
CUST-03875,143,4,54154.15,2,2,2,222,Lost Customers
CUST-03876,155,5,64130.2,2,3,2,232,At Risk
CUST-03877,86,6,162275.15,3,3,4,334,Loyal Customers
CUST-03878,150,1,4098.0,2,1,1,211,Lost Customers
CUST-03879,576,1,22582.399999999998,1,1,1,111,Lost Customers
CUST-03880,711,1,7319.2,1,1,1,111,Lost Customers
CUST-03881,525,2,55180.3,1,1,2,112,Lost Customers
CUST-03882,5,3,45359.95,5,2,2,522,Potential Loyalists
CUST-03883,22,4,6186.0,5,2,1,521,Potential Loyalists
CUST-03884,151,3,33292.0,2,2,1,221,Lost Customers
CUST-03885,72,4,44515.6,3,2,2,322,Potential Loyalists
CUST-03886,357,2,27127.55,1,1,1,111,Lost Customers
CUST-03887,167,3,30080.85,2,2,1,221,Lost Customers
CUST-03888,55,6,197049.35,3,3,4,334,Loyal Customers
CUST-03889,41,4,126357.15000000001,4,2,3,423,Potential Loyalists
CUST-03890,49,3,19856.05,4,2,1,421,Potential Loyalists
CUST-03891,95,1,19038.35,2,1,1,211,Lost Customers
CUST-03892,176,5,117158.0,2,3,3,233,At Risk
CUST-03893,113,4,85789.95000000001,2,2,2,222,Lost Customers
CUST-03894,342,4,63559.2,1,2,2,122,Lost Customers
CUST-03895,165,2,20205.25,2,1,1,211,Lost Customers
CUST-03896,69,4,122699.40000000001,3,2,3,323,Potential Loyalists
CUST-03897,1,4,9621.35,5,2,1,521,Potential Loyalists
CUST-03899,166,3,62403.3,2,2,2,222,Lost Customers
CUST-03900,45,4,131995.30000000002,4,2,3,423,Potential Loyalists
CUST-03901,147,4,30375.25,2,2,1,221,Lost Customers
CUST-03902,63,3,56993.899999999994,3,2,2,322,Potential Loyalists
CUST-03903,89,4,213031.8,2,2,4,224,Lost Customers
CUST-03904,55,5,295603.15,3,3,5,335,Loyal Customers
CUST-03905,46,6,199954.44999999998,4,3,4,434,Loyal Customers
CUST-03906,53,2,52766.25,3,1,2,312,Potential Loyalists
CUST-03907,416,1,32056.9,1,1,1,111,Lost Customers
CUST-03908,114,5,140784.85,2,3,3,233,At Risk
CUST-03909,165,2,20637.5,2,1,1,211,Lost Customers
CUST-03910,206,5,93661.0,1,3,3,133,At Risk
CUST-03911,37,3,73313.15,4,2,2,422,Potential Loyalists
CUST-03912,48,4,78077.85,4,2,2,422,Potential Loyalists
CUST-03913,299,4,74244.75,1,2,2,122,Lost Customers
CUST-03914,346,4,44329.5,1,2,2,122,Lost Customers
CUST-03915,43,5,117586.0,4,3,3,433,Loyal Customers
CUST-03916,125,1,64509.9,2,1,2,212,Lost Customers
CUST-03917,690,1,5535.3,1,1,1,111,Lost Customers
CUST-03918,165,2,6499.65,2,1,1,211,Lost Customers
CUST-03919,42,3,105536.95,4,2,3,423,Potential Loyalists
CUST-03920,23,5,128721.75,5,3,3,533,Loyal Customers
CUST-03921,20,3,86776.1,5,2,2,522,Potential Loyalists
CUST-03922,165,3,262648.05,2,2,4,224,Lost Customers
CUST-03923,342,3,139941.34999999998,1,2,3,123,Lost Customers
CUST-03924,76,3,162199.2,3,2,4,324,Potential Loyalists
CUST-03925,722,2,62600.2,1,1,2,112,Lost Customers
CUST-03926,199,2,67224.15,1,1,2,112,Lost Customers
CUST-03927,61,4,106083.45,3,2,3,323,Potential Loyalists
CUST-03928,71,3,57590.8,3,2,2,322,Potential Loyalists
CUST-03929,151,3,74796.6,2,2,2,222,Lost Customers
CUST-03930,217,2,7908.6,1,1,1,111,Lost Customers
CUST-03931,59,6,51572.65,3,3,2,332,Loyal Customers
CUST-03932,400,5,144364.7,1,3,3,133,At Risk
CUST-03933,370,5,42678.8,1,3,1,131,At Risk
CUST-03934,432,1,67517.95,1,1,2,112,Lost Customers
CUST-03935,43,4,61721.2,4,2,2,422,Potential Loyalists
CUST-03936,98,5,52056.75,2,3,2,232,At Risk
CUST-03937,123,4,53818.0,2,2,2,222,Lost Customers
CUST-03938,262,2,89125.25,1,1,2,112,Lost Customers
CUST-03939,287,4,92144.15,1,2,2,122,Lost Customers
CUST-03940,488,3,40888.200000000004,1,2,1,121,Lost Customers
CUST-03942,335,1,11770.4,1,1,1,111,Lost Customers
CUST-03943,171,3,20614.45,2,2,1,221,Lost Customers
CUST-03944,13,3,273878.5,5,2,5,525,Potential Loyalists
CUST-03945,160,4,65404.8,2,2,2,222,Lost Customers
CUST-03946,128,5,55197.75,2,3,2,232,At Risk
CUST-03947,556,2,19708.7,1,1,1,111,Lost Customers
CUST-03948,73,5,79935.15,3,3,2,332,Loyal Customers
CUST-03949,396,2,60465.75,1,1,2,112,Lost Customers
CUST-03950,80,5,82740.9,3,3,2,332,Loyal Customers
CUST-03951,514,4,82433.59999999999,1,2,2,122,Lost Customers
CUST-03952,429,4,102555.05,1,2,3,123,Lost Customers
CUST-03953,59,4,124812.4,3,2,3,323,Potential Loyalists
CUST-03954,155,1,15658.2,2,1,1,211,Lost Customers
CUST-03955,58,6,159545.5,3,3,3,333,Loyal Customers
CUST-03956,130,4,92875.8,2,2,3,223,Lost Customers
CUST-03957,17,7,113872.15000000001,5,4,3,543,Champions
CUST-03958,335,2,9344.55,1,1,1,111,Lost Customers
CUST-03959,77,3,22380.75,3,2,1,321,Potential Loyalists
CUST-03960,657,1,9798.0,1,1,1,111,Lost Customers
CUST-03961,313,1,22991.65,1,1,1,111,Lost Customers
CUST-03962,561,2,75772.55,1,1,2,112,Lost Customers
CUST-03963,118,3,54197.850000000006,2,2,2,222,Lost Customers
CUST-03964,207,7,75353.55,1,4,2,142,At Risk
CUST-03965,65,4,192937.15,3,2,4,324,Potential Loyalists
CUST-03966,409,4,38540.95,1,2,1,121,Lost Customers
CUST-03967,482,2,42302.35,1,1,1,111,Lost Customers
CUST-03968,308,3,81632.9,1,2,2,122,Lost Customers
CUST-03969,532,1,79237.35,1,1,2,112,Lost Customers
CUST-03970,329,2,13524.85,1,1,1,111,Lost Customers
CUST-03971,64,5,98727.25,3,3,3,333,Loyal Customers
CUST-03972,268,3,198016.5,1,2,4,124,Lost Customers
CUST-03973,529,1,1574.3,1,1,1,111,Lost Customers
CUST-03974,42,7,65981.1,4,4,2,442,Champions
CUST-03975,381,2,43972.6,1,1,2,112,Lost Customers
CUST-03976,381,2,43297.75,1,1,2,112,Lost Customers
CUST-03977,54,3,113595.0,3,2,3,323,Potential Loyalists
CUST-03978,296,2,16274.15,1,1,1,111,Lost Customers
CUST-03979,143,7,184039.50000000003,2,4,4,244,At Risk
CUST-03980,278,3,161860.5,1,2,4,124,Lost Customers
CUST-03981,527,2,82015.75,1,1,2,112,Lost Customers
CUST-03982,397,4,36699.1,1,2,1,121,Lost Customers
CUST-03983,171,4,112271.55,2,2,3,223,Lost Customers
CUST-03984,320,3,77305.05,1,2,2,122,Lost Customers
CUST-03985,208,3,70062.65,1,2,2,122,Lost Customers
CUST-03986,173,3,45098.899999999994,2,2,2,222,Lost Customers
CUST-03987,40,7,197522.7,4,4,4,444,Champions
CUST-03988,141,5,168293.45,2,3,4,234,At Risk
CUST-03989,65,4,137603.6,3,2,3,323,Potential Loyalists
CUST-03990,185,3,43807.899999999994,2,2,2,222,Lost Customers
CUST-03991,480,1,16379.1,1,1,1,111,Lost Customers
CUST-03992,307,2,48499.8,1,1,2,112,Lost Customers
CUST-03993,57,4,92111.95,3,2,2,322,Potential Loyalists
CUST-03994,208,1,3867.1,1,1,1,111,Lost Customers
CUST-03995,84,2,31346.65,3,1,1,311,Potential Loyalists
CUST-03996,269,2,22732.6,1,1,1,111,Lost Customers
CUST-03997,121,4,41881.75,2,2,1,221,Lost Customers
CUST-03998,47,2,21574.2,4,1,1,411,Potential Loyalists
CUST-03999,233,1,3228.1000000000004,1,1,1,111,Lost Customers
CUST-04000,292,2,32817.6,1,1,1,111,Lost Customers
CUST-04001,249,5,88027.9,1,3,2,132,At Risk
CUST-04002,176,6,270757.5,2,3,4,234,At Risk
CUST-04003,543,2,43342.3,1,1,2,112,Lost Customers
CUST-04004,389,4,102071.7,1,2,3,123,Lost Customers
CUST-04005,34,6,149843.15,4,3,3,433,Loyal Customers
CUST-04006,34,6,157436.85,4,3,3,433,Loyal Customers
CUST-04007,29,2,61318.25,5,1,2,512,Potential Loyalists
CUST-04008,82,8,139652.85,3,4,3,343,Loyal Customers
CUST-04009,64,2,43320.55,3,1,2,312,Potential Loyalists
CUST-04010,76,6,125740.05,3,3,3,333,Loyal Customers
CUST-04011,89,3,3020.0,2,2,1,221,Lost Customers
CUST-04012,513,3,14691.550000000001,1,2,1,121,Lost Customers
CUST-04013,74,3,51780.5,3,2,2,322,Potential Loyalists
CUST-04014,8,4,169533.84999999998,5,2,4,524,Potential Loyalists
CUST-04015,40,4,119655.2,4,2,3,423,Potential Loyalists
CUST-04016,597,2,92103.85,1,1,2,112,Lost Customers
CUST-04017,87,6,330839.4,3,3,5,335,Loyal Customers
CUST-04018,93,4,44509.1,2,2,2,222,Lost Customers
CUST-04019,265,3,70083.25,1,2,2,122,Lost Customers
CUST-04020,38,4,36908.149999999994,4,2,1,421,Potential Loyalists
CUST-04021,593,1,5149.05,1,1,1,111,Lost Customers
CUST-04022,702,2,10517.1,1,1,1,111,Lost Customers
CUST-04024,457,1,19747.5,1,1,1,111,Lost Customers
CUST-04025,650,1,1199.25,1,1,1,111,Lost Customers
CUST-04026,457,2,37467.4,1,1,1,111,Lost Customers
CUST-04027,507,4,38435.799999999996,1,2,1,121,Lost Customers
CUST-04028,114,4,137097.4,2,2,3,223,Lost Customers
CUST-04029,73,2,30866.0,3,1,1,311,Potential Loyalists
CUST-04031,34,5,31726.55,4,3,1,431,Loyal Customers
CUST-04032,54,7,165712.75,3,4,4,344,Loyal Customers
CUST-04033,185,6,93500.5,2,3,3,233,At Risk
CUST-04034,38,2,30425.2,4,1,1,411,Potential Loyalists
CUST-04035,36,1,26989.85,4,1,1,411,Potential Loyalists
CUST-04036,180,3,248625.85,2,2,4,224,Lost Customers
CUST-04037,339,3,9219.599999999999,1,2,1,121,Lost Customers
CUST-04038,45,2,86646.4,4,1,2,412,Potential Loyalists
CUST-04039,76,3,18144.55,3,2,1,321,Potential Loyalists
CUST-04040,5,4,111386.9,5,2,3,523,Potential Loyalists
CUST-04041,264,1,1078.2,1,1,1,111,Lost Customers
CUST-04042,230,3,46013.8,1,2,2,122,Lost Customers
CUST-04043,41,5,123193.0,4,3,3,433,Loyal Customers
CUST-04044,315,3,62330.95,1,2,2,122,Lost Customers
CUST-04045,89,4,148717.8,2,2,3,223,Lost Customers
CUST-04046,61,5,103294.25,3,3,3,333,Loyal Customers
CUST-04047,418,4,51829.95,1,2,2,122,Lost Customers
CUST-04048,18,4,43746.6,5,2,2,522,Potential Loyalists
CUST-04049,44,3,88718.04999999999,4,2,2,422,Potential Loyalists
CUST-04050,110,3,77716.90000000001,2,2,2,222,Lost Customers
CUST-04051,232,7,104431.45,1,4,3,143,At Risk
CUST-04052,465,2,10943.85,1,1,1,111,Lost Customers
CUST-04053,33,5,101135.5,4,3,3,433,Loyal Customers
CUST-04054,3,6,257238.15000000002,5,3,4,534,Loyal Customers
CUST-04055,233,5,69208.85,1,3,2,132,At Risk
CUST-04056,90,5,175949.4,2,3,4,234,At Risk
CUST-04057,165,3,32711.25,2,2,1,221,Lost Customers
CUST-04058,401,2,118683.59999999999,1,1,3,113,Lost Customers
CUST-04059,95,3,70998.9,2,2,2,222,Lost Customers
CUST-04060,83,3,33131.299999999996,3,2,1,321,Potential Loyalists
CUST-04061,157,4,106268.79999999999,2,2,3,223,Lost Customers
CUST-04062,316,4,44547.65,1,2,2,122,Lost Customers
CUST-04063,185,1,6167.25,2,1,1,211,Lost Customers
CUST-04064,106,3,59226.25,2,2,2,222,Lost Customers
CUST-04065,120,3,82785.35,2,2,2,222,Lost Customers
CUST-04066,399,2,66882.0,1,1,2,112,Lost Customers
CUST-04067,188,2,37621.65,2,1,1,211,Lost Customers
CUST-04068,145,4,27637.45,2,2,1,221,Lost Customers
CUST-04069,38,6,130203.45,4,3,3,433,Loyal Customers
CUST-04070,437,2,31714.75,1,1,1,111,Lost Customers
CUST-04071,93,5,69220.65,2,3,2,232,At Risk
CUST-04072,223,2,36717.299999999996,1,1,1,111,Lost Customers
CUST-04073,44,2,86479.5,4,1,2,412,Potential Loyalists
CUST-04074,28,7,80533.7,5,4,2,542,Champions
CUST-04075,59,5,65509.95,3,3,2,332,Loyal Customers
CUST-04076,305,4,39378.1,1,2,1,121,Lost Customers
CUST-04077,222,2,36113.35,1,1,1,111,Lost Customers
CUST-04078,179,6,193175.8,2,3,4,234,At Risk
CUST-04079,157,8,121182.75,2,4,3,243,At Risk
CUST-04080,7,4,56086.0,5,2,2,522,Potential Loyalists
CUST-04081,684,1,119455.8,1,1,3,113,Lost Customers
CUST-04082,53,5,258453.45,3,3,4,334,Loyal Customers
CUST-04083,154,1,1279.2,2,1,1,211,Lost Customers
CUST-04084,21,3,62291.549999999996,5,2,2,522,Potential Loyalists
CUST-04085,272,1,17819.55,1,1,1,111,Lost Customers
CUST-04086,85,3,115846.40000000001,3,2,3,323,Potential Loyalists
CUST-04087,77,5,90954.35,3,3,2,332,Loyal Customers
CUST-04088,76,4,192267.55000000002,3,2,4,324,Potential Loyalists
CUST-04089,83,7,131339.05,3,4,3,343,Loyal Customers
CUST-04090,47,4,163147.4,4,2,4,424,Potential Loyalists
CUST-04091,291,2,67796.6,1,1,2,112,Lost Customers
CUST-04092,85,6,113243.65,3,3,3,333,Loyal Customers
CUST-04093,407,2,23098.85,1,1,1,111,Lost Customers
CUST-04094,304,6,97670.05,1,3,3,133,At Risk
CUST-04095,16,3,90813.2,5,2,2,522,Potential Loyalists
CUST-04096,163,7,179126.19999999998,2,4,4,244,At Risk
CUST-04097,8,2,35935.950000000004,5,1,1,511,Potential Loyalists
CUST-04098,147,3,139072.2,2,2,3,223,Lost Customers
CUST-04099,444,2,16268.3,1,1,1,111,Lost Customers
CUST-04100,32,5,69305.2,4,3,2,432,Loyal Customers
CUST-04101,102,2,25905.4,2,1,1,211,Lost Customers
CUST-04102,29,6,102904.55,5,3,3,533,Loyal Customers
CUST-04103,4,2,86873.95,5,1,2,512,Potential Loyalists
CUST-04104,151,2,2731.6,2,1,1,211,Lost Customers
CUST-04105,57,5,195018.55,3,3,4,334,Loyal Customers
CUST-04106,66,2,52095.0,3,1,2,312,Potential Loyalists
CUST-04107,143,5,58207.299999999996,2,3,2,232,At Risk
CUST-04108,238,2,27534.4,1,1,1,111,Lost Customers
CUST-04109,328,2,75237.8,1,1,2,112,Lost Customers
CUST-04110,250,1,23251.899999999998,1,1,1,111,Lost Customers
CUST-04111,115,3,31566.75,2,2,1,221,Lost Customers
CUST-04112,665,1,19429.05,1,1,1,111,Lost Customers
CUST-04113,77,7,143716.6,3,4,3,343,Loyal Customers
CUST-04114,455,5,104419.15,1,3,3,133,At Risk
CUST-04115,15,5,172700.25,5,3,4,534,Loyal Customers
CUST-04116,64,6,158463.0,3,3,3,333,Loyal Customers
CUST-04117,52,3,81863.55,4,2,2,422,Potential Loyalists
CUST-04119,28,4,44810.15,5,2,2,522,Potential Loyalists
CUST-04120,256,4,10959.65,1,2,1,121,Lost Customers
CUST-04121,363,3,95820.7,1,2,3,123,Lost Customers
CUST-04122,273,5,122388.0,1,3,3,133,At Risk
CUST-04123,12,4,71016.7,5,2,2,522,Potential Loyalists
CUST-04124,44,8,413097.75,4,4,5,445,Champions
CUST-04125,155,3,21429.55,2,2,1,221,Lost Customers
CUST-04126,177,3,54859.649999999994,2,2,2,222,Lost Customers
CUST-04128,230,5,89085.85,1,3,2,132,At Risk
CUST-04129,164,5,108068.05,2,3,3,233,At Risk
CUST-04130,545,2,5016.900000000001,1,1,1,111,Lost Customers
CUST-04131,185,4,52391.15,2,2,2,222,Lost Customers
CUST-04132,24,2,90937.1,5,1,2,512,Potential Loyalists
CUST-04133,7,5,109174.7,5,3,3,533,Loyal Customers
CUST-04134,468,2,20138.1,1,1,1,111,Lost Customers
CUST-04135,26,3,124815.05,5,2,3,523,Potential Loyalists
CUST-04136,33,5,192042.0,4,3,4,434,Loyal Customers
CUST-04137,100,2,148419.7,2,1,3,213,Lost Customers
CUST-04138,174,4,33767.15,2,2,1,221,Lost Customers
CUST-04139,58,3,7770.2,3,2,1,321,Potential Loyalists
CUST-04140,175,5,85740.0,2,3,2,232,At Risk
CUST-04141,84,6,171926.5,3,3,4,334,Loyal Customers
CUST-04142,62,2,57686.15,3,1,2,312,Potential Loyalists
CUST-04143,62,5,28516.5,3,3,1,331,Loyal Customers
CUST-04144,113,1,11839.650000000001,2,1,1,211,Lost Customers
CUST-04145,708,1,22136.4,1,1,1,111,Lost Customers
CUST-04146,405,3,38076.1,1,2,1,121,Lost Customers
CUST-04147,122,1,7222.65,2,1,1,211,Lost Customers
CUST-04148,407,1,4290.7,1,1,1,111,Lost Customers
CUST-04149,222,3,103995.95,1,2,3,123,Lost Customers
CUST-04150,14,5,72787.4,5,3,2,532,Loyal Customers
CUST-04151,140,8,161225.25,2,4,3,243,At Risk
CUST-04152,25,6,226240.80000000002,5,3,4,534,Loyal Customers
CUST-04153,206,2,26552.2,1,1,1,111,Lost Customers
CUST-04154,1,5,80525.8,5,3,2,532,Loyal Customers
CUST-04155,258,2,41284.850000000006,1,1,1,111,Lost Customers
CUST-04156,216,2,14440.45,1,1,1,111,Lost Customers
CUST-04157,32,4,57769.55,4,2,2,422,Potential Loyalists
CUST-04158,92,4,114512.7,2,2,3,223,Lost Customers
CUST-04159,74,6,228755.15,3,3,4,334,Loyal Customers
CUST-04160,21,6,254621.7,5,3,4,534,Loyal Customers
CUST-04161,183,5,139977.2,2,3,3,233,At Risk
CUST-04162,66,3,31537.4,3,2,1,321,Potential Loyalists
CUST-04163,41,5,206484.35,4,3,4,434,Loyal Customers
CUST-04164,98,1,5905.349999999999,2,1,1,211,Lost Customers
CUST-04165,46,5,72429.4,4,3,2,432,Loyal Customers
CUST-04166,71,5,164762.85,3,3,4,334,Loyal Customers
CUST-04167,86,3,15887.5,3,2,1,321,Potential Loyalists
CUST-04168,248,1,2209.15,1,1,1,111,Lost Customers
CUST-04169,51,1,12144.3,4,1,1,411,Potential Loyalists
CUST-04170,59,2,8511.85,3,1,1,311,Potential Loyalists
CUST-04171,112,4,90602.0,2,2,2,222,Lost Customers
CUST-04172,217,5,67552.35,1,3,2,132,At Risk
CUST-04173,343,3,22440.899999999998,1,2,1,121,Lost Customers
CUST-04174,325,1,108628.2,1,1,3,113,Lost Customers
CUST-04175,563,1,4679.35,1,1,1,111,Lost Customers
CUST-04176,184,4,140932.55,2,2,3,223,Lost Customers
CUST-04177,150,3,37990.55,2,2,1,221,Lost Customers
CUST-04178,506,1,1685.25,1,1,1,111,Lost Customers
CUST-04179,113,5,65933.2,2,3,2,232,At Risk
CUST-04180,25,6,93277.6,5,3,3,533,Loyal Customers
CUST-04181,78,6,120352.95,3,3,3,333,Loyal Customers
CUST-04182,689,1,6273.25,1,1,1,111,Lost Customers
CUST-04183,238,5,122419.09999999999,1,3,3,133,At Risk
CUST-04184,158,5,57739.7,2,3,2,232,At Risk
CUST-04185,456,1,95169.5,1,1,3,113,Lost Customers
CUST-04186,33,2,54219.95,4,1,2,412,Potential Loyalists
CUST-04187,35,3,35194.6,4,2,1,421,Potential Loyalists
CUST-04188,44,5,142575.2,4,3,3,433,Loyal Customers
CUST-04189,431,2,16889.850000000002,1,1,1,111,Lost Customers
CUST-04190,578,2,16422.3,1,1,1,111,Lost Customers
CUST-04191,64,4,30331.65,3,2,1,321,Potential Loyalists
CUST-04192,141,2,125776.65,2,1,3,213,Lost Customers
CUST-04193,576,2,53035.55,1,1,2,112,Lost Customers
CUST-04194,344,2,28727.800000000003,1,1,1,111,Lost Customers
CUST-04195,150,3,189369.35,2,2,4,224,Lost Customers
CUST-04196,31,5,90295.2,4,3,2,432,Loyal Customers
CUST-04197,23,7,60334.95,5,4,2,542,Champions
CUST-04198,125,3,8062.75,2,2,1,221,Lost Customers
CUST-04199,58,5,41769.85,3,3,1,331,Loyal Customers
CUST-04200,88,5,143367.30000000002,2,3,3,233,At Risk
CUST-04201,39,7,150760.80000000002,4,4,3,443,Champions
CUST-04202,85,2,38376.7,3,1,1,311,Potential Loyalists
CUST-04203,110,1,40449.0,2,1,1,211,Lost Customers
CUST-04204,20,4,116987.04999999999,5,2,3,523,Potential Loyalists
CUST-04205,56,7,317427.05,3,4,5,345,Loyal Customers
CUST-04206,140,2,71965.7,2,1,2,212,Lost Customers
CUST-04207,93,3,66654.25,2,2,2,222,Lost Customers
CUST-04208,55,3,62321.600000000006,3,2,2,322,Potential Loyalists
CUST-04209,50,6,49522.2,4,3,2,432,Loyal Customers
CUST-04210,75,2,58207.85,3,1,2,312,Potential Loyalists
CUST-04211,191,2,55994.2,2,1,2,212,Lost Customers
CUST-04212,415,3,78955.05,1,2,2,122,Lost Customers
CUST-04213,48,8,72152.4,4,4,2,442,Champions
CUST-04214,107,4,186634.15,2,2,4,224,Lost Customers
CUST-04215,84,3,11540.6,3,2,1,321,Potential Loyalists
CUST-04216,72,3,40912.15,3,2,1,321,Potential Loyalists
CUST-04217,84,4,14200.300000000001,3,2,1,321,Potential Loyalists
CUST-04218,217,2,45924.7,1,1,2,112,Lost Customers
CUST-04219,48,3,42245.7,4,2,1,421,Potential Loyalists
CUST-04220,481,1,20369.5,1,1,1,111,Lost Customers
CUST-04221,58,5,40584.4,3,3,1,331,Loyal Customers
CUST-04222,400,3,47931.6,1,2,2,122,Lost Customers
CUST-04223,212,4,171672.05,1,2,4,124,Lost Customers
CUST-04224,21,7,82816.45,5,4,2,542,Champions
CUST-04225,300,3,89432.8,1,2,2,122,Lost Customers
CUST-04226,36,2,12265.550000000001,4,1,1,411,Potential Loyalists
CUST-04227,88,4,90688.5,2,2,2,222,Lost Customers
CUST-04228,154,2,8903.85,2,1,1,211,Lost Customers
CUST-04229,72,6,159160.55000000002,3,3,3,333,Loyal Customers
CUST-04231,368,2,110513.35,1,1,3,113,Lost Customers
CUST-04232,227,3,96140.5,1,2,3,123,Lost Customers
CUST-04233,108,2,145197.55,2,1,3,213,Lost Customers
CUST-04234,53,3,101496.65,3,2,3,323,Potential Loyalists
CUST-04235,713,1,11923.95,1,1,1,111,Lost Customers
CUST-04236,21,3,99849.6,5,2,3,523,Potential Loyalists
CUST-04237,380,3,123406.84999999999,1,2,3,123,Lost Customers
CUST-04238,126,2,141570.8,2,1,3,213,Lost Customers
CUST-04239,65,2,126669.3,3,1,3,313,Potential Loyalists
CUST-04240,118,7,284290.1,2,4,5,245,At Risk
CUST-04241,109,3,43488.4,2,2,2,222,Lost Customers
CUST-04242,37,4,73766.8,4,2,2,422,Potential Loyalists
CUST-04243,374,2,61477.149999999994,1,1,2,112,Lost Customers
CUST-04244,8,4,34199.25,5,2,1,521,Potential Loyalists
CUST-04245,154,2,22176.5,2,1,1,211,Lost Customers
CUST-04246,48,6,195897.85,4,3,4,434,Loyal Customers
CUST-04247,74,2,13279.5,3,1,1,311,Potential Loyalists
CUST-04248,318,2,130196.0,1,1,3,113,Lost Customers
CUST-04249,86,5,90553.3,3,3,2,332,Loyal Customers
CUST-04250,186,1,51567.399999999994,2,1,2,212,Lost Customers
CUST-04251,40,3,4751.0,4,2,1,421,Potential Loyalists
CUST-04252,275,5,42506.649999999994,1,3,1,131,At Risk
CUST-04253,28,1,6499.0,5,1,1,511,Potential Loyalists
CUST-04254,154,4,102073.65000000001,2,2,3,223,Lost Customers
CUST-04255,88,5,76688.4,2,3,2,232,At Risk
CUST-04256,140,3,43192.95,2,2,2,222,Lost Customers
CUST-04257,78,4,13634.55,3,2,1,321,Potential Loyalists
CUST-04258,8,5,140044.9,5,3,3,533,Loyal Customers
CUST-04259,294,5,99131.5,1,3,3,133,At Risk
CUST-04260,154,1,3355.8,2,1,1,211,Lost Customers
CUST-04261,428,3,127888.54999999999,1,2,3,123,Lost Customers
CUST-04262,193,3,6196.75,2,2,1,221,Lost Customers
CUST-04263,69,3,16977.65,3,2,1,321,Potential Loyalists
CUST-04264,100,4,118860.4,2,2,3,223,Lost Customers
CUST-04265,77,4,63939.399999999994,3,2,2,322,Potential Loyalists
CUST-04266,3,5,96267.45,5,3,3,533,Loyal Customers
CUST-04267,52,5,165217.3,4,3,4,434,Loyal Customers
CUST-04268,280,2,109200.09999999999,1,1,3,113,Lost Customers
CUST-04269,52,5,236628.85,4,3,4,434,Loyal Customers
CUST-04270,72,2,23837.600000000002,3,1,1,311,Potential Loyalists
CUST-04271,607,2,20173.45,1,1,1,111,Lost Customers
CUST-04272,48,6,152480.75,4,3,3,433,Loyal Customers
CUST-04273,109,2,9806.4,2,1,1,211,Lost Customers
CUST-04275,71,8,81703.8,3,4,2,342,Loyal Customers
CUST-04276,399,2,3626.3999999999996,1,1,1,111,Lost Customers
CUST-04277,141,7,116151.45,2,4,3,243,At Risk
CUST-04278,287,1,31722.5,1,1,1,111,Lost Customers
CUST-04279,669,1,48545.75,1,1,2,112,Lost Customers
CUST-04280,32,2,14223.599999999999,4,1,1,411,Potential Loyalists
CUST-04281,496,2,42590.0,1,1,1,111,Lost Customers
CUST-04282,6,6,216682.30000000002,5,3,4,534,Loyal Customers
CUST-04283,61,5,109874.65,3,3,3,333,Loyal Customers
CUST-04284,205,4,38893.85,1,2,1,121,Lost Customers
CUST-04285,33,3,60946.2,4,2,2,422,Potential Loyalists
CUST-04286,26,2,41336.55,5,1,1,511,Potential Loyalists
CUST-04287,112,3,63892.95,2,2,2,222,Lost Customers
CUST-04288,350,4,119166.0,1,2,3,123,Lost Customers
CUST-04289,68,6,81370.15,3,3,2,332,Loyal Customers
CUST-04290,78,4,67045.4,3,2,2,322,Potential Loyalists
CUST-04291,257,1,5500.85,1,1,1,111,Lost Customers
CUST-04292,76,4,24750.05,3,2,1,321,Potential Loyalists
CUST-04293,132,9,159864.15,2,4,3,243,At Risk
CUST-04294,439,2,2460.35,1,1,1,111,Lost Customers
CUST-04295,87,4,147867.15,3,2,3,323,Potential Loyalists
CUST-04296,41,5,93755.15,4,3,3,433,Loyal Customers
CUST-04297,17,5,128923.95000000001,5,3,3,533,Loyal Customers
CUST-04298,282,3,7871.1,1,2,1,121,Lost Customers
CUST-04299,153,3,148079.05,2,2,3,223,Lost Customers
CUST-04300,44,6,156078.35,4,3,3,433,Loyal Customers
CUST-04301,7,5,118581.09999999999,5,3,3,533,Loyal Customers
CUST-04302,53,4,96589.05,3,2,3,323,Potential Loyalists
CUST-04303,472,4,23429.3,1,2,1,121,Lost Customers
CUST-04304,216,2,11603.6,1,1,1,111,Lost Customers
CUST-04305,291,2,34377.35,1,1,1,111,Lost Customers
CUST-04306,446,2,107554.4,1,1,3,113,Lost Customers
CUST-04307,77,3,37373.35,3,2,1,321,Potential Loyalists
CUST-04308,211,1,69717.6,1,1,2,112,Lost Customers
CUST-04309,30,4,50357.9,5,2,2,522,Potential Loyalists
CUST-04310,80,5,87624.5,3,3,2,332,Loyal Customers
CUST-04311,287,5,162672.75,1,3,4,134,At Risk
CUST-04312,420,4,102621.85,1,2,3,123,Lost Customers
CUST-04313,104,1,10317.6,2,1,1,211,Lost Customers
CUST-04314,381,6,138228.15,1,3,3,133,At Risk
CUST-04315,30,5,70518.5,5,3,2,532,Loyal Customers
CUST-04316,33,2,38310.5,4,1,1,411,Potential Loyalists
CUST-04317,97,3,21686.15,2,2,1,221,Lost Customers
CUST-04318,385,1,41882.55,1,1,1,111,Lost Customers
CUST-04319,138,4,186753.5,2,2,4,224,Lost Customers
CUST-04320,41,6,46284.2,4,3,2,432,Loyal Customers
CUST-04321,474,3,57509.25,1,2,2,122,Lost Customers
CUST-04322,62,3,37200.95,3,2,1,321,Potential Loyalists
CUST-04323,83,1,47314.45,3,1,2,312,Potential Loyalists
CUST-04324,395,2,10359.75,1,1,1,111,Lost Customers
CUST-04325,36,3,74320.45,4,2,2,422,Potential Loyalists
CUST-04326,97,4,264864.25,2,2,4,224,Lost Customers
CUST-04327,31,6,185765.8,4,3,4,434,Loyal Customers
CUST-04328,69,2,127855.4,3,1,3,313,Potential Loyalists
CUST-04329,25,5,117706.55,5,3,3,533,Loyal Customers
CUST-04330,152,2,34146.2,2,1,1,211,Lost Customers
CUST-04331,433,2,40916.95,1,1,1,111,Lost Customers
CUST-04332,127,4,219708.5,2,2,4,224,Lost Customers
CUST-04333,5,5,335424.35,5,3,5,535,Loyal Customers
CUST-04334,167,3,7294.299999999999,2,2,1,221,Lost Customers
CUST-04335,23,5,139601.65,5,3,3,533,Loyal Customers
CUST-04336,6,4,110459.2,5,2,3,523,Potential Loyalists
CUST-04337,203,4,56845.850000000006,1,2,2,122,Lost Customers
CUST-04338,305,4,76786.65000000001,1,2,2,122,Lost Customers
CUST-04339,431,1,3728.15,1,1,1,111,Lost Customers
CUST-04340,111,2,36249.1,2,1,1,211,Lost Customers
CUST-04341,79,3,101599.75,3,2,3,323,Potential Loyalists
CUST-04343,138,4,41058.75,2,2,1,221,Lost Customers
CUST-04344,170,1,5214.15,2,1,1,211,Lost Customers
CUST-04345,45,3,56221.8,4,2,2,422,Potential Loyalists
CUST-04346,434,3,22164.4,1,2,1,121,Lost Customers
CUST-04347,35,5,125061.4,4,3,3,433,Loyal Customers
CUST-04348,30,8,177349.25,5,4,4,544,Champions
CUST-04349,729,1,24394.15,1,1,1,111,Lost Customers
CUST-04350,88,4,132225.3,2,2,3,223,Lost Customers
CUST-04351,278,2,68088.05,1,1,2,112,Lost Customers
CUST-04352,181,4,159439.15,2,2,3,223,Lost Customers
CUST-04353,141,2,11885.500000000002,2,1,1,211,Lost Customers
CUST-04354,92,5,154557.25,2,3,3,233,At Risk
CUST-04355,30,2,99335.55,5,1,3,513,Potential Loyalists
CUST-04356,426,2,8399.2,1,1,1,111,Lost Customers
CUST-04357,44,5,198547.2,4,3,4,434,Loyal Customers
CUST-04358,52,4,44857.05,4,2,2,422,Potential Loyalists
CUST-04359,518,2,18491.1,1,1,1,111,Lost Customers
CUST-04360,37,4,139172.95,4,2,3,423,Potential Loyalists
CUST-04361,354,3,13405.349999999999,1,2,1,121,Lost Customers
CUST-04362,23,2,79296.0,5,1,2,512,Potential Loyalists
CUST-04363,151,3,36792.7,2,2,1,221,Lost Customers
CUST-04364,71,5,32539.45,3,3,1,331,Loyal Customers
CUST-04365,60,6,28146.65,3,3,1,331,Loyal Customers
CUST-04366,25,1,7862.549999999999,5,1,1,511,Potential Loyalists
CUST-04367,187,3,65667.5,2,2,2,222,Lost Customers
CUST-04368,57,3,197168.0,3,2,4,324,Potential Loyalists
CUST-04369,342,2,12246.3,1,1,1,111,Lost Customers
CUST-04370,381,2,163397.1,1,1,4,114,Lost Customers
CUST-04371,152,1,2937.5499999999997,2,1,1,211,Lost Customers
CUST-04372,302,2,29129.6,1,1,1,111,Lost Customers
CUST-04373,232,4,84374.6,1,2,2,122,Lost Customers
CUST-04374,80,4,71952.65,3,2,2,322,Potential Loyalists
CUST-04375,150,4,186420.6,2,2,4,224,Lost Customers
CUST-04376,177,4,39498.299999999996,2,2,1,221,Lost Customers
CUST-04377,20,5,64261.35,5,3,2,532,Loyal Customers
CUST-04378,54,6,270397.35000000003,3,3,4,334,Loyal Customers
CUST-04379,166,2,60032.100000000006,2,1,2,212,Lost Customers
CUST-04380,358,2,1497.85,1,1,1,111,Lost Customers
CUST-04381,230,2,36089.25,1,1,1,111,Lost Customers
CUST-04382,128,2,205546.8,2,1,4,214,Lost Customers
CUST-04383,46,4,59463.45,4,2,2,422,Potential Loyalists
CUST-04384,301,5,110234.35,1,3,3,133,At Risk
CUST-04385,244,2,23502.7,1,1,1,111,Lost Customers
CUST-04386,106,4,58463.8,2,2,2,222,Lost Customers
CUST-04387,12,6,148332.8,5,3,3,533,Loyal Customers
CUST-04388,183,2,228077.80000000002,2,1,4,214,Lost Customers
CUST-04389,202,2,75863.4,1,1,2,112,Lost Customers
CUST-04390,30,1,13544.1,5,1,1,511,Potential Loyalists
CUST-04391,524,2,25377.2,1,1,1,111,Lost Customers
CUST-04392,204,5,162474.55000000002,1,3,4,134,At Risk
CUST-04393,108,4,131758.05,2,2,3,223,Lost Customers
CUST-04394,163,2,53924.35,2,1,2,212,Lost Customers
CUST-04395,35,6,43155.4,4,3,2,432,Loyal Customers
CUST-04396,8,4,63432.65,5,2,2,522,Potential Loyalists
CUST-04397,246,4,50116.1,1,2,2,122,Lost Customers
CUST-04399,171,2,23155.35,2,1,1,211,Lost Customers
CUST-04400,294,3,23076.05,1,2,1,121,Lost Customers
CUST-04401,157,3,40397.9,2,2,1,221,Lost Customers
CUST-04402,163,2,94666.40000000001,2,1,3,213,Lost Customers
CUST-04403,184,2,15063.1,2,1,1,211,Lost Customers
CUST-04404,322,5,80810.45,1,3,2,132,At Risk
CUST-04405,213,2,65350.2,1,1,2,112,Lost Customers
CUST-04406,503,2,9484.45,1,1,1,111,Lost Customers
CUST-04407,220,1,3912.7000000000003,1,1,1,111,Lost Customers
CUST-04408,2,4,57126.4,5,2,2,522,Potential Loyalists
CUST-04409,24,4,89134.75,5,2,2,522,Potential Loyalists
CUST-04410,5,7,161090.2,5,4,3,543,Champions
CUST-04411,110,4,56476.5,2,2,2,222,Lost Customers
CUST-04412,248,2,66595.0,1,1,2,112,Lost Customers
CUST-04413,54,3,131480.8,3,2,3,323,Potential Loyalists
CUST-04414,32,1,71605.09999999999,4,1,2,412,Potential Loyalists
CUST-04415,198,4,97338.5,1,2,3,123,Lost Customers
CUST-04416,81,5,45675.2,3,3,2,332,Loyal Customers
CUST-04417,517,1,2519.3,1,1,1,111,Lost Customers
CUST-04418,50,1,109337.04999999999,4,1,3,413,Potential Loyalists
CUST-04419,604,1,104464.15,1,1,3,113,Lost Customers
CUST-04420,21,3,11174.050000000001,5,2,1,521,Potential Loyalists
CUST-04421,475,2,13823.300000000001,1,1,1,111,Lost Customers
CUST-04422,372,1,15614.1,1,1,1,111,Lost Customers
CUST-04423,61,5,36357.9,3,3,1,331,Loyal Customers
CUST-04424,88,5,175236.35,2,3,4,234,At Risk
CUST-04427,423,1,796.0,1,1,1,111,Lost Customers
CUST-04428,14,3,129426.25,5,2,3,523,Potential Loyalists
CUST-04429,6,3,215778.1,5,2,4,524,Potential Loyalists
CUST-04430,380,6,108230.1,1,3,3,133,At Risk
CUST-04431,127,2,82688.9,2,1,2,212,Lost Customers
CUST-04432,32,3,102463.5,4,2,3,423,Potential Loyalists
CUST-04434,162,2,71833.8,2,1,2,212,Lost Customers
CUST-04435,49,5,87072.85,4,3,2,432,Loyal Customers
CUST-04436,76,4,22662.399999999998,3,2,1,321,Potential Loyalists
CUST-04437,240,3,110475.1,1,2,3,123,Lost Customers
CUST-04438,244,4,67363.6,1,2,2,122,Lost Customers
CUST-04439,167,3,23221.8,2,2,1,221,Lost Customers
CUST-04441,46,2,27020.149999999998,4,1,1,411,Potential Loyalists
CUST-04442,94,1,34348.45,2,1,1,211,Lost Customers
CUST-04443,90,1,1278.4,2,1,1,211,Lost Customers
CUST-04444,156,4,34856.75,2,2,1,221,Lost Customers
CUST-04445,89,6,62383.549999999996,2,3,2,232,At Risk
CUST-04446,43,5,168024.55,4,3,4,434,Loyal Customers
CUST-04447,13,4,167797.9,5,2,4,524,Potential Loyalists
CUST-04448,208,1,98500.5,1,1,3,113,Lost Customers
CUST-04449,281,4,127179.45,1,2,3,123,Lost Customers
CUST-04450,86,1,6198.35,3,1,1,311,Potential Loyalists
CUST-04451,92,3,24735.75,2,2,1,221,Lost Customers
CUST-04452,352,3,44074.65,1,2,2,122,Lost Customers
CUST-04453,269,2,75297.75,1,1,2,112,Lost Customers
CUST-04454,6,10,481247.95,5,4,5,545,Champions
CUST-04455,158,2,25672.2,2,1,1,211,Lost Customers
CUST-04456,272,5,113023.7,1,3,3,133,At Risk
CUST-04457,62,4,103075.05,3,2,3,323,Potential Loyalists
CUST-04458,204,1,10388.55,1,1,1,111,Lost Customers
CUST-04459,63,3,86120.1,3,2,2,322,Potential Loyalists
CUST-04460,35,4,265012.5,4,2,4,424,Potential Loyalists
CUST-04461,57,6,233103.40000000002,3,3,4,334,Loyal Customers
CUST-04462,76,5,100176.65000000001,3,3,3,333,Loyal Customers
CUST-04463,261,7,354404.15,1,4,5,145,At Risk
CUST-04464,15,3,98382.9,5,2,3,523,Potential Loyalists
CUST-04465,55,3,101332.6,3,2,3,323,Potential Loyalists
CUST-04466,141,2,37361.7,2,1,1,211,Lost Customers
CUST-04467,457,3,57374.55,1,2,2,122,Lost Customers
CUST-04468,150,3,80722.25,2,2,2,222,Lost Customers
CUST-04469,286,3,17210.600000000002,1,2,1,121,Lost Customers
CUST-04470,76,5,98110.95,3,3,3,333,Loyal Customers
CUST-04471,73,6,133078.3,3,3,3,333,Loyal Customers
CUST-04472,36,3,118466.3,4,2,3,423,Potential Loyalists
CUST-04473,255,2,34112.1,1,1,1,111,Lost Customers
CUST-04474,22,5,91983.7,5,3,2,532,Loyal Customers
CUST-04475,377,2,68041.4,1,1,2,112,Lost Customers
CUST-04476,64,2,23337.800000000003,3,1,1,311,Potential Loyalists
CUST-04477,102,4,47581.7,2,2,2,222,Lost Customers
CUST-04478,396,2,22554.15,1,1,1,111,Lost Customers
CUST-04479,137,3,58893.100000000006,2,2,2,222,Lost Customers
CUST-04480,80,6,213471.05,3,3,4,334,Loyal Customers
CUST-04481,414,1,11449.0,1,1,1,111,Lost Customers
CUST-04482,454,2,87057.15,1,1,2,112,Lost Customers
CUST-04483,648,3,78795.05,1,2,2,122,Lost Customers
CUST-04484,210,4,41348.3,1,2,1,121,Lost Customers
CUST-04485,5,7,210256.55,5,4,4,544,Champions
CUST-04486,106,5,186961.90000000002,2,3,4,234,At Risk
CUST-04487,28,5,158147.25,5,3,3,533,Loyal Customers
CUST-04488,13,2,81437.6,5,1,2,512,Potential Loyalists
CUST-04489,173,2,15063.1,2,1,1,211,Lost Customers
CUST-04490,5,6,91639.4,5,3,2,532,Loyal Customers
CUST-04491,51,6,124523.7,4,3,3,433,Loyal Customers
CUST-04492,360,4,154076.95,1,2,3,123,Lost Customers
CUST-04493,622,1,34677.6,1,1,1,111,Lost Customers
CUST-04494,34,4,46548.1,4,2,2,422,Potential Loyalists
CUST-04495,30,6,178955.05,5,3,4,534,Loyal Customers
CUST-04496,76,5,107963.2,3,3,3,333,Loyal Customers
CUST-04497,63,3,64873.350000000006,3,2,2,322,Potential Loyalists
CUST-04498,44,6,92820.45,4,3,3,433,Loyal Customers
CUST-04499,59,2,10619.9,3,1,1,311,Potential Loyalists
CUST-04500,178,2,37623.75,2,1,1,211,Lost Customers
CUST-04501,360,2,17435.05,1,1,1,111,Lost Customers
CUST-04502,150,5,72549.55,2,3,2,232,At Risk
CUST-04503,98,3,62003.100000000006,2,2,2,222,Lost Customers
CUST-04504,71,3,90233.45,3,2,2,322,Potential Loyalists
CUST-04505,17,3,7745.5,5,2,1,521,Potential Loyalists
CUST-04506,414,2,153009.9,1,1,3,113,Lost Customers
CUST-04507,313,1,29243.149999999998,1,1,1,111,Lost Customers
CUST-04508,13,3,211904.75,5,2,4,524,Potential Loyalists
CUST-04509,121,2,51900.600000000006,2,1,2,212,Lost Customers
CUST-04510,87,4,66148.25,3,2,2,322,Potential Loyalists
CUST-04511,350,5,267934.3,1,3,4,134,At Risk
CUST-04512,126,4,204839.95,2,2,4,224,Lost Customers
CUST-04513,109,4,290583.0,2,2,5,225,Lost Customers
CUST-04514,412,1,2231.55,1,1,1,111,Lost Customers
CUST-04515,50,5,141978.55,4,3,3,433,Loyal Customers
CUST-04516,197,5,219221.95,1,3,4,134,At Risk
CUST-04517,280,4,55340.350000000006,1,2,2,122,Lost Customers
CUST-04518,136,3,111137.45,2,2,3,223,Lost Customers
CUST-04519,38,2,28342.0,4,1,1,411,Potential Loyalists
CUST-04520,61,6,112908.7,3,3,3,333,Loyal Customers
CUST-04521,61,6,108204.75,3,3,3,333,Loyal Customers
CUST-04522,601,1,10794.15,1,1,1,111,Lost Customers
CUST-04523,208,4,72982.7,1,2,2,122,Lost Customers
CUST-04524,50,6,121939.4,4,3,3,433,Loyal Customers
CUST-04525,51,2,94175.40000000001,4,1,3,413,Potential Loyalists
CUST-04526,99,4,84774.7,2,2,2,222,Lost Customers
CUST-04527,65,4,63828.950000000004,3,2,2,322,Potential Loyalists
CUST-04528,362,2,73771.1,1,1,2,112,Lost Customers
CUST-04529,198,5,31449.5,1,3,1,131,At Risk
CUST-04530,424,2,32901.95,1,1,1,111,Lost Customers
CUST-04531,23,1,179.1,5,1,1,511,Potential Loyalists
CUST-04532,37,4,119778.25,4,2,3,423,Potential Loyalists
CUST-04533,138,4,233171.1,2,2,4,224,Lost Customers
CUST-04534,189,3,62411.65,2,2,2,222,Lost Customers
CUST-04535,132,2,18705.5,2,1,1,211,Lost Customers
CUST-04536,311,3,34140.65,1,2,1,121,Lost Customers
CUST-04537,22,2,115360.65,5,1,3,513,Potential Loyalists
CUST-04538,240,2,4211.8,1,1,1,111,Lost Customers
CUST-04539,8,4,123215.3,5,2,3,523,Potential Loyalists
CUST-04540,498,2,176227.65,1,1,4,114,Lost Customers
CUST-04541,73,4,11766.1,3,2,1,321,Potential Loyalists
CUST-04542,515,1,37247.4,1,1,1,111,Lost Customers
CUST-04543,81,2,46305.45,3,1,2,312,Potential Loyalists
CUST-04544,134,8,222396.65,2,4,4,244,At Risk
CUST-04545,15,7,180100.1,5,4,4,544,Champions
CUST-04546,12,5,205359.3,5,3,4,534,Loyal Customers
CUST-04547,138,4,23091.6,2,2,1,221,Lost Customers
CUST-04548,54,8,168458.2,3,4,4,344,Loyal Customers
CUST-04549,57,5,72535.3,3,3,2,332,Loyal Customers
CUST-04550,63,5,80567.90000000001,3,3,2,332,Loyal Customers
CUST-04551,512,1,1783.3000000000002,1,1,1,111,Lost Customers
CUST-04552,29,5,53327.05,5,3,2,532,Loyal Customers
CUST-04553,321,1,4843.6,1,1,1,111,Lost Customers
CUST-04554,142,6,141575.7,2,3,3,233,At Risk
CUST-04555,40,6,179296.8,4,3,4,434,Loyal Customers
CUST-04556,531,1,54528.1,1,1,2,112,Lost Customers
CUST-04558,70,4,170204.8,3,2,4,324,Potential Loyalists
CUST-04560,48,2,3912.7,4,1,1,411,Potential Loyalists
CUST-04561,328,1,42709.35,1,1,1,111,Lost Customers
CUST-04562,50,4,166294.65,4,2,4,424,Potential Loyalists
CUST-04563,76,5,257302.1,3,3,4,334,Loyal Customers
CUST-04564,51,4,97431.55,4,2,3,423,Potential Loyalists
CUST-04565,129,5,64413.8,2,3,2,232,At Risk
CUST-04566,51,7,244343.15000000002,4,4,4,444,Champions
CUST-04567,255,6,183586.7,1,3,4,134,At Risk
CUST-04568,140,4,121368.3,2,2,3,223,Lost Customers
CUST-04569,168,3,86227.0,2,2,2,222,Lost Customers
CUST-04570,52,8,212142.25,4,4,4,444,Champions
CUST-04571,78,4,163418.35,3,2,4,324,Potential Loyalists
CUST-04572,269,3,120390.5,1,2,3,123,Lost Customers
CUST-04573,479,3,77239.65000000001,1,2,2,122,Lost Customers
CUST-04574,140,4,136962.7,2,2,3,223,Lost Customers
CUST-04575,182,3,106326.6,2,2,3,223,Lost Customers
CUST-04576,308,2,15138.55,1,1,1,111,Lost Customers
CUST-04577,300,4,29147.550000000003,1,2,1,121,Lost Customers
CUST-04578,55,5,113423.3,3,3,3,333,Loyal Customers
CUST-04579,216,3,24670.45,1,2,1,121,Lost Customers
CUST-04580,54,3,14781.05,3,2,1,321,Potential Loyalists
CUST-04581,79,5,159839.45,3,3,3,333,Loyal Customers
CUST-04582,7,6,54705.45,5,3,2,532,Loyal Customers
CUST-04583,593,1,753.1,1,1,1,111,Lost Customers
CUST-04584,194,4,50248.7,2,2,2,222,Lost Customers
CUST-04585,78,3,20370.45,3,2,1,321,Potential Loyalists
CUST-04586,540,3,202082.1,1,2,4,124,Lost Customers
CUST-04587,507,3,28701.85,1,2,1,121,Lost Customers
CUST-04588,155,4,58673.9,2,2,2,222,Lost Customers
CUST-04589,22,6,215327.8,5,3,4,534,Loyal Customers
CUST-04590,113,7,91282.55,2,4,2,242,At Risk
CUST-04591,62,7,104783.45,3,4,3,343,Loyal Customers
CUST-04592,19,4,89158.95,5,2,2,522,Potential Loyalists
CUST-04593,67,6,78366.2,3,3,2,332,Loyal Customers
CUST-04594,85,3,28110.399999999998,3,2,1,321,Potential Loyalists
CUST-04596,42,2,91646.55,4,1,2,412,Potential Loyalists
CUST-04598,125,3,80655.1,2,2,2,222,Lost Customers
CUST-04599,22,5,44597.5,5,3,2,532,Loyal Customers
CUST-04600,137,3,62041.8,2,2,2,222,Lost Customers
CUST-04601,43,4,251306.2,4,2,4,424,Potential Loyalists
CUST-04602,109,2,62472.8,2,1,2,212,Lost Customers
CUST-04603,107,5,125062.7,2,3,3,233,At Risk
CUST-04604,261,4,59988.5,1,2,2,122,Lost Customers
CUST-04605,67,4,73892.2,3,2,2,322,Potential Loyalists
CUST-04606,73,7,127053.3,3,4,3,343,Loyal Customers
CUST-04607,424,2,47092.45,1,1,2,112,Lost Customers
CUST-04608,312,3,98043.6,1,2,3,123,Lost Customers
CUST-04609,158,5,153049.15,2,3,3,233,At Risk
CUST-04610,229,6,339751.1,1,3,5,135,At Risk
CUST-04611,37,1,17188.2,4,1,1,411,Potential Loyalists
CUST-04612,42,5,83787.35,4,3,2,432,Loyal Customers
CUST-04613,12,2,13860.349999999999,5,1,1,511,Potential Loyalists
CUST-04614,62,1,3844.65,3,1,1,311,Potential Loyalists
CUST-04615,35,5,35728.9,4,3,1,431,Loyal Customers
CUST-04616,78,3,122196.15,3,2,3,323,Potential Loyalists
CUST-04617,10,3,67732.35,5,2,2,522,Potential Loyalists
CUST-04618,164,5,256543.05000000002,2,3,4,234,At Risk
CUST-04619,277,3,48154.85,1,2,2,122,Lost Customers
CUST-04620,213,4,111036.54999999999,1,2,3,123,Lost Customers
CUST-04621,185,5,140320.1,2,3,3,233,At Risk
CUST-04622,154,3,93306.95,2,2,3,223,Lost Customers
CUST-04623,47,3,9999.25,4,2,1,421,Potential Loyalists
CUST-04624,137,1,46545.0,2,1,2,212,Lost Customers
CUST-04625,359,1,2799.2,1,1,1,111,Lost Customers
CUST-04626,177,2,27807.050000000003,2,1,1,211,Lost Customers
CUST-04627,533,1,87037.35,1,1,2,112,Lost Customers
CUST-04628,346,2,179258.0,1,1,4,114,Lost Customers
CUST-04629,27,3,21237.45,5,2,1,521,Potential Loyalists
CUST-04630,284,3,164036.3,1,2,4,124,Lost Customers
CUST-04631,438,1,2944.05,1,1,1,111,Lost Customers
CUST-04632,407,2,38995.3,1,1,1,111,Lost Customers
CUST-04633,505,1,159.2,1,1,1,111,Lost Customers
CUST-04634,90,3,82768.4,2,2,2,222,Lost Customers
CUST-04635,356,1,5198.0,1,1,1,111,Lost Customers
CUST-04636,167,4,91150.25,2,2,2,222,Lost Customers
CUST-04637,76,2,3536.7999999999997,3,1,1,311,Potential Loyalists
CUST-04638,85,5,296666.0,3,3,5,335,Loyal Customers
CUST-04639,174,2,4429.3,2,1,1,211,Lost Customers
CUST-04641,135,6,110528.7,2,3,3,233,At Risk
CUST-04642,353,3,84826.25,1,2,2,122,Lost Customers
CUST-04643,209,3,32562.55,1,2,1,121,Lost Customers
CUST-04644,6,7,176988.35,5,4,4,544,Champions
CUST-04645,58,2,87940.70000000001,3,1,2,312,Potential Loyalists
CUST-04646,88,3,60821.3,2,2,2,222,Lost Customers
CUST-04647,3,2,47696.75,5,1,2,512,Potential Loyalists
CUST-04648,40,3,95732.25,4,2,3,423,Potential Loyalists
CUST-04649,56,3,65730.65,3,2,2,322,Potential Loyalists
CUST-04650,9,4,127222.3,5,2,3,523,Potential Loyalists
CUST-04651,71,2,32245.95,3,1,1,311,Potential Loyalists
CUST-04652,121,2,97123.35,2,1,3,213,Lost Customers
CUST-04653,99,5,123189.9,2,3,3,233,At Risk
CUST-04654,83,3,20523.5,3,2,1,321,Potential Loyalists
CUST-04655,66,10,175448.65,3,4,4,344,Loyal Customers
CUST-04656,445,3,20695.05,1,2,1,121,Lost Customers
CUST-04657,349,2,88635.4,1,1,2,112,Lost Customers
CUST-04658,53,7,140167.95,3,4,3,343,Loyal Customers
CUST-04659,51,3,76770.35,4,2,2,422,Potential Loyalists
CUST-04660,230,5,196444.8,1,3,4,134,At Risk
CUST-04661,423,2,44497.8,1,1,2,112,Lost Customers
CUST-04662,13,4,117332.95,5,2,3,523,Potential Loyalists
CUST-04663,95,5,57472.6,2,3,2,232,At Risk
CUST-04664,136,3,22248.65,2,2,1,221,Lost Customers
CUST-04665,101,2,25767.55,2,1,1,211,Lost Customers
CUST-04666,38,4,26564.95,4,2,1,421,Potential Loyalists
CUST-04667,134,2,74062.20000000001,2,1,2,212,Lost Customers
CUST-04668,71,9,152652.4,3,4,3,343,Loyal Customers
CUST-04669,53,3,39079.65,3,2,1,321,Potential Loyalists
CUST-04670,126,5,107762.65,2,3,3,233,At Risk
CUST-04671,113,4,104462.1,2,2,3,223,Lost Customers
CUST-04672,256,3,7815.95,1,2,1,121,Lost Customers
CUST-04673,408,4,152623.85,1,2,3,123,Lost Customers
CUST-04674,699,1,806.55,1,1,1,111,Lost Customers
CUST-04675,35,3,97109.5,4,2,3,423,Potential Loyalists
CUST-04676,52,3,83325.55,4,2,2,422,Potential Loyalists
CUST-04677,556,1,561.75,1,1,1,111,Lost Customers
CUST-04678,77,3,130694.5,3,2,3,323,Potential Loyalists
CUST-04679,71,3,23188.25,3,2,1,321,Potential Loyalists
CUST-04680,58,5,72952.90000000001,3,3,2,332,Loyal Customers
CUST-04681,69,5,167644.0,3,3,4,334,Loyal Customers
CUST-04682,384,2,8162.849999999999,1,1,1,111,Lost Customers
CUST-04683,2,4,180743.85,5,2,4,524,Potential Loyalists
CUST-04684,378,4,30154.5,1,2,1,121,Lost Customers
CUST-04685,34,4,107964.55,4,2,3,423,Potential Loyalists
CUST-04686,74,6,132412.55,3,3,3,333,Loyal Customers
CUST-04687,423,3,46569.799999999996,1,2,2,122,Lost Customers
CUST-04688,419,1,169960.5,1,1,4,114,Lost Customers
CUST-04689,32,3,251092.80000000002,4,2,4,424,Potential Loyalists
CUST-04690,2,3,30154.149999999998,5,2,1,521,Potential Loyalists
CUST-04691,146,3,135930.2,2,2,3,223,Lost Customers
CUST-04692,164,3,145072.9,2,2,3,223,Lost Customers
CUST-04693,13,6,82330.05,5,3,2,532,Loyal Customers
CUST-04694,397,2,33741.65,1,1,1,111,Lost Customers
CUST-04695,84,6,174049.4,3,3,4,334,Loyal Customers
CUST-04696,14,4,137493.8,5,2,3,523,Potential Loyalists
CUST-04697,75,8,154528.35,3,4,3,343,Loyal Customers
CUST-04698,334,3,30556.35,1,2,1,121,Lost Customers
CUST-04699,185,1,10382.1,2,1,1,211,Lost Customers
CUST-04700,55,5,159019.0,3,3,3,333,Loyal Customers
CUST-04701,444,3,19459.65,1,2,1,121,Lost Customers
CUST-04702,89,4,31633.9,2,2,1,221,Lost Customers
CUST-04703,49,4,96412.05,4,2,3,423,Potential Loyalists
CUST-04704,93,7,118872.34999999999,2,4,3,243,At Risk
CUST-04705,131,4,164697.45,2,2,4,224,Lost Customers
CUST-04706,45,3,72524.65,4,2,2,422,Potential Loyalists
CUST-04707,114,5,66144.9,2,3,2,232,At Risk
CUST-04708,90,5,224261.75,2,3,4,234,At Risk
CUST-04709,599,1,17699.0,1,1,1,111,Lost Customers
CUST-04710,142,3,71108.7,2,2,2,222,Lost Customers
CUST-04711,348,4,123571.04999999999,1,2,3,123,Lost Customers
CUST-04712,165,5,67855.2,2,3,2,232,At Risk
CUST-04713,162,4,49062.049999999996,2,2,2,222,Lost Customers
CUST-04714,605,1,22480.65,1,1,1,111,Lost Customers
CUST-04715,63,3,206855.45,3,2,4,324,Potential Loyalists
CUST-04716,10,4,69023.05,5,2,2,522,Potential Loyalists
CUST-04717,47,3,31672.4,4,2,1,421,Potential Loyalists
CUST-04718,72,10,198396.4,3,4,4,344,Loyal Customers
CUST-04719,219,3,18000.65,1,2,1,121,Lost Customers
CUST-04720,407,2,12722.95,1,1,1,111,Lost Customers
CUST-04721,32,3,91527.45,4,2,2,422,Potential Loyalists
CUST-04722,166,3,17602.35,2,2,1,221,Lost Customers
CUST-04723,9,7,101368.95,5,4,3,543,Champions
CUST-04724,142,6,164659.75,2,3,4,234,At Risk
CUST-04725,209,4,82111.5,1,2,2,122,Lost Customers
CUST-04726,464,1,45956.7,1,1,2,112,Lost Customers
CUST-04727,99,6,180172.2,2,3,4,234,At Risk
CUST-04728,181,3,11634.8,2,2,1,221,Lost Customers
CUST-04729,508,1,4073.75,1,1,1,111,Lost Customers
CUST-04730,404,1,1618.2,1,1,1,111,Lost Customers
CUST-04731,273,1,2048.0,1,1,1,111,Lost Customers
CUST-04732,246,3,66864.59999999999,1,2,2,122,Lost Customers
CUST-04733,228,3,118302.54999999999,1,2,3,123,Lost Customers
CUST-04734,56,3,43153.700000000004,3,2,2,322,Potential Loyalists
CUST-04735,53,4,28459.55,3,2,1,321,Potential Loyalists
CUST-04736,79,2,25797.600000000002,3,1,1,311,Potential Loyalists
CUST-04737,5,3,147553.9,5,2,3,523,Potential Loyalists
CUST-04738,57,4,286660.55000000005,3,2,5,325,Potential Loyalists
CUST-04739,211,3,114654.15000000001,1,2,3,123,Lost Customers
CUST-04740,424,3,47393.4,1,2,2,122,Lost Customers
CUST-04741,485,1,4477.2,1,1,1,111,Lost Customers
CUST-04742,238,4,49260.5,1,2,2,122,Lost Customers
CUST-04743,49,5,93404.75,4,3,3,433,Loyal Customers
CUST-04744,554,1,10966.25,1,1,1,111,Lost Customers
CUST-04745,36,6,124474.3,4,3,3,433,Loyal Customers
CUST-04746,129,2,39745.5,2,1,1,211,Lost Customers
CUST-04747,281,1,62649.149999999994,1,1,2,112,Lost Customers
CUST-04748,70,5,128205.8,3,3,3,333,Loyal Customers
CUST-04749,353,1,698.0,1,1,1,111,Lost Customers
CUST-04750,654,1,4932.9,1,1,1,111,Lost Customers
CUST-04751,8,5,197846.55,5,3,4,534,Loyal Customers
CUST-04752,44,8,246544.9,4,4,4,444,Champions
CUST-04753,667,1,6070.5,1,1,1,111,Lost Customers
CUST-04754,121,4,54979.2,2,2,2,222,Lost Customers
CUST-04755,22,8,398988.85,5,4,5,545,Champions
CUST-04756,52,1,32836.7,4,1,1,411,Potential Loyalists
CUST-04757,345,2,6489.5,1,1,1,111,Lost Customers
CUST-04758,66,3,28472.3,3,2,1,321,Potential Loyalists
CUST-04759,39,3,102407.90000000001,4,2,3,423,Potential Loyalists
CUST-04760,449,1,999.2,1,1,1,111,Lost Customers
CUST-04761,172,4,45705.3,2,2,2,222,Lost Customers
CUST-04762,147,5,92876.5,2,3,3,233,At Risk
CUST-04763,230,4,39794.4,1,2,1,121,Lost Customers
CUST-04764,34,3,54724.05,4,2,2,422,Potential Loyalists
CUST-04765,48,3,57876.9,4,2,2,422,Potential Loyalists
CUST-04766,50,4,20660.25,4,2,1,421,Potential Loyalists
CUST-04767,86,3,26196.75,3,2,1,321,Potential Loyalists
CUST-04768,201,6,185525.9,1,3,4,134,At Risk
CUST-04769,405,3,150825.95,1,2,3,123,Lost Customers
CUST-04770,295,4,96190.2,1,2,3,123,Lost Customers
CUST-04771,444,1,69541.15,1,1,2,112,Lost Customers
CUST-04772,92,5,50890.3,2,3,2,232,At Risk
CUST-04773,398,1,58797.0,1,1,2,112,Lost Customers
CUST-04774,9,6,65408.899999999994,5,3,2,532,Loyal Customers
CUST-04775,57,4,72936.85,3,2,2,322,Potential Loyalists
CUST-04776,188,1,40870.75,2,1,1,211,Lost Customers
CUST-04777,519,3,106260.95,1,2,3,123,Lost Customers
CUST-04778,374,1,39099.0,1,1,1,111,Lost Customers
CUST-04779,454,1,1119.3,1,1,1,111,Lost Customers
CUST-04780,37,3,145210.25,4,2,3,423,Potential Loyalists
CUST-04781,440,1,12281.65,1,1,1,111,Lost Customers
CUST-04782,63,5,104911.65,3,3,3,333,Loyal Customers
CUST-04783,241,4,86804.85,1,2,2,122,Lost Customers
CUST-04784,16,6,126209.85,5,3,3,533,Loyal Customers
CUST-04785,159,9,56606.1,2,4,2,242,At Risk
CUST-04786,55,2,42056.299999999996,3,1,1,311,Potential Loyalists
CUST-04787,304,6,244998.95,1,3,4,134,At Risk
CUST-04788,127,2,21904.2,2,1,1,211,Lost Customers
CUST-04789,116,2,21384.1,2,1,1,211,Lost Customers
CUST-04790,144,4,21027.35,2,2,1,221,Lost Customers
CUST-04791,578,1,36274.3,1,1,1,111,Lost Customers
CUST-04792,36,5,102805.15,4,3,3,433,Loyal Customers
CUST-04793,24,1,42598.5,5,1,1,511,Potential Loyalists
CUST-04795,57,2,35914.95,3,1,1,311,Potential Loyalists
CUST-04796,343,4,225450.25,1,2,4,124,Lost Customers
CUST-04797,28,10,349035.1,5,4,5,545,Champions
CUST-04798,4,4,95324.65,5,2,3,523,Potential Loyalists
CUST-04799,309,2,105635.4,1,1,3,113,Lost Customers
CUST-04800,52,3,89456.75,4,2,2,422,Potential Loyalists
CUST-04801,42,10,210060.55000000002,4,4,4,444,Champions
CUST-04802,47,2,4708.2,4,1,1,411,Potential Loyalists
CUST-04803,166,6,125329.7,2,3,3,233,At Risk
CUST-04804,62,2,88687.9,3,1,2,312,Potential Loyalists
CUST-04805,662,1,2697.3,1,1,1,111,Lost Customers
CUST-04806,162,2,7812.1,2,1,1,211,Lost Customers
CUST-04807,345,4,146164.80000000002,1,2,3,123,Lost Customers
CUST-04809,240,2,109735.5,1,1,3,113,Lost Customers
CUST-04810,99,2,36492.95,2,1,1,211,Lost Customers
CUST-04811,73,3,33616.95,3,2,1,321,Potential Loyalists
CUST-04812,63,5,244438.6,3,3,4,334,Loyal Customers
CUST-04813,504,1,113608.95,1,1,3,113,Lost Customers
CUST-04814,139,2,30470.75,2,1,1,211,Lost Customers
CUST-04815,152,4,90503.75,2,2,2,222,Lost Customers
CUST-04816,62,6,21518.3,3,3,1,331,Loyal Customers
CUST-04817,58,6,323077.85,3,3,5,335,Loyal Customers
CUST-04818,59,4,41342.9,3,2,1,321,Potential Loyalists
CUST-04819,64,3,107454.8,3,2,3,323,Potential Loyalists
CUST-04820,35,5,126552.45000000001,4,3,3,433,Loyal Customers
CUST-04821,45,4,374451.39999999997,4,2,5,425,Potential Loyalists
CUST-04822,56,5,332716.8,3,3,5,335,Loyal Customers
CUST-04823,104,6,71535.2,2,3,2,232,At Risk
CUST-04824,176,1,4222.7,2,1,1,211,Lost Customers
CUST-04825,44,5,164380.05000000002,4,3,4,434,Loyal Customers
CUST-04826,65,5,170900.25,3,3,4,334,Loyal Customers
CUST-04827,204,4,48019.25,1,2,2,122,Lost Customers
CUST-04828,76,3,92197.45,3,2,3,323,Potential Loyalists
CUST-04829,288,5,85664.6,1,3,2,132,At Risk
CUST-04830,73,2,213602.95,3,1,4,314,Potential Loyalists
CUST-04831,45,5,86787.75,4,3,2,432,Loyal Customers
CUST-04832,320,3,42364.85,1,2,1,121,Lost Customers
CUST-04833,57,7,229836.9,3,4,4,344,Loyal Customers
CUST-04834,52,3,10625.9,4,2,1,421,Potential Loyalists
CUST-04835,3,7,94709.75,5,4,3,543,Champions
CUST-04836,51,5,211355.5,4,3,4,434,Loyal Customers
CUST-04837,43,4,189072.3,4,2,4,424,Potential Loyalists
CUST-04838,78,4,52617.899999999994,3,2,2,322,Potential Loyalists
CUST-04839,50,3,21112.4,4,2,1,421,Potential Loyalists
CUST-04840,155,4,92547.29999999999,2,2,3,223,Lost Customers
CUST-04841,64,7,17368.75,3,4,1,341,Loyal Customers
CUST-04842,301,2,58952.85,1,1,2,112,Lost Customers
CUST-04843,250,2,87411.7,1,1,2,112,Lost Customers
CUST-04844,141,1,86637.2,2,1,2,212,Lost Customers
CUST-04845,388,1,2518.3,1,1,1,111,Lost Customers
CUST-04847,47,2,48677.2,4,1,2,412,Potential Loyalists
CUST-04848,711,1,44975.4,1,1,2,112,Lost Customers
CUST-04849,25,7,63643.15,5,4,2,542,Champions
CUST-04850,15,3,15992.45,5,2,1,521,Potential Loyalists
CUST-04851,75,4,121229.29999999999,3,2,3,323,Potential Loyalists
CUST-04852,363,4,88426.7,1,2,2,122,Lost Customers
CUST-04853,115,4,360256.0,2,2,5,225,Lost Customers
CUST-04854,105,3,91046.0,2,2,2,222,Lost Customers
CUST-04855,174,3,44115.55,2,2,2,222,Lost Customers
CUST-04856,615,2,41106.45,1,1,1,111,Lost Customers
CUST-04857,218,2,25432.449999999997,1,1,1,111,Lost Customers
CUST-04858,9,1,74607.3,5,1,2,512,Potential Loyalists
CUST-04859,387,5,31123.899999999998,1,3,1,131,At Risk
CUST-04860,174,5,146839.2,2,3,3,233,At Risk
CUST-04861,20,4,128041.6,5,2,3,523,Potential Loyalists
CUST-04862,509,2,73696.2,1,1,2,112,Lost Customers
CUST-04863,33,5,151526.8,4,3,3,433,Loyal Customers
CUST-04864,35,3,32257.3,4,2,1,421,Potential Loyalists
CUST-04865,166,1,1849.0,2,1,1,211,Lost Customers
CUST-04866,507,3,65478.0,1,2,2,122,Lost Customers
CUST-04867,69,8,201163.6,3,4,4,344,Loyal Customers
CUST-04868,241,3,101691.09999999999,1,2,3,123,Lost Customers
CUST-04869,25,2,102558.25,5,1,3,513,Potential Loyalists
CUST-04870,27,5,65274.95,5,3,2,532,Loyal Customers
CUST-04871,151,3,29062.9,2,2,1,221,Lost Customers
CUST-04872,3,4,141683.25,5,2,3,523,Potential Loyalists
CUST-04873,177,3,60236.8,2,2,2,222,Lost Customers
CUST-04874,471,2,67207.4,1,1,2,112,Lost Customers
CUST-04875,306,4,88395.85,1,2,2,122,Lost Customers
CUST-04876,55,4,123190.8,3,2,3,323,Potential Loyalists
CUST-04877,296,6,50679.450000000004,1,3,2,132,At Risk
CUST-04878,123,6,80715.04999999999,2,3,2,232,At Risk
CUST-04879,5,3,117922.20000000001,5,2,3,523,Potential Loyalists
CUST-04880,77,3,57324.15,3,2,2,322,Potential Loyalists
CUST-04881,496,3,145638.6,1,2,3,123,Lost Customers
CUST-04882,43,7,90137.9,4,4,2,442,Champions
CUST-04883,374,1,80306.7,1,1,2,112,Lost Customers
CUST-04884,177,4,74524.15,2,2,2,222,Lost Customers
CUST-04885,89,4,38945.4,2,2,1,221,Lost Customers
CUST-04886,347,2,50853.85,1,1,2,112,Lost Customers
CUST-04887,306,2,9468.4,1,1,1,111,Lost Customers
CUST-04888,197,5,72642.45,1,3,2,132,At Risk
CUST-04889,67,2,28461.0,3,1,1,311,Potential Loyalists
CUST-04890,253,2,20609.35,1,1,1,111,Lost Customers
CUST-04891,82,5,125158.15,3,3,3,333,Loyal Customers
CUST-04892,15,5,112446.7,5,3,3,533,Loyal Customers
CUST-04893,50,6,61040.75,4,3,2,432,Loyal Customers
CUST-04894,117,2,51755.1,2,1,2,212,Lost Customers
CUST-04895,69,2,15305.849999999999,3,1,1,311,Potential Loyalists
CUST-04896,146,2,68300.75,2,1,2,212,Lost Customers
CUST-04897,226,2,127329.65000000001,1,1,3,113,Lost Customers
CUST-04898,318,3,23862.65,1,2,1,121,Lost Customers
CUST-04899,152,5,129758.25,2,3,3,233,At Risk
CUST-04900,80,4,73185.8,3,2,2,322,Potential Loyalists
CUST-04901,39,5,179242.09999999998,4,3,4,434,Loyal Customers
CUST-04902,44,2,12511.35,4,1,1,411,Potential Loyalists
CUST-04903,194,4,116885.6,2,2,3,223,Lost Customers
CUST-04904,448,3,185481.25,1,2,4,124,Lost Customers
CUST-04905,72,4,45721.0,3,2,2,322,Potential Loyalists
CUST-04907,127,4,84665.55,2,2,2,222,Lost Customers
CUST-04908,64,4,49566.05,3,2,2,322,Potential Loyalists
CUST-04909,45,5,65634.6,4,3,2,432,Loyal Customers
CUST-04910,152,1,4899.0,2,1,1,211,Lost Customers
CUST-04911,177,2,25184.5,2,1,1,211,Lost Customers
CUST-04912,296,3,177118.9,1,2,4,124,Lost Customers
CUST-04913,543,2,67774.35,1,1,2,112,Lost Customers
CUST-04914,91,5,97970.5,2,3,3,233,At Risk
CUST-04915,202,2,23339.100000000002,1,1,1,111,Lost Customers
CUST-04916,135,4,165172.65,2,2,4,224,Lost Customers
CUST-04917,54,6,219725.95,3,3,4,334,Loyal Customers
CUST-04918,250,4,56067.2,1,2,2,122,Lost Customers
CUST-04919,10,5,159866.6,5,3,3,533,Loyal Customers
CUST-04920,226,4,146237.0,1,2,3,123,Lost Customers
CUST-04921,93,3,216786.3,2,2,4,224,Lost Customers
CUST-04922,397,2,55156.5,1,1,2,112,Lost Customers
CUST-04923,34,4,48970.100000000006,4,2,2,422,Potential Loyalists
CUST-04924,136,5,106856.55,2,3,3,233,At Risk
CUST-04925,92,3,59104.05,2,2,2,222,Lost Customers
CUST-04926,322,2,59695.9,1,1,2,112,Lost Customers
CUST-04927,399,2,38792.0,1,1,1,111,Lost Customers
CUST-04928,714,1,10398.4,1,1,1,111,Lost Customers
CUST-04929,64,7,228581.6,3,4,4,344,Loyal Customers
CUST-04930,25,6,251319.55,5,3,4,534,Loyal Customers
CUST-04931,57,6,148373.0,3,3,3,333,Loyal Customers
CUST-04932,272,2,7826.1,1,1,1,111,Lost Customers
CUST-04933,31,4,63042.95,4,2,2,422,Potential Loyalists
CUST-04934,212,5,28558.300000000003,1,3,1,131,At Risk
CUST-04935,395,2,3671.55,1,1,1,111,Lost Customers
CUST-04936,117,4,24374.35,2,2,1,221,Lost Customers
CUST-04937,433,1,12647.4,1,1,1,111,Lost Customers
CUST-04938,425,3,74776.85,1,2,2,122,Lost Customers
CUST-04939,104,4,164887.75,2,2,4,224,Lost Customers
CUST-04941,35,2,38730.6,4,1,1,411,Potential Loyalists
CUST-04942,70,1,40785.5,3,1,1,311,Potential Loyalists
CUST-04943,28,10,282493.85,5,4,5,545,Champions
CUST-04944,87,2,89203.85,3,1,2,312,Potential Loyalists
CUST-04945,44,2,96988.8,4,1,3,413,Potential Loyalists
CUST-04946,32,3,62310.15,4,2,2,422,Potential Loyalists
CUST-04947,55,2,73022.35,3,1,2,312,Potential Loyalists
CUST-04948,70,2,93793.54999999999,3,1,3,313,Potential Loyalists
CUST-04949,69,4,156418.35,3,2,3,323,Potential Loyalists
CUST-04950,577,1,14891.349999999999,1,1,1,111,Lost Customers
CUST-04951,167,4,143190.45,2,2,3,223,Lost Customers
CUST-04952,71,5,123910.35,3,3,3,333,Loyal Customers
CUST-04953,26,4,50438.15,5,2,2,522,Potential Loyalists
CUST-04954,22,5,18860.0,5,3,1,531,Loyal Customers
CUST-04955,70,4,99348.4,3,2,3,323,Potential Loyalists
CUST-04956,325,1,78312.8,1,1,2,112,Lost Customers
CUST-04958,180,4,80043.4,2,2,2,222,Lost Customers
CUST-04959,323,4,112444.95000000001,1,2,3,123,Lost Customers
CUST-04960,362,3,15900.4,1,2,1,121,Lost Customers
CUST-04961,150,3,12165.2,2,2,1,221,Lost Customers
CUST-04962,16,2,41164.85,5,1,1,511,Potential Loyalists
CUST-04963,137,3,15699.6,2,2,1,221,Lost Customers
CUST-04964,427,3,53070.35,1,2,2,122,Lost Customers
CUST-04965,525,2,19943.75,1,1,1,111,Lost Customers
CUST-04966,48,4,108349.3,4,2,3,423,Potential Loyalists
CUST-04967,106,4,54288.6,2,2,2,222,Lost Customers
CUST-04968,63,7,85596.1,3,4,2,342,Loyal Customers
CUST-04969,32,4,137811.35,4,2,3,423,Potential Loyalists
CUST-04970,276,2,20851.65,1,1,1,111,Lost Customers
CUST-04973,74,2,72376.6,3,1,2,312,Potential Loyalists
CUST-04974,528,1,18988.850000000002,1,1,1,111,Lost Customers
CUST-04975,284,3,58916.450000000004,1,2,2,122,Lost Customers
CUST-04976,47,2,63782.2,4,1,2,412,Potential Loyalists
CUST-04978,69,1,72024.9,3,1,2,312,Potential Loyalists
CUST-04979,23,3,53018.75,5,2,2,522,Potential Loyalists
CUST-04980,514,1,7284.6,1,1,1,111,Lost Customers
CUST-04981,37,3,198257.8,4,2,4,424,Potential Loyalists
CUST-04982,83,3,39232.2,3,2,1,321,Potential Loyalists
CUST-04983,186,3,80839.2,2,2,2,222,Lost Customers
CUST-04984,646,2,10286.2,1,1,1,111,Lost Customers
CUST-04985,320,2,41143.049999999996,1,1,1,111,Lost Customers
CUST-04986,73,5,108606.20000000001,3,3,3,333,Loyal Customers
CUST-04987,22,5,152974.75,5,3,3,533,Loyal Customers
CUST-04988,241,3,33138.05,1,2,1,121,Lost Customers
CUST-04989,265,6,170781.55,1,3,4,134,At Risk
CUST-04990,224,2,43221.899999999994,1,1,2,112,Lost Customers
CUST-04991,58,2,11546.3,3,1,1,311,Potential Loyalists
CUST-04992,17,6,96040.5,5,3,3,533,Loyal Customers
CUST-04993,85,2,16900.1,3,1,1,311,Potential Loyalists
CUST-04994,74,3,25689.4,3,2,1,321,Potential Loyalists
CUST-04995,47,4,293610.65,4,2,5,425,Potential Loyalists
CUST-04996,153,2,18606.2,2,1,1,211,Lost Customers
CUST-04997,34,5,261613.8,4,3,4,434,Loyal Customers
CUST-04998,185,3,65290.15,2,2,2,222,Lost Customers
CUST-04999,267,3,135260.4,1,2,3,123,Lost Customers
CUST-05000,57,5,112679.7,3,3,3,333,Loyal Customers
CUST-05001,62,3,46850.85,3,2,2,322,Potential Loyalists
CUST-05002,39,7,133726.5,4,4,3,443,Champions
CUST-05003,76,3,29425.6,3,2,1,321,Potential Loyalists
CUST-05004,66,3,107652.35,3,2,3,323,Potential Loyalists
CUST-05005,305,6,97781.0,1,3,3,133,At Risk
CUST-05006,7,12,164341.45,5,5,4,554,Champions
CUST-05007,221,4,85758.35,1,2,2,122,Lost Customers
CUST-05008,125,2,4915.5,2,1,1,211,Lost Customers
CUST-05009,273,3,56560.799999999996,1,2,2,122,Lost Customers
CUST-05010,343,5,47804.65,1,3,2,132,At Risk
CUST-05012,415,3,107103.0,1,2,3,123,Lost Customers
CUST-05013,1,5,23622.4,5,3,1,531,Loyal Customers
CUST-05014,477,3,107915.4,1,2,3,123,Lost Customers
CUST-05015,398,1,6647.2,1,1,1,111,Lost Customers
CUST-05016,15,5,63594.799999999996,5,3,2,532,Loyal Customers
CUST-05017,45,9,374654.64999999997,4,4,5,445,Champions
CUST-05018,405,1,8017.2,1,1,1,111,Lost Customers
CUST-05019,72,4,166907.15,3,2,4,324,Potential Loyalists
CUST-05020,51,5,132752.55,4,3,3,433,Loyal Customers
CUST-05021,158,4,34138.2,2,2,1,221,Lost Customers
CUST-05022,198,1,9538.2,1,1,1,111,Lost Customers
CUST-05023,55,3,100979.6,3,2,3,323,Potential Loyalists
CUST-05024,141,1,145616.4,2,1,3,213,Lost Customers
CUST-05025,18,7,255666.55000000002,5,4,4,544,Champions
CUST-05026,328,4,25561.25,1,2,1,121,Lost Customers
CUST-05027,136,5,221460.35,2,3,4,234,At Risk
CUST-05029,284,3,47183.05,1,2,2,122,Lost Customers
CUST-05030,81,3,197878.90000000002,3,2,4,324,Potential Loyalists
CUST-05031,90,1,711.55,2,1,1,211,Lost Customers
CUST-05032,49,6,134071.1,4,3,3,433,Loyal Customers
CUST-05033,623,1,18973.5,1,1,1,111,Lost Customers
CUST-05034,394,2,16359.25,1,1,1,111,Lost Customers
CUST-05035,278,4,77527.3,1,2,2,122,Lost Customers
CUST-05036,80,6,181516.6,3,3,4,334,Loyal Customers
CUST-05037,150,5,31721.35,2,3,1,231,At Risk
CUST-05038,158,3,29309.05,2,2,1,221,Lost Customers
CUST-05039,153,4,12594.300000000001,2,2,1,221,Lost Customers
CUST-05040,23,6,202047.85,5,3,4,534,Loyal Customers
CUST-05041,248,4,69274.85,1,2,2,122,Lost Customers
CUST-05042,296,3,49076.399999999994,1,2,2,122,Lost Customers
CUST-05043,8,4,92210.15,5,2,3,523,Potential Loyalists
CUST-05044,113,5,79673.1,2,3,2,232,At Risk
CUST-05045,31,3,72920.75,4,2,2,422,Potential Loyalists
CUST-05046,33,5,153862.85,4,3,3,433,Loyal Customers
CUST-05047,210,5,31710.85,1,3,1,131,At Risk
CUST-05048,62,3,31963.05,3,2,1,321,Potential Loyalists
CUST-05049,140,4,129148.3,2,2,3,223,Lost Customers
CUST-05050,36,7,116680.5,4,4,3,443,Champions
CUST-05051,77,7,265559.0,3,4,4,344,Loyal Customers
CUST-05052,34,6,142032.65,4,3,3,433,Loyal Customers
CUST-05053,79,4,91580.3,3,2,2,322,Potential Loyalists
CUST-05054,93,4,31796.2,2,2,1,221,Lost Customers
CUST-05056,114,5,109422.90000000001,2,3,3,233,At Risk
CUST-05057,66,2,32071.55,3,1,1,311,Potential Loyalists
CUST-05058,65,3,126144.25,3,2,3,323,Potential Loyalists
CUST-05059,30,6,155011.8,5,3,3,533,Loyal Customers
CUST-05060,24,3,66715.7,5,2,2,522,Potential Loyalists
CUST-05062,320,7,196500.9,1,4,4,144,At Risk
CUST-05063,182,4,214671.1,2,2,4,224,Lost Customers
CUST-05064,148,4,130877.2,2,2,3,223,Lost Customers
CUST-05065,264,5,52097.4,1,3,2,132,At Risk
CUST-05066,43,7,182107.1,4,4,4,444,Champions
CUST-05067,584,2,89428.1,1,1,2,112,Lost Customers
CUST-05068,25,6,141469.05,5,3,3,533,Loyal Customers
CUST-05069,44,3,10103.6,4,2,1,421,Potential Loyalists
CUST-05070,101,5,76828.75,2,3,2,232,At Risk
CUST-05071,71,3,133155.05,3,2,3,323,Potential Loyalists
CUST-05072,347,4,122643.7,1,2,3,123,Lost Customers
CUST-05073,134,3,57803.149999999994,2,2,2,222,Lost Customers
CUST-05074,652,1,15387.3,1,1,1,111,Lost Customers
CUST-05075,260,3,98412.34999999999,1,2,3,123,Lost Customers
CUST-05076,29,4,76589.0,5,2,2,522,Potential Loyalists
CUST-05078,35,6,114323.1,4,3,3,433,Loyal Customers
CUST-05079,355,1,2877.2,1,1,1,111,Lost Customers
CUST-05080,442,3,30027.45,1,2,1,121,Lost Customers
CUST-05081,432,1,70562.7,1,1,2,112,Lost Customers
CUST-05082,11,2,4036.0,5,1,1,511,Potential Loyalists
CUST-05083,360,2,11296.3,1,1,1,111,Lost Customers
CUST-05084,100,4,78478.34999999999,2,2,2,222,Lost Customers
CUST-05085,65,4,81717.35,3,2,2,322,Potential Loyalists
CUST-05086,191,5,66882.5,2,3,2,232,At Risk
CUST-05087,32,3,12922.6,4,2,1,421,Potential Loyalists
CUST-05088,81,4,99548.2,3,2,3,323,Potential Loyalists
CUST-05089,134,3,75781.85,2,2,2,222,Lost Customers
CUST-05090,331,2,55409.4,1,1,2,112,Lost Customers
CUST-05091,68,4,123586.55,3,2,3,323,Potential Loyalists
CUST-05092,294,3,93801.9,1,2,3,123,Lost Customers
CUST-05093,108,12,404465.45,2,5,5,255,At Risk
CUST-05094,32,4,17819.4,4,2,1,421,Potential Loyalists
CUST-05095,65,3,93046.4,3,2,3,323,Potential Loyalists
CUST-05096,435,2,12192.05,1,1,1,111,Lost Customers
CUST-05097,17,6,111747.55,5,3,3,533,Loyal Customers
CUST-05098,38,4,107287.29999999999,4,2,3,423,Potential Loyalists
CUST-05099,380,3,13963.2,1,2,1,121,Lost Customers
CUST-05100,205,4,99080.45,1,2,3,123,Lost Customers
CUST-05101,89,3,109170.70000000001,2,2,3,223,Lost Customers
CUST-05102,137,2,53717.5,2,1,2,212,Lost Customers
CUST-05103,129,2,21854.6,2,1,1,211,Lost Customers
CUST-05104,65,4,122027.3,3,2,3,323,Potential Loyalists
CUST-05105,314,4,105014.09999999999,1,2,3,123,Lost Customers
CUST-05106,12,3,41832.99999999999,5,2,1,521,Potential Loyalists
CUST-05107,48,7,147743.75,4,4,3,443,Champions
CUST-05108,81,4,103645.65,3,2,3,323,Potential Loyalists
CUST-05109,21,2,30897.5,5,1,1,511,Potential Loyalists
CUST-05110,147,2,35640.7,2,1,1,211,Lost Customers
CUST-05111,322,1,17367.8,1,1,1,111,Lost Customers
CUST-05112,118,4,56436.75,2,2,2,222,Lost Customers
CUST-05113,74,1,26967.9,3,1,1,311,Potential Loyalists
CUST-05114,182,2,13959.45,2,1,1,211,Lost Customers
CUST-05115,448,1,616.55,1,1,1,111,Lost Customers
CUST-05116,97,5,56567.3,2,3,2,232,At Risk
CUST-05117,349,5,84736.0,1,3,2,132,At Risk
CUST-05118,26,3,79694.90000000001,5,2,2,522,Potential Loyalists
CUST-05119,258,3,15542.349999999999,1,2,1,121,Lost Customers
CUST-05120,86,5,110278.05,3,3,3,333,Loyal Customers
CUST-05122,84,4,103059.45,3,2,3,323,Potential Loyalists
CUST-05123,291,3,10350.05,1,2,1,121,Lost Customers
CUST-05124,6,5,110542.8,5,3,3,533,Loyal Customers
CUST-05125,25,7,175367.15,5,4,4,544,Champions
CUST-05126,191,4,4624.6,2,2,1,221,Lost Customers
CUST-05127,38,3,100710.25,4,2,3,423,Potential Loyalists
CUST-05128,196,7,97735.2,2,4,3,243,At Risk
CUST-05129,302,4,37000.05,1,2,1,121,Lost Customers
CUST-05130,31,5,83167.25,4,3,2,432,Loyal Customers
CUST-05131,103,5,138409.95,2,3,3,233,At Risk
CUST-05132,176,2,22764.149999999998,2,1,1,211,Lost Customers
CUST-05133,144,3,92271.2,2,2,3,223,Lost Customers
CUST-05134,691,1,4657.5,1,1,1,111,Lost Customers
CUST-05135,446,2,100710.6,1,1,3,113,Lost Customers
CUST-05136,479,1,11363.55,1,1,1,111,Lost Customers
CUST-05137,64,6,79781.55,3,3,2,332,Loyal Customers
CUST-05138,116,4,65121.399999999994,2,2,2,222,Lost Customers
CUST-05139,529,4,19604.9,1,2,1,121,Lost Customers
CUST-05140,42,7,201107.6,4,4,4,444,Champions
CUST-05141,319,1,6932.700000000001,1,1,1,111,Lost Customers
CUST-05142,37,3,70030.65,4,2,2,422,Potential Loyalists
CUST-05143,87,5,90243.4,3,3,2,332,Loyal Customers
CUST-05144,192,2,6028.6,2,1,1,211,Lost Customers
CUST-05145,356,4,157044.8,1,2,3,123,Lost Customers
CUST-05147,77,3,36257.6,3,2,1,321,Potential Loyalists
CUST-05148,31,7,124599.45,4,4,3,443,Champions
CUST-05149,61,3,163737.05,3,2,4,324,Potential Loyalists
CUST-05150,96,4,76612.5,2,2,2,222,Lost Customers
CUST-05151,407,5,215566.5,1,3,4,134,At Risk
CUST-05152,169,4,83184.8,2,2,2,222,Lost Customers
CUST-05153,7,2,16536.5,5,1,1,511,Potential Loyalists
CUST-05154,44,3,153738.45,4,2,3,423,Potential Loyalists
CUST-05155,33,5,102387.25,4,3,3,433,Loyal Customers
CUST-05156,61,2,102179.15,3,1,3,313,Potential Loyalists
CUST-05157,178,3,173363.59999999998,2,2,4,224,Lost Customers
CUST-05158,65,7,169868.65,3,4,4,344,Loyal Customers
CUST-05159,58,2,10897.400000000001,3,1,1,311,Potential Loyalists
CUST-05160,67,6,73078.85,3,3,2,332,Loyal Customers
CUST-05161,152,4,45807.4,2,2,2,222,Lost Customers
CUST-05162,62,10,124233.7,3,4,3,343,Loyal Customers
CUST-05163,57,5,64866.15,3,3,2,332,Loyal Customers
CUST-05164,80,2,226036.85,3,1,4,314,Potential Loyalists
CUST-05165,153,3,28416.35,2,2,1,221,Lost Customers
CUST-05166,170,2,23252.6,2,1,1,211,Lost Customers
CUST-05167,164,3,115409.55,2,2,3,223,Lost Customers
CUST-05168,527,2,71301.45000000001,1,1,2,112,Lost Customers
CUST-05169,15,2,2154.05,5,1,1,511,Potential Loyalists
CUST-05170,280,2,68521.59999999999,1,1,2,112,Lost Customers
CUST-05171,467,5,74490.25,1,3,2,132,At Risk
CUST-05172,132,2,66884.85,2,1,2,212,Lost Customers
CUST-05173,40,6,79651.25,4,3,2,432,Loyal Customers
CUST-05174,274,3,96142.0,1,2,3,123,Lost Customers
CUST-05175,161,1,78796.0,2,1,2,212,Lost Customers
CUST-05176,56,5,157115.8,3,3,3,333,Loyal Customers
CUST-05177,439,3,11767.45,1,2,1,121,Lost Customers
CUST-05178,34,6,100569.35,4,3,3,433,Loyal Customers
CUST-05179,171,3,51210.05,2,2,2,222,Lost Customers
CUST-05180,15,3,48766.2,5,2,2,522,Potential Loyalists
CUST-05181,12,5,32777.15,5,3,1,531,Loyal Customers
CUST-05183,695,1,78747.0,1,1,2,112,Lost Customers
CUST-05184,279,5,154162.0,1,3,3,133,At Risk
CUST-05185,164,4,120120.7,2,2,3,223,Lost Customers
CUST-05186,149,3,85042.3,2,2,2,222,Lost Customers
CUST-05187,4,6,79884.1,5,3,2,532,Loyal Customers
CUST-05188,50,2,152175.05,4,1,3,413,Potential Loyalists
CUST-05189,84,3,164387.80000000002,3,2,4,324,Potential Loyalists
CUST-05190,77,3,123260.0,3,2,3,323,Potential Loyalists
CUST-05191,594,1,16725.399999999998,1,1,1,111,Lost Customers
CUST-05192,79,4,176655.4,3,2,4,324,Potential Loyalists
CUST-05193,648,1,14716.05,1,1,1,111,Lost Customers
CUST-05194,319,2,42050.5,1,1,1,111,Lost Customers
CUST-05195,349,2,65452.65,1,1,2,112,Lost Customers
CUST-05196,23,5,73098.7,5,3,2,532,Loyal Customers
CUST-05197,18,6,102274.8,5,3,3,533,Loyal Customers
CUST-05198,82,4,151256.15,3,2,3,323,Potential Loyalists
CUST-05199,82,6,134026.25,3,3,3,333,Loyal Customers
CUST-05200,730,1,4352.2,1,1,1,111,Lost Customers
CUST-05201,92,4,36921.6,2,2,1,221,Lost Customers
CUST-05202,169,3,121002.0,2,2,3,223,Lost Customers
CUST-05203,5,6,110730.79999999999,5,3,3,533,Loyal Customers
CUST-05204,35,3,107445.55,4,2,3,423,Potential Loyalists
CUST-05205,442,3,25895.3,1,2,1,121,Lost Customers
CUST-05206,72,3,49766.1,3,2,2,322,Potential Loyalists
CUST-05207,50,4,119816.75,4,2,3,423,Potential Loyalists
CUST-05208,8,7,204519.05,5,4,4,544,Champions
CUST-05209,202,2,7214.8,1,1,1,111,Lost Customers
CUST-05210,229,5,77573.1,1,3,2,132,At Risk
CUST-05211,231,3,75107.15,1,2,2,122,Lost Customers
CUST-05212,78,3,93662.25,3,2,3,323,Potential Loyalists
CUST-05213,60,8,128751.65000000001,3,4,3,343,Loyal Customers
CUST-05214,188,2,53694.25,2,1,2,212,Lost Customers
CUST-05215,197,4,89209.15000000001,1,2,2,122,Lost Customers
CUST-05216,64,8,511557.6,3,4,5,345,Loyal Customers
CUST-05217,81,3,147865.4,3,2,3,323,Potential Loyalists
CUST-05218,320,5,32678.85,1,3,1,131,At Risk
CUST-05219,296,3,35385.2,1,2,1,121,Lost Customers
CUST-05220,4,5,139620.6,5,3,3,533,Loyal Customers
CUST-05221,26,3,42153.8,5,2,1,521,Potential Loyalists
CUST-05222,8,3,86587.8,5,2,2,522,Potential Loyalists
CUST-05223,101,5,10759.1,2,3,1,231,At Risk
CUST-05224,125,2,47547.6,2,1,2,212,Lost Customers
CUST-05225,60,1,26199.0,3,1,1,311,Potential Loyalists
CUST-05226,87,8,194804.1,3,4,4,344,Loyal Customers
CUST-05227,1,3,54886.850000000006,5,2,2,522,Potential Loyalists
CUST-05228,331,3,54784.65,1,2,2,122,Lost Customers
CUST-05229,31,4,118135.59999999999,4,2,3,423,Potential Loyalists
CUST-05230,272,5,86199.35,1,3,2,132,At Risk
CUST-05231,84,4,150334.5,3,2,3,323,Potential Loyalists
CUST-05232,315,2,58577.95,1,1,2,112,Lost Customers
CUST-05233,540,2,92242.75,1,1,3,113,Lost Customers
CUST-05234,89,3,44893.6,2,2,2,222,Lost Customers
CUST-05235,32,3,17403.9,4,2,1,421,Potential Loyalists
CUST-05236,26,4,260125.25,5,2,4,524,Potential Loyalists
CUST-05237,68,4,28501.75,3,2,1,321,Potential Loyalists
CUST-05238,190,4,36981.7,2,2,1,221,Lost Customers
CUST-05239,400,1,92714.70000000001,1,1,3,113,Lost Customers
CUST-05240,2,6,61555.45,5,3,2,532,Loyal Customers
CUST-05241,450,2,38417.5,1,1,1,111,Lost Customers
CUST-05242,20,4,72333.45,5,2,2,522,Potential Loyalists
CUST-05243,12,10,256805.75,5,4,4,544,Champions
CUST-05244,112,3,3693.9,2,2,1,221,Lost Customers
CUST-05245,85,2,32321.3,3,1,1,311,Potential Loyalists
CUST-05246,116,6,92665.35,2,3,3,233,At Risk
CUST-05247,91,3,14073.400000000001,2,2,1,221,Lost Customers
CUST-05248,61,5,12511.25,3,3,1,331,Loyal Customers
CUST-05249,66,4,86709.65,3,2,2,322,Potential Loyalists
CUST-05251,26,5,105954.2,5,3,3,533,Loyal Customers
CUST-05252,416,3,58878.0,1,2,2,122,Lost Customers
CUST-05253,374,5,117332.7,1,3,3,133,At Risk
CUST-05254,339,3,49064.05,1,2,2,122,Lost Customers
CUST-05255,310,2,15273.150000000001,1,1,1,111,Lost Customers
CUST-05256,153,3,257940.9,2,2,4,224,Lost Customers
CUST-05257,40,2,60982.399999999994,4,1,2,412,Potential Loyalists
CUST-05258,48,6,102355.4,4,3,3,433,Loyal Customers
CUST-05259,120,4,263681.05,2,2,4,224,Lost Customers
CUST-05260,71,9,224101.55,3,4,4,344,Loyal Customers
CUST-05261,107,3,48363.6,2,2,2,222,Lost Customers
CUST-05262,429,2,17921.3,1,1,1,111,Lost Customers
CUST-05263,102,7,183674.9,2,4,4,244,At Risk
CUST-05264,100,2,80916.3,2,1,2,212,Lost Customers
CUST-05265,237,2,98470.8,1,1,3,113,Lost Customers
CUST-05266,56,1,10355.6,3,1,1,311,Potential Loyalists
CUST-05267,38,3,10513.95,4,2,1,421,Potential Loyalists
CUST-05268,348,5,40264.6,1,3,1,131,At Risk
CUST-05269,50,4,51159.649999999994,4,2,2,422,Potential Loyalists
CUST-05270,5,5,84429.1,5,3,2,532,Loyal Customers
CUST-05271,44,5,124413.95,4,3,3,433,Loyal Customers
CUST-05272,141,3,3632.25,2,2,1,221,Lost Customers
CUST-05273,495,1,102690.05,1,1,3,113,Lost Customers
CUST-05274,359,3,72586.9,1,2,2,122,Lost Customers
CUST-05275,159,1,12511.3,2,1,1,211,Lost Customers
CUST-05276,178,8,253499.4,2,4,4,244,At Risk
CUST-05277,539,3,104124.1,1,2,3,123,Lost Customers
CUST-05278,76,6,207595.84999999998,3,3,4,334,Loyal Customers
CUST-05279,5,6,195896.5,5,3,4,534,Loyal Customers
CUST-05280,119,2,13874.2,2,1,1,211,Lost Customers
CUST-05281,8,6,102786.95,5,3,3,533,Loyal Customers
CUST-05282,74,4,183018.65000000002,3,2,4,324,Potential Loyalists
CUST-05283,33,5,64537.649999999994,4,3,2,432,Loyal Customers
CUST-05284,35,7,99243.0,4,4,3,443,Champions
CUST-05285,7,8,253639.8,5,4,4,544,Champions
CUST-05286,239,5,150291.95,1,3,3,133,At Risk
CUST-05287,148,4,60873.0,2,2,2,222,Lost Customers
CUST-05288,612,1,18237.7,1,1,1,111,Lost Customers
CUST-05289,182,5,207339.4,2,3,4,234,At Risk
CUST-05290,289,3,77947.55,1,2,2,122,Lost Customers
CUST-05291,89,6,154419.4,2,3,3,233,At Risk
CUST-05292,218,6,41072.2,1,3,1,131,At Risk
CUST-05293,6,5,116000.79999999999,5,3,3,533,Loyal Customers
CUST-05294,64,1,5098.35,3,1,1,311,Potential Loyalists
CUST-05295,170,4,140955.55000000002,2,2,3,223,Lost Customers
CUST-05296,56,4,116825.05,3,2,3,323,Potential Loyalists
CUST-05297,47,1,57102.3,4,1,2,412,Potential Loyalists
CUST-05298,85,1,19949.3,3,1,1,311,Potential Loyalists
CUST-05299,283,3,56526.35,1,2,2,122,Lost Customers
CUST-05300,44,4,236114.9,4,2,4,424,Potential Loyalists
CUST-05301,264,4,111509.15000000001,1,2,3,123,Lost Customers
CUST-05302,256,3,53894.0,1,2,2,122,Lost Customers
CUST-05303,97,3,63735.45,2,2,2,222,Lost Customers
CUST-05304,288,3,50625.35,1,2,2,122,Lost Customers
CUST-05305,83,3,48031.45,3,2,2,322,Potential Loyalists
CUST-05306,358,5,285641.05,1,3,5,135,At Risk
CUST-05307,9,2,27632.7,5,1,1,511,Potential Loyalists
CUST-05308,52,5,53814.85,4,3,2,432,Loyal Customers
CUST-05309,4,4,91912.35,5,2,2,522,Potential Loyalists
CUST-05310,81,5,90351.6,3,3,2,332,Loyal Customers
CUST-05311,262,2,31397.3,1,1,1,111,Lost Customers
CUST-05312,36,5,50865.1,4,3,2,432,Loyal Customers
CUST-05313,88,2,40098.2,2,1,1,211,Lost Customers
CUST-05314,68,4,106941.45,3,2,3,323,Potential Loyalists
CUST-05315,447,1,24997.75,1,1,1,111,Lost Customers
CUST-05317,103,5,77355.45,2,3,2,232,At Risk
CUST-05318,21,3,81489.25,5,2,2,522,Potential Loyalists
CUST-05319,2,6,274129.25,5,3,5,535,Loyal Customers
CUST-05320,64,3,23074.3,3,2,1,321,Potential Loyalists
CUST-05321,35,3,51843.05,4,2,2,422,Potential Loyalists
CUST-05322,72,5,290978.55,3,3,5,335,Loyal Customers
CUST-05323,10,2,11361.7,5,1,1,511,Potential Loyalists
CUST-05324,94,3,183632.7,2,2,4,224,Lost Customers
CUST-05325,38,3,66774.7,4,2,2,422,Potential Loyalists
CUST-05326,44,3,61052.55,4,2,2,422,Potential Loyalists
CUST-05327,23,2,24648.2,5,1,1,511,Potential Loyalists
CUST-05328,195,5,127676.70000000001,2,3,3,233,At Risk
CUST-05329,373,2,94636.5,1,1,3,113,Lost Customers
CUST-05330,72,5,106005.6,3,3,3,333,Loyal Customers
CUST-05331,96,3,27007.2,2,2,1,221,Lost Customers
CUST-05332,113,3,79288.45000000001,2,2,2,222,Lost Customers
CUST-05333,13,2,42980.05,5,1,1,511,Potential Loyalists
CUST-05334,223,3,15915.9,1,2,1,121,Lost Customers
CUST-05335,367,2,122409.15,1,1,3,113,Lost Customers
CUST-05336,263,3,96005.5,1,2,3,123,Lost Customers
CUST-05337,230,3,25539.35,1,2,1,121,Lost Customers
CUST-05338,19,6,116190.2,5,3,3,533,Loyal Customers
CUST-05339,123,6,150173.90000000002,2,3,3,233,At Risk
CUST-05340,726,1,15972.25,1,1,1,111,Lost Customers
CUST-05341,118,3,95710.8,2,2,3,223,Lost Customers
CUST-05342,4,3,168648.75,5,2,4,524,Potential Loyalists
CUST-05343,114,4,265285.60000000003,2,2,4,224,Lost Customers
CUST-05344,42,2,36941.85,4,1,1,411,Potential Loyalists
CUST-05345,39,3,37990.1,4,2,1,421,Potential Loyalists
CUST-05346,173,3,94672.95,2,2,3,223,Lost Customers
CUST-05347,47,1,5056.4,4,1,1,411,Potential Loyalists
CUST-05348,52,3,17255.65,4,2,1,421,Potential Loyalists
CUST-05350,135,5,176823.9,2,3,4,234,At Risk
CUST-05351,425,1,125803.4,1,1,3,113,Lost Customers
CUST-05352,67,3,129610.1,3,2,3,323,Potential Loyalists
CUST-05353,59,5,220527.6,3,3,4,334,Loyal Customers
CUST-05354,69,7,124440.75,3,4,3,343,Loyal Customers
CUST-05355,214,3,86039.25,1,2,2,122,Lost Customers
CUST-05356,74,7,170544.2,3,4,4,344,Loyal Customers
CUST-05357,94,2,42445.9,2,1,1,211,Lost Customers
CUST-05358,82,3,36084.6,3,2,1,321,Potential Loyalists
CUST-05359,62,3,166923.75,3,2,4,324,Potential Loyalists
CUST-05360,22,6,233104.94999999998,5,3,4,534,Loyal Customers
CUST-05361,34,6,86878.25,4,3,2,432,Loyal Customers
CUST-05362,349,1,12108.25,1,1,1,111,Lost Customers
CUST-05363,5,5,113154.45,5,3,3,533,Loyal Customers
CUST-05364,128,5,174991.1,2,3,4,234,At Risk
CUST-05365,22,3,69455.6,5,2,2,522,Potential Loyalists
CUST-05366,250,1,156080.25,1,1,3,113,Lost Customers
CUST-05367,69,5,65998.35,3,3,2,332,Loyal Customers
CUST-05368,37,4,60822.15,4,2,2,422,Potential Loyalists
CUST-05369,455,1,40482.45,1,1,1,111,Lost Customers
CUST-05370,35,5,57791.0,4,3,2,432,Loyal Customers
CUST-05371,212,5,32126.65,1,3,1,131,At Risk
CUST-05372,50,7,135689.2,4,4,3,443,Champions
CUST-05373,51,3,28453.65,4,2,1,421,Potential Loyalists
CUST-05374,64,6,296416.65,3,3,5,335,Loyal Customers
CUST-05375,505,3,151266.05,1,2,3,123,Lost Customers
CUST-05376,71,4,102803.35,3,2,3,323,Potential Loyalists
CUST-05377,42,1,1439.1,4,1,1,411,Potential Loyalists
CUST-05378,115,3,16722.25,2,2,1,221,Lost Customers
CUST-05379,232,3,198275.35,1,2,4,124,Lost Customers
CUST-05380,51,5,46222.65,4,3,2,432,Loyal Customers
CUST-05381,30,5,200676.15,5,3,4,534,Loyal Customers
CUST-05382,500,3,39671.3,1,2,1,121,Lost Customers
CUST-05384,381,3,19745.9,1,2,1,121,Lost Customers
CUST-05385,138,2,201144.25,2,1,4,214,Lost Customers
CUST-05386,329,2,81075.4,1,1,2,112,Lost Customers
CUST-05387,532,3,181488.65,1,2,4,124,Lost Customers
CUST-05388,531,2,27618.899999999998,1,1,1,111,Lost Customers
CUST-05389,53,5,287795.0,3,3,5,335,Loyal Customers
CUST-05390,172,1,5248.0,2,1,1,211,Lost Customers
CUST-05391,398,1,1079.2,1,1,1,111,Lost Customers
CUST-05392,119,2,58491.100000000006,2,1,2,212,Lost Customers
CUST-05393,552,1,17643.5,1,1,1,111,Lost Customers
CUST-05394,460,1,12949.0,1,1,1,111,Lost Customers
CUST-05395,123,6,100304.45,2,3,3,233,At Risk
CUST-05396,357,2,132513.4,1,1,3,113,Lost Customers
CUST-05397,51,2,12323.25,4,1,1,411,Potential Loyalists
CUST-05398,78,2,61200.3,3,1,2,312,Potential Loyalists
CUST-05400,242,2,50785.35,1,1,2,112,Lost Customers
CUST-05401,25,5,48280.55,5,3,2,532,Loyal Customers
CUST-05402,649,2,63234.0,1,1,2,112,Lost Customers
CUST-05403,100,5,178523.35,2,3,4,234,At Risk
CUST-05404,485,2,87315.4,1,1,2,112,Lost Customers
CUST-05405,42,3,15365.2,4,2,1,421,Potential Loyalists
CUST-05406,20,2,52262.5,5,1,2,512,Potential Loyalists
CUST-05407,242,4,91769.6,1,2,2,122,Lost Customers
CUST-05408,167,1,32458.8,2,1,1,211,Lost Customers
CUST-05409,188,3,97306.55,2,2,3,223,Lost Customers
CUST-05410,209,6,137299.05,1,3,3,133,At Risk
CUST-05411,47,6,154537.85,4,3,3,433,Loyal Customers
CUST-05412,207,2,13017.95,1,1,1,111,Lost Customers
CUST-05413,64,5,238594.6,3,3,4,334,Loyal Customers
CUST-05414,559,1,35354.2,1,1,1,111,Lost Customers
CUST-05415,76,4,24033.9,3,2,1,321,Potential Loyalists
CUST-05416,343,2,13467.0,1,1,1,111,Lost Customers
CUST-05417,73,3,84240.4,3,2,2,322,Potential Loyalists
CUST-05418,60,2,64650.15,3,1,2,312,Potential Loyalists
CUST-05419,173,2,12148.0,2,1,1,211,Lost Customers
CUST-05420,339,4,54518.7,1,2,2,122,Lost Customers
CUST-05421,53,2,11181.6,3,1,1,311,Potential Loyalists
CUST-05422,149,2,29420.899999999998,2,1,1,211,Lost Customers
CUST-05423,96,2,14586.75,2,1,1,211,Lost Customers
CUST-05424,224,4,117408.90000000001,1,2,3,123,Lost Customers
CUST-05425,53,4,97360.0,3,2,3,323,Potential Loyalists
CUST-05426,106,5,70927.1,2,3,2,232,At Risk
CUST-05427,34,2,2355.9,4,1,1,411,Potential Loyalists
CUST-05428,218,3,15148.0,1,2,1,121,Lost Customers
CUST-05429,69,6,263871.55,3,3,4,334,Loyal Customers
CUST-05430,272,5,145552.9,1,3,3,133,At Risk
CUST-05431,4,2,6148.15,5,1,1,511,Potential Loyalists
CUST-05432,89,3,64496.700000000004,2,2,2,222,Lost Customers
CUST-05433,57,4,113839.25,3,2,3,323,Potential Loyalists
CUST-05434,170,4,147636.5,2,2,3,223,Lost Customers
CUST-05435,5,2,66073.20000000001,5,1,2,512,Potential Loyalists
CUST-05436,128,3,82441.7,2,2,2,222,Lost Customers
CUST-05437,81,7,168117.55,3,4,4,344,Loyal Customers
CUST-05438,11,3,16330.4,5,2,1,521,Potential Loyalists
CUST-05439,49,4,103862.95,4,2,3,423,Potential Loyalists
CUST-05440,55,5,26496.25,3,3,1,331,Loyal Customers
CUST-05441,57,5,135538.0,3,3,3,333,Loyal Customers
CUST-05442,82,4,26670.25,3,2,1,321,Potential Loyalists
CUST-05443,53,3,75714.15000000001,3,2,2,322,Potential Loyalists
CUST-05444,44,6,118309.3,4,3,3,433,Loyal Customers
CUST-05445,226,1,1498.8,1,1,1,111,Lost Customers
CUST-05446,217,2,76614.09999999999,1,1,2,112,Lost Customers
CUST-05447,36,3,16798.649999999998,4,2,1,421,Potential Loyalists
CUST-05448,112,5,116607.15,2,3,3,233,At Risk
CUST-05449,95,4,47693.6,2,2,2,222,Lost Customers
CUST-05450,89,3,51958.4,2,2,2,222,Lost Customers
CUST-05451,163,6,74074.1,2,3,2,232,At Risk
CUST-05452,176,3,61177.9,2,2,2,222,Lost Customers
CUST-05453,91,3,23683.75,2,2,1,221,Lost Customers
CUST-05454,308,1,24139.15,1,1,1,111,Lost Customers
CUST-05455,132,2,44339.100000000006,2,1,2,212,Lost Customers
CUST-05456,2,6,303255.7,5,3,5,535,Loyal Customers
CUST-05457,6,2,14368.95,5,1,1,511,Potential Loyalists
CUST-05458,89,7,239258.25,2,4,4,244,At Risk
CUST-05459,22,4,105324.9,5,2,3,523,Potential Loyalists
CUST-05460,160,2,7871.5,2,1,1,211,Lost Customers
CUST-05461,613,1,9005.7,1,1,1,111,Lost Customers
CUST-05462,26,5,79922.25,5,3,2,532,Loyal Customers
CUST-05463,89,5,62089.399999999994,2,3,2,232,At Risk
CUST-05464,281,2,134474.7,1,1,3,113,Lost Customers
CUST-05465,696,1,21626.350000000002,1,1,1,111,Lost Customers
CUST-05466,75,4,208731.85,3,2,4,324,Potential Loyalists
CUST-05467,517,2,56483.6,1,1,2,112,Lost Customers
CUST-05468,189,2,85591.95,2,1,2,212,Lost Customers
CUST-05469,98,4,39118.8,2,2,1,221,Lost Customers
CUST-05470,81,6,128618.3,3,3,3,333,Loyal Customers
CUST-05471,54,5,55146.85,3,3,2,332,Loyal Customers
CUST-05472,214,2,19596.600000000002,1,1,1,111,Lost Customers
CUST-05473,113,1,3937.3999999999996,2,1,1,211,Lost Customers
CUST-05474,236,4,72205.45,1,2,2,122,Lost Customers
CUST-05475,237,3,26451.2,1,2,1,121,Lost Customers
CUST-05476,64,3,17900.7,3,2,1,321,Potential Loyalists
CUST-05477,508,2,41841.5,1,1,1,111,Lost Customers
CUST-05478,187,4,84730.4,2,2,2,222,Lost Customers
CUST-05479,213,3,54423.3,1,2,2,122,Lost Customers
CUST-05480,254,2,11383.6,1,1,1,111,Lost Customers
CUST-05482,54,4,90844.25,3,2,2,322,Potential Loyalists
CUST-05483,227,2,5208.3,1,1,1,111,Lost Customers
CUST-05484,25,3,184368.65,5,2,4,524,Potential Loyalists
CUST-05485,62,3,29740.6,3,2,1,321,Potential Loyalists
CUST-05486,145,3,151165.05000000002,2,2,3,223,Lost Customers
CUST-05487,24,4,69632.15,5,2,2,522,Potential Loyalists
CUST-05488,401,1,5783.55,1,1,1,111,Lost Customers
CUST-05489,119,2,27399.75,2,1,1,211,Lost Customers
CUST-05490,46,7,209958.15,4,4,4,444,Champions
CUST-05491,83,6,96113.25,3,3,3,333,Loyal Customers
CUST-05492,8,2,16693.9,5,1,1,511,Potential Loyalists
CUST-05493,423,1,5366.299999999999,1,1,1,111,Lost Customers
CUST-05494,97,5,36236.5,2,3,1,231,At Risk
CUST-05495,302,2,6355.4,1,1,1,111,Lost Customers
CUST-05496,105,3,141225.1,2,2,3,223,Lost Customers
CUST-05497,191,4,234314.55,2,2,4,224,Lost Customers
CUST-05498,371,3,76077.8,1,2,2,122,Lost Customers
CUST-05499,136,1,12576.6,2,1,1,211,Lost Customers
CUST-05500,77,3,68358.8,3,2,2,322,Potential Loyalists
CUST-05501,53,6,73329.09999999999,3,3,2,332,Loyal Customers
CUST-05502,447,2,88975.75,1,1,2,112,Lost Customers
CUST-05504,81,4,27040.15,3,2,1,321,Potential Loyalists
CUST-05505,32,5,109504.29999999999,4,3,3,433,Loyal Customers
CUST-05506,11,5,119794.9,5,3,3,533,Loyal Customers
CUST-05507,78,3,50139.5,3,2,2,322,Potential Loyalists
CUST-05508,15,3,82275.84999999999,5,2,2,522,Potential Loyalists
CUST-05509,57,4,67003.3,3,2,2,322,Potential Loyalists
CUST-05510,75,2,57018.09999999999,3,1,2,312,Potential Loyalists
CUST-05511,82,2,19850.55,3,1,1,311,Potential Loyalists
CUST-05512,88,3,81185.85,2,2,2,222,Lost Customers
CUST-05513,150,1,1019.15,2,1,1,211,Lost Customers
CUST-05514,233,6,122410.15000000001,1,3,3,133,At Risk
CUST-05515,271,3,72724.35,1,2,2,122,Lost Customers
CUST-05516,93,5,28682.1,2,3,1,231,At Risk
CUST-05517,39,5,199395.75,4,3,4,434,Loyal Customers
CUST-05518,80,4,28931.7,3,2,1,321,Potential Loyalists
CUST-05519,120,4,163953.94999999998,2,2,4,224,Lost Customers
CUST-05520,110,5,188919.44999999998,2,3,4,234,At Risk
CUST-05521,207,1,59462.5,1,1,2,112,Lost Customers
CUST-05522,340,2,37396.0,1,1,1,111,Lost Customers
CUST-05523,300,6,242840.05000000002,1,3,4,134,At Risk
CUST-05524,330,5,107017.8,1,3,3,133,At Risk
CUST-05525,273,2,16857.9,1,1,1,111,Lost Customers
CUST-05527,35,5,60719.15,4,3,2,432,Loyal Customers
CUST-05528,3,4,118818.0,5,2,3,523,Potential Loyalists
CUST-05529,104,3,5826.2,2,2,1,221,Lost Customers
CUST-05530,661,1,6509.3,1,1,1,111,Lost Customers
CUST-05531,238,2,149440.65,1,1,3,113,Lost Customers
CUST-05532,291,1,6267.4,1,1,1,111,Lost Customers
CUST-05533,30,5,36823.2,5,3,1,531,Loyal Customers
CUST-05534,87,5,178972.55,3,3,4,334,Loyal Customers
CUST-05535,421,3,46089.75,1,2,2,122,Lost Customers
CUST-05536,45,3,192632.9,4,2,4,424,Potential Loyalists
CUST-05538,2,5,102011.55,5,3,3,533,Loyal Customers
CUST-05539,432,4,77872.25,1,2,2,122,Lost Customers
CUST-05540,444,1,19073.5,1,1,1,111,Lost Customers
CUST-05541,81,4,114195.3,3,2,3,323,Potential Loyalists
CUST-05542,8,4,158608.1,5,2,3,523,Potential Loyalists
CUST-05543,68,7,75729.25,3,4,2,342,Loyal Customers
CUST-05544,209,4,47640.4,1,2,2,122,Lost Customers
CUST-05545,328,6,177930.30000000002,1,3,4,134,At Risk
CUST-05546,43,4,44630.45,4,2,2,422,Potential Loyalists
CUST-05547,77,6,121879.4,3,3,3,333,Loyal Customers
CUST-05548,68,5,95068.75,3,3,3,333,Loyal Customers
CUST-05549,349,3,115663.45000000001,1,2,3,123,Lost Customers
CUST-05550,168,7,189019.80000000002,2,4,4,244,At Risk
CUST-05551,257,1,721.65,1,1,1,111,Lost Customers
CUST-05552,334,2,21334.8,1,1,1,111,Lost Customers
CUST-05553,79,2,93439.0,3,1,3,313,Potential Loyalists
CUST-05554,16,4,35685.95,5,2,1,521,Potential Loyalists
CUST-05555,630,1,2515.1,1,1,1,111,Lost Customers
CUST-05556,77,4,198956.5,3,2,4,324,Potential Loyalists
CUST-05557,144,5,46876.65,2,3,2,232,At Risk
CUST-05558,80,4,187007.9,3,2,4,324,Potential Loyalists
CUST-05559,235,4,55327.65,1,2,2,122,Lost Customers
CUST-05560,54,3,66042.15,3,2,2,322,Potential Loyalists
CUST-05561,44,4,61417.85,4,2,2,422,Potential Loyalists
CUST-05562,80,2,83547.5,3,1,2,312,Potential Loyalists
CUST-05563,49,4,85337.55,4,2,2,422,Potential Loyalists
CUST-05564,591,3,140792.85,1,2,3,123,Lost Customers
CUST-05565,38,5,154859.15,4,3,3,433,Loyal Customers
CUST-05566,9,5,104863.05,5,3,3,533,Loyal Customers
CUST-05567,19,2,22115.149999999998,5,1,1,511,Potential Loyalists
CUST-05568,52,4,25594.899999999998,4,2,1,421,Potential Loyalists
CUST-05569,169,5,82464.59999999999,2,3,2,232,At Risk
CUST-05570,133,3,119561.6,2,2,3,223,Lost Customers
CUST-05571,28,4,116987.5,5,2,3,523,Potential Loyalists
CUST-05574,193,3,75617.75,2,2,2,222,Lost Customers
CUST-05575,62,5,46698.9,3,3,2,332,Loyal Customers
CUST-05576,38,5,98207.65,4,3,3,433,Loyal Customers
CUST-05577,147,9,255195.0,2,4,4,244,At Risk
CUST-05578,54,6,161180.94999999998,3,3,3,333,Loyal Customers
CUST-05579,66,3,115472.0,3,2,3,323,Potential Loyalists
CUST-05580,13,4,309521.2,5,2,5,525,Potential Loyalists
CUST-05581,394,3,81385.55,1,2,2,122,Lost Customers
CUST-05582,426,4,326003.0,1,2,5,125,Lost Customers
CUST-05583,11,3,41746.6,5,2,1,521,Potential Loyalists
CUST-05584,60,3,46090.5,3,2,2,322,Potential Loyalists
CUST-05585,81,5,70641.7,3,3,2,332,Loyal Customers
CUST-05586,31,5,130068.25,4,3,3,433,Loyal Customers
CUST-05587,83,2,37093.8,3,1,1,311,Potential Loyalists
CUST-05588,582,2,65545.6,1,1,2,112,Lost Customers
CUST-05589,510,2,3195.05,1,1,1,111,Lost Customers
CUST-05590,501,1,4198.6,1,1,1,111,Lost Customers
CUST-05591,370,4,31299.55,1,2,1,121,Lost Customers
CUST-05592,28,4,171910.55000000002,5,2,4,524,Potential Loyalists
CUST-05593,190,3,119543.3,2,2,3,223,Lost Customers
CUST-05594,1,5,146938.05,5,3,3,533,Loyal Customers
CUST-05595,380,3,102850.59999999999,1,2,3,123,Lost Customers
CUST-05596,136,4,172818.1,2,2,4,224,Lost Customers
CUST-05597,270,3,103718.09999999999,1,2,3,123,Lost Customers
CUST-05598,425,4,290556.05,1,2,5,125,Lost Customers
CUST-05599,29,1,659.6,5,1,1,511,Potential Loyalists
CUST-05600,342,4,27107.55,1,2,1,121,Lost Customers
CUST-05601,185,3,12535.25,2,2,1,221,Lost Customers
CUST-05602,312,5,125694.1,1,3,3,133,At Risk
CUST-05603,194,4,44542.9,2,2,2,222,Lost Customers
CUST-05604,63,4,109528.2,3,2,3,323,Potential Loyalists
CUST-05605,84,5,125689.7,3,3,3,333,Loyal Customers
CUST-05607,18,3,45414.9,5,2,2,522,Potential Loyalists
CUST-05608,262,3,26028.8,1,2,1,121,Lost Customers
CUST-05609,89,3,100807.05,2,2,3,223,Lost Customers
CUST-05610,54,5,101223.15,3,3,3,333,Loyal Customers
CUST-05611,71,4,109127.55,3,2,3,323,Potential Loyalists
CUST-05612,41,4,70138.45,4,2,2,422,Potential Loyalists
CUST-05613,32,8,319359.6,4,4,5,445,Champions
CUST-05614,55,8,177620.15,3,4,4,344,Loyal Customers
CUST-05616,326,3,117415.25,1,2,3,123,Lost Customers
CUST-05617,253,4,137640.3,1,2,3,123,Lost Customers
CUST-05618,551,1,7308.3,1,1,1,111,Lost Customers
CUST-05619,177,5,168759.65,2,3,4,234,At Risk
CUST-05620,585,1,6448.1,1,1,1,111,Lost Customers
CUST-05621,436,1,19212.9,1,1,1,111,Lost Customers
CUST-05622,75,3,130980.34999999999,3,2,3,323,Potential Loyalists
CUST-05623,87,4,50276.2,3,2,2,322,Potential Loyalists
CUST-05624,116,7,271091.1,2,4,4,244,At Risk
CUST-05625,117,4,83881.3,2,2,2,222,Lost Customers
CUST-05626,73,2,110681.35,3,1,3,313,Potential Loyalists
CUST-05627,622,2,33612.9,1,1,1,111,Lost Customers
CUST-05628,297,2,32187.649999999998,1,1,1,111,Lost Customers
CUST-05629,31,4,133533.05,4,2,3,423,Potential Loyalists
CUST-05630,76,2,44362.65,3,1,2,312,Potential Loyalists
CUST-05631,51,3,130151.25,4,2,3,423,Potential Loyalists
CUST-05632,58,4,131575.75,3,2,3,323,Potential Loyalists
CUST-05633,36,3,67743.25,4,2,2,422,Potential Loyalists
CUST-05634,158,4,45750.7,2,2,2,222,Lost Customers
CUST-05635,215,2,37970.85,1,1,1,111,Lost Customers
CUST-05636,62,6,125790.04999999999,3,3,3,333,Loyal Customers
CUST-05637,67,4,89587.65000000001,3,2,2,322,Potential Loyalists
CUST-05638,106,2,60352.0,2,1,2,212,Lost Customers
CUST-05639,161,2,25251.949999999997,2,1,1,211,Lost Customers
CUST-05640,704,1,130953.7,1,1,3,113,Lost Customers
CUST-05641,166,3,139439.65,2,2,3,223,Lost Customers
CUST-05642,10,3,21182.85,5,2,1,521,Potential Loyalists
CUST-05643,664,1,584.35,1,1,1,111,Lost Customers
CUST-05644,39,7,390559.7,4,4,5,445,Champions
CUST-05645,53,6,140513.6,3,3,3,333,Loyal Customers
CUST-05646,27,6,85115.25,5,3,2,532,Loyal Customers
CUST-05647,24,3,93698.75,5,2,3,523,Potential Loyalists
CUST-05648,101,2,49049.45,2,1,2,212,Lost Customers
CUST-05650,53,4,69759.35,3,2,2,322,Potential Loyalists
CUST-05651,236,2,68745.4,1,1,2,112,Lost Customers
CUST-05652,36,2,16191.25,4,1,1,411,Potential Loyalists
CUST-05653,161,3,98276.8,2,2,3,223,Lost Customers
CUST-05654,56,2,32848.4,3,1,1,311,Potential Loyalists
CUST-05655,164,2,24147.85,2,1,1,211,Lost Customers
CUST-05656,175,4,86850.65,2,2,2,222,Lost Customers
CUST-05657,104,5,203404.2,2,3,4,234,At Risk
CUST-05658,5,4,59197.1,5,2,2,522,Potential Loyalists
CUST-05659,96,2,95474.75,2,1,3,213,Lost Customers
CUST-05660,93,4,92537.05,2,2,3,223,Lost Customers
CUST-05661,495,2,4070.65,1,1,1,111,Lost Customers
CUST-05662,38,4,73343.7,4,2,2,422,Potential Loyalists
CUST-05663,132,2,185003.55,2,1,4,214,Lost Customers
CUST-05664,500,2,17235.75,1,1,1,111,Lost Customers
CUST-05665,36,6,217709.7,4,3,4,434,Loyal Customers
CUST-05666,94,7,133761.7,2,4,3,243,At Risk
CUST-05667,100,4,196360.84999999998,2,2,4,224,Lost Customers
CUST-05668,214,5,193407.3,1,3,4,134,At Risk
CUST-05669,62,4,87084.7,3,2,2,322,Potential Loyalists
CUST-05670,72,2,32970.6,3,1,1,311,Potential Loyalists
CUST-05671,300,5,77696.95,1,3,2,132,At Risk
CUST-05672,344,3,33599.85,1,2,1,121,Lost Customers
CUST-05673,74,5,17179.8,3,3,1,331,Loyal Customers
CUST-05674,590,2,8111.85,1,1,1,111,Lost Customers
CUST-05676,13,5,117848.15,5,3,3,533,Loyal Customers
CUST-05677,54,2,64698.0,3,1,2,312,Potential Loyalists
CUST-05678,32,4,151810.15,4,2,3,423,Potential Loyalists
CUST-05679,42,4,47623.8,4,2,2,422,Potential Loyalists
CUST-05680,78,4,39629.3,3,2,1,321,Potential Loyalists
CUST-05681,11,4,67787.9,5,2,2,522,Potential Loyalists
CUST-05682,56,5,70292.90000000001,3,3,2,332,Loyal Customers
CUST-05683,176,4,25007.5,2,2,1,221,Lost Customers
CUST-05684,183,2,178577.55,2,1,4,214,Lost Customers
CUST-05685,315,3,75426.85,1,2,2,122,Lost Customers
CUST-05686,94,2,6327.150000000001,2,1,1,211,Lost Customers
CUST-05687,16,5,197678.3,5,3,4,534,Loyal Customers
CUST-05688,232,3,56969.55,1,2,2,122,Lost Customers
CUST-05689,246,2,69510.7,1,1,2,112,Lost Customers
CUST-05690,258,1,24889.05,1,1,1,111,Lost Customers
CUST-05691,126,4,67029.6,2,2,2,222,Lost Customers
CUST-05692,36,8,88012.85,4,4,2,442,Champions
CUST-05693,275,2,152757.45,1,1,3,113,Lost Customers
CUST-05694,142,3,50588.8,2,2,2,222,Lost Customers
CUST-05695,38,5,74539.05,4,3,2,432,Loyal Customers
CUST-05696,657,2,12302.3,1,1,1,111,Lost Customers
CUST-05697,193,5,256521.09999999998,2,3,4,234,At Risk
CUST-05698,133,2,75821.4,2,1,2,212,Lost Customers
CUST-05699,98,4,84054.5,2,2,2,222,Lost Customers
CUST-05700,153,1,2625.6499999999996,2,1,1,211,Lost Customers
CUST-05701,143,4,66471.5,2,2,2,222,Lost Customers
CUST-05702,190,4,182416.75,2,2,4,224,Lost Customers
CUST-05703,300,2,9181.4,1,1,1,111,Lost Customers
CUST-05704,32,5,98337.25,4,3,3,433,Loyal Customers
CUST-05705,116,6,54310.45,2,3,2,232,At Risk
CUST-05706,222,1,2648.4,1,1,1,111,Lost Customers
CUST-05707,64,4,8172.4,3,2,1,321,Potential Loyalists
CUST-05708,418,1,33569.1,1,1,1,111,Lost Customers
CUST-05709,52,2,122182.0,4,1,3,413,Potential Loyalists
CUST-05710,405,2,3458.3,1,1,1,111,Lost Customers
CUST-05711,268,3,111694.1,1,2,3,123,Lost Customers
CUST-05712,73,3,32708.55,3,2,1,321,Potential Loyalists
CUST-05713,185,6,38918.7,2,3,1,231,At Risk
CUST-05714,254,5,219454.55000000002,1,3,4,134,At Risk
CUST-05715,333,2,46864.85,1,1,2,112,Lost Customers
CUST-05716,251,4,82638.25,1,3,2,132,At Risk
CUST-05717,75,3,58092.75,3,2,2,322,Potential Loyalists
CUST-05718,137,7,96821.20000000001,2,4,3,243,At Risk
CUST-05719,341,5,67029.05,1,3,2,132,At Risk
CUST-05720,21,4,90483.2,5,3,2,532,Loyal Customers
CUST-05721,529,1,18267.9,1,1,1,111,Lost Customers
CUST-05722,88,6,137111.85,2,3,3,233,At Risk
CUST-05723,44,6,41479.35,4,3,1,431,Loyal Customers
CUST-05724,661,2,4475.6,1,1,1,111,Lost Customers
CUST-05725,23,3,111201.8,5,2,3,523,Potential Loyalists
CUST-05726,50,4,206036.7,4,3,4,434,Loyal Customers
CUST-05727,409,1,1279.2,1,1,1,111,Lost Customers
CUST-05728,182,2,101257.2,2,1,3,213,Lost Customers
CUST-05729,179,5,130548.75,2,3,3,233,At Risk
CUST-05730,638,1,4899.0,1,1,1,111,Lost Customers
CUST-05731,438,1,599.25,1,1,1,111,Lost Customers
CUST-05732,125,6,128167.1,2,3,3,233,At Risk
CUST-05733,653,2,27189.45,1,1,1,111,Lost Customers
CUST-05734,243,4,34761.1,1,3,1,131,At Risk
CUST-05735,191,6,431951.4,2,3,5,235,At Risk
CUST-05736,133,3,308253.25,2,2,5,225,Lost Customers
CUST-05737,66,2,111228.4,3,1,3,313,Potential Loyalists
CUST-05738,389,3,105788.25,1,2,3,123,Lost Customers
CUST-05739,418,3,13936.3,1,2,1,121,Lost Customers
CUST-05740,160,3,123399.95000000001,2,2,3,223,Lost Customers
CUST-05741,246,4,153663.8,1,3,3,133,At Risk
CUST-05742,406,2,16326.1,1,1,1,111,Lost Customers
CUST-05743,434,2,86680.45,1,1,2,112,Lost Customers
CUST-05744,56,6,363140.8,3,3,5,335,Loyal Customers
CUST-05745,88,2,14866.85,2,1,1,211,Lost Customers
CUST-05746,218,3,157268.95,1,2,3,123,Lost Customers
CUST-05747,50,4,79544.2,4,3,2,432,Loyal Customers
CUST-05748,281,4,181438.55,1,3,4,134,At Risk
CUST-05749,210,2,127824.6,1,1,3,113,Lost Customers
CUST-05750,287,1,30831.199999999997,1,1,1,111,Lost Customers
CUST-05751,129,4,62098.95,2,3,2,232,At Risk
CUST-05752,11,6,207095.9,5,3,4,534,Loyal Customers
CUST-05753,210,3,55113.0,1,2,2,122,Lost Customers
CUST-05754,36,7,95454.2,4,4,3,443,Champions
CUST-05755,150,6,63349.200000000004,2,3,2,232,At Risk
CUST-05756,228,6,44575.4,1,3,2,132,At Risk
CUST-05757,56,4,27343.25,3,3,1,331,Loyal Customers
CUST-05758,70,3,94374.9,3,2,3,323,Potential Loyalists
CUST-05759,263,3,84812.25,1,2,2,122,Lost Customers
CUST-05760,485,2,22136.55,1,1,1,111,Lost Customers
CUST-05761,8,2,26997.35,5,1,1,511,Potential Loyalists
CUST-05762,239,5,57541.4,1,3,2,132,At Risk
CUST-05763,136,1,5888.1,2,1,1,211,Lost Customers
CUST-05764,69,4,109485.5,3,3,3,333,Loyal Customers
CUST-05765,136,4,130869.1,2,3,3,233,At Risk
CUST-05766,493,3,92937.85,1,2,3,123,Lost Customers
CUST-05767,657,1,1888.1,1,1,1,111,Lost Customers
CUST-05768,89,2,17485.45,2,1,1,211,Lost Customers
CUST-05769,35,4,161622.1,4,3,4,434,Loyal Customers
CUST-05770,110,4,41421.799999999996,2,3,1,231,At Risk
CUST-05771,187,2,23421.7,2,1,1,211,Lost Customers
CUST-05772,91,2,10144.75,2,1,1,211,Lost Customers
CUST-05773,221,3,129429.15,1,2,3,123,Lost Customers
CUST-05774,43,2,95346.1,4,1,3,413,Potential Loyalists
CUST-05775,434,2,71774.75,1,1,2,112,Lost Customers
CUST-05776,172,4,168567.35,2,3,4,234,At Risk
CUST-05777,293,3,103220.8,1,2,3,123,Lost Customers
CUST-05778,41,6,211765.75,4,3,4,434,Loyal Customers
CUST-05779,260,2,9702.45,1,1,1,111,Lost Customers
CUST-05780,64,9,226970.45,3,4,4,344,Loyal Customers
CUST-05781,173,5,110404.2,2,3,3,233,At Risk
CUST-05782,32,6,102520.29999999999,4,3,3,433,Loyal Customers
CUST-05783,65,2,30240.15,3,1,1,311,Potential Loyalists
CUST-05784,244,6,92115.2,1,3,2,132,At Risk
CUST-05785,347,3,186166.6,1,2,4,124,Lost Customers
CUST-05786,152,1,13614.849999999999,2,1,1,211,Lost Customers
CUST-05787,87,3,23842.05,3,2,1,321,Potential Loyalists
CUST-05788,173,4,110825.35,2,3,3,233,At Risk
CUST-05789,385,5,301234.0,1,3,5,135,At Risk
CUST-05790,249,2,23400.45,1,1,1,111,Lost Customers
CUST-05791,45,4,64046.549999999996,4,3,2,432,Loyal Customers
CUST-05792,60,3,97919.6,3,2,3,323,Potential Loyalists
CUST-05793,221,3,33268.1,1,2,1,121,Lost Customers
CUST-05794,80,3,26084.25,3,2,1,321,Potential Loyalists
CUST-05795,5,3,200932.6,5,2,4,524,Potential Loyalists
CUST-05796,67,3,163749.25,3,2,4,324,Potential Loyalists
CUST-05797,32,5,119128.20000000001,4,3,3,433,Loyal Customers
CUST-05798,304,2,61846.2,1,1,2,112,Lost Customers
CUST-05799,62,9,169987.55,3,4,4,344,Loyal Customers
CUST-05800,287,3,22285.4,1,2,1,121,Lost Customers
CUST-05802,111,4,53302.25,2,3,2,232,At Risk
CUST-05803,418,1,4348.3,1,1,1,111,Lost Customers
CUST-05804,64,3,26077.25,3,2,1,321,Potential Loyalists
CUST-05805,54,3,50865.899999999994,3,2,2,322,Potential Loyalists
CUST-05806,19,7,207464.45,5,4,4,544,Champions
CUST-05807,151,4,39926.3,2,3,1,231,At Risk
CUST-05808,85,3,37090.1,3,2,1,321,Potential Loyalists
CUST-05809,352,4,111006.5,1,3,3,133,At Risk
CUST-05810,141,1,6993.3,2,1,1,211,Lost Customers
CUST-05811,369,3,84775.35,1,2,2,122,Lost Customers
CUST-05812,430,4,122395.7,1,3,3,133,At Risk
CUST-05814,94,5,127507.75,2,3,3,233,At Risk
CUST-05815,150,3,53659.35,2,2,2,222,Lost Customers
CUST-05816,70,3,26796.7,3,2,1,321,Potential Loyalists
CUST-05817,40,3,119049.35,4,2,3,423,Potential Loyalists
CUST-05818,277,5,64196.549999999996,1,3,2,132,At Risk
CUST-05819,355,3,66803.05,1,2,2,122,Lost Customers
CUST-05820,29,3,18106.7,5,2,1,521,Potential Loyalists
CUST-05821,489,3,21794.75,1,2,1,121,Lost Customers
CUST-05822,3,4,198210.6,5,3,4,534,Loyal Customers
CUST-05823,44,4,118500.0,4,3,3,433,Loyal Customers
CUST-05824,34,8,154756.30000000002,4,4,3,443,Champions
CUST-05825,158,5,100808.2,2,3,3,233,At Risk
CUST-05826,6,4,142379.55,5,3,3,533,Loyal Customers
CUST-05827,161,2,10270.75,2,1,1,211,Lost Customers
CUST-05828,45,3,82158.6,4,2,2,422,Potential Loyalists
CUST-05829,117,3,67333.05,2,2,2,222,Lost Customers
CUST-05830,34,4,80698.65000000001,4,3,2,432,Loyal Customers
CUST-05831,17,4,256050.65,5,3,4,534,Loyal Customers
CUST-05832,141,3,26873.85,2,2,1,221,Lost Customers
CUST-05833,135,4,120881.8,2,3,3,233,At Risk
CUST-05834,79,8,371057.45,3,4,5,345,Loyal Customers
CUST-05835,688,1,15824.8,1,1,1,111,Lost Customers
CUST-05836,110,5,40711.75,2,3,1,231,At Risk
CUST-05837,18,4,156750.85,5,3,3,533,Loyal Customers
CUST-05838,162,3,214895.85,2,2,4,224,Lost Customers
CUST-05839,88,3,9496.55,2,2,1,221,Lost Customers
CUST-05840,150,4,97171.1,2,3,3,233,At Risk
CUST-05841,363,2,63119.45,1,1,2,112,Lost Customers
CUST-05842,346,1,3183.35,1,1,1,111,Lost Customers
CUST-05843,122,2,73466.4,2,1,2,212,Lost Customers
CUST-05844,178,5,164333.05,2,3,4,234,At Risk
CUST-05845,43,6,180482.85,4,3,4,434,Loyal Customers
CUST-05846,36,6,69517.79999999999,4,3,2,432,Loyal Customers
CUST-05847,127,6,129110.55,2,3,3,233,At Risk
CUST-05848,511,2,14888.1,1,1,1,111,Lost Customers
CUST-05849,125,2,14483.2,2,1,1,211,Lost Customers
CUST-05850,336,3,60626.0,1,2,2,122,Lost Customers
CUST-05851,102,4,155935.3,2,3,3,233,At Risk
CUST-05852,59,4,141788.05,3,3,3,333,Loyal Customers
CUST-05853,64,6,171772.6,3,3,4,334,Loyal Customers
CUST-05854,36,3,101992.34999999999,4,2,3,423,Potential Loyalists
CUST-05855,58,3,40947.55,3,2,1,321,Potential Loyalists
CUST-05856,32,4,39376.75,4,3,1,431,Loyal Customers
CUST-05857,239,5,197489.15,1,3,4,134,At Risk
CUST-05858,21,5,50330.1,5,3,2,532,Loyal Customers
CUST-05859,195,2,2762.8999999999996,2,1,1,211,Lost Customers
CUST-05860,52,3,57366.549999999996,4,2,2,422,Potential Loyalists
CUST-05861,413,2,98661.3,1,1,3,113,Lost Customers
CUST-05862,238,1,57304.95,1,1,2,112,Lost Customers
CUST-05863,127,3,26083.15,2,2,1,221,Lost Customers
CUST-05864,131,3,116127.15,2,2,3,223,Lost Customers
CUST-05865,254,7,95681.9,1,4,3,143,At Risk
CUST-05866,103,1,10185.3,2,1,1,211,Lost Customers
CUST-05867,97,5,99950.5,2,3,3,233,At Risk
CUST-05868,72,8,295519.2,3,4,5,345,Loyal Customers
CUST-05870,130,1,10914.3,2,1,1,211,Lost Customers
CUST-05871,329,3,55287.55,1,2,2,122,Lost Customers
CUST-05872,11,3,149725.6,5,2,3,523,Potential Loyalists
CUST-05873,33,5,46853.1,4,3,2,432,Loyal Customers
CUST-05874,14,2,7277.4,5,1,1,511,Potential Loyalists
CUST-05875,300,1,16581.7,1,1,1,111,Lost Customers
CUST-05876,43,3,30412.049999999996,4,2,1,421,Potential Loyalists
CUST-05877,171,4,33289.75,2,3,1,231,At Risk
CUST-05878,76,1,12233.300000000001,3,1,1,311,Potential Loyalists
CUST-05879,57,6,70519.5,3,3,2,332,Loyal Customers
CUST-05880,202,3,45607.7,1,2,2,122,Lost Customers
CUST-05881,83,1,31136.4,3,1,1,311,Potential Loyalists
CUST-05882,21,2,32026.6,5,1,1,511,Potential Loyalists
CUST-05883,41,5,156490.6,4,3,3,433,Loyal Customers
CUST-05884,349,2,17365.100000000002,1,1,1,111,Lost Customers
CUST-05885,402,2,82823.8,1,1,2,112,Lost Customers
CUST-05886,94,2,27566.800000000003,2,1,1,211,Lost Customers
CUST-05887,160,1,9489.3,2,1,1,211,Lost Customers
CUST-05888,44,9,67619.55,4,4,2,442,Champions
CUST-05889,400,3,22792.45,1,2,1,121,Lost Customers
CUST-05890,63,5,22619.4,3,3,1,331,Loyal Customers
CUST-05891,197,3,26619.75,1,2,1,121,Lost Customers
CUST-05892,377,2,2702.9,1,1,1,111,Lost Customers
CUST-05893,54,6,181052.9,3,3,4,334,Loyal Customers
CUST-05894,448,3,26770.899999999998,1,2,1,121,Lost Customers
CUST-05895,136,6,212109.15,2,3,4,234,At Risk
CUST-05896,162,4,229012.94999999998,2,3,4,234,At Risk
CUST-05897,67,4,161284.45,3,3,4,334,Loyal Customers
CUST-05898,50,2,131301.0,4,1,3,413,Potential Loyalists
CUST-05899,290,3,80644.15,1,2,2,122,Lost Customers
CUST-05900,209,7,129680.40000000001,1,4,3,143,At Risk
CUST-05901,397,4,37723.0,1,3,1,131,At Risk
CUST-05902,53,7,278140.35000000003,3,4,5,345,Loyal Customers
CUST-05903,36,6,52976.7,4,3,2,432,Loyal Customers
CUST-05905,84,2,20545.25,3,1,1,311,Potential Loyalists
CUST-05906,125,2,112279.59999999999,2,1,3,213,Lost Customers
CUST-05907,41,5,43472.0,4,3,2,432,Loyal Customers
CUST-05908,313,2,80163.25,1,1,2,112,Lost Customers
CUST-05909,31,2,45708.9,4,1,2,412,Potential Loyalists
CUST-05910,79,8,248387.7,3,4,4,344,Loyal Customers
CUST-05912,123,7,150724.15,2,4,3,243,At Risk
CUST-05913,300,4,119507.7,1,3,3,133,At Risk
CUST-05914,39,3,36931.8,4,2,1,421,Potential Loyalists
CUST-05915,288,3,35986.5,1,2,1,121,Lost Customers
CUST-05916,131,4,98867.65,2,3,3,233,At Risk
CUST-05917,345,1,2992.35,1,1,1,111,Lost Customers
CUST-05918,160,3,139763.55,2,2,3,223,Lost Customers
CUST-05919,54,7,489877.75,3,4,5,345,Loyal Customers
CUST-05920,111,7,124637.2,2,4,3,243,At Risk
CUST-05921,5,4,108761.95000000001,5,3,3,533,Loyal Customers
CUST-05922,63,3,15206.8,3,2,1,321,Potential Loyalists
CUST-05923,56,4,58355.25,3,3,2,332,Loyal Customers
CUST-05925,47,6,69310.0,4,3,2,432,Loyal Customers
CUST-05926,73,4,88621.7,3,3,2,332,Loyal Customers
CUST-05927,23,6,49876.4,5,3,2,532,Loyal Customers
CUST-05928,16,4,72421.4,5,3,2,532,Loyal Customers
CUST-05929,543,2,172567.15,1,1,4,114,Lost Customers
CUST-05930,97,2,6157.950000000001,2,1,1,211,Lost Customers
CUST-05931,14,6,71983.6,5,3,2,532,Loyal Customers
CUST-05932,171,4,36304.700000000004,2,3,1,231,At Risk
CUST-05933,57,5,263176.9,3,3,4,334,Loyal Customers
CUST-05934,51,7,86622.95,4,4,2,442,Champions
CUST-05935,71,3,49143.8,3,2,2,322,Potential Loyalists
CUST-05936,391,3,9137.1,1,2,1,121,Lost Customers
CUST-05937,544,3,133840.1,1,2,3,123,Lost Customers
CUST-05938,57,5,164296.0,3,3,4,334,Loyal Customers
CUST-05939,217,2,38068.9,1,1,1,111,Lost Customers
CUST-05940,299,2,31404.8,1,1,1,111,Lost Customers
CUST-05941,457,2,9649.05,1,1,1,111,Lost Customers
CUST-05942,32,5,24262.85,4,3,1,431,Loyal Customers
CUST-05943,77,2,9836.1,3,1,1,311,Potential Loyalists
CUST-05944,366,3,35499.6,1,2,1,121,Lost Customers
CUST-05945,45,3,140866.25,4,2,3,423,Potential Loyalists
CUST-05946,40,5,94791.8,4,3,3,433,Loyal Customers
CUST-05947,50,5,170299.0,4,3,4,434,Loyal Customers
CUST-05948,41,8,187844.85,4,4,4,444,Champions
CUST-05949,146,3,90845.85,2,2,2,222,Lost Customers
CUST-05950,3,4,13316.85,5,3,1,531,Loyal Customers
CUST-05951,39,3,33988.200000000004,4,2,1,421,Potential Loyalists
CUST-05952,76,6,327996.4,3,3,5,335,Loyal Customers
CUST-05953,410,2,6027.65,1,1,1,111,Lost Customers
CUST-05954,352,3,24588.75,1,2,1,121,Lost Customers
CUST-05955,61,4,64094.75,3,3,2,332,Loyal Customers
CUST-05956,360,1,4274.25,1,1,1,111,Lost Customers
CUST-05957,117,6,106443.0,2,3,3,233,At Risk
CUST-05958,451,1,898.8,1,1,1,111,Lost Customers
CUST-05959,38,2,17424.5,4,1,1,411,Potential Loyalists
CUST-05960,268,4,110895.75,1,3,3,133,At Risk
CUST-05961,408,2,84492.5,1,1,2,112,Lost Customers
CUST-05962,73,3,55043.9,3,2,2,322,Potential Loyalists
CUST-05963,58,2,1336.9,3,1,1,311,Potential Loyalists
CUST-05964,56,4,140823.85,3,3,3,333,Loyal Customers
CUST-05965,78,1,1685.25,3,1,1,311,Potential Loyalists
CUST-05966,167,4,159679.0,2,3,3,233,At Risk
CUST-05967,91,6,308673.64999999997,2,3,5,235,At Risk
CUST-05968,112,4,160295.0,2,3,3,233,At Risk
CUST-05969,24,1,4307.1,5,1,1,511,Potential Loyalists
CUST-05970,51,5,114735.4,4,3,3,433,Loyal Customers
CUST-05971,306,2,11332.15,1,1,1,111,Lost Customers
CUST-05972,43,1,32866.2,4,1,1,411,Potential Loyalists
CUST-05973,43,5,280545.3,4,3,5,435,Loyal Customers
CUST-05974,89,4,88702.8,2,3,2,232,At Risk
CUST-05975,10,4,126574.45,5,3,3,533,Loyal Customers
CUST-05977,41,3,131621.9,4,2,3,423,Potential Loyalists
CUST-05978,288,1,72047.0,1,1,2,112,Lost Customers
CUST-05979,346,2,96887.2,1,1,3,113,Lost Customers
CUST-05980,53,5,57511.15,3,3,2,332,Loyal Customers
CUST-05981,33,2,36524.3,4,1,1,411,Potential Loyalists
CUST-05982,25,5,69497.95,5,3,2,532,Loyal Customers
CUST-05983,297,1,9118.4,1,1,1,111,Lost Customers
CUST-05984,26,6,241691.9,5,3,4,534,Loyal Customers
CUST-05985,37,3,26185.1,4,2,1,421,Potential Loyalists
CUST-05986,240,2,29318.05,1,1,1,111,Lost Customers
CUST-05988,168,3,19767.149999999998,2,2,1,221,Lost Customers
CUST-05989,286,2,27740.699999999997,1,1,1,111,Lost Customers
CUST-05990,61,2,3588.3,3,1,1,311,Potential Loyalists
CUST-05991,94,4,120510.9,2,3,3,233,At Risk
CUST-05992,55,2,36439.9,3,1,1,311,Potential Loyalists
CUST-05993,44,6,91806.9,4,3,2,432,Loyal Customers
CUST-05994,72,3,9297.25,3,2,1,321,Potential Loyalists
CUST-05995,611,1,48682.4,1,1,2,112,Lost Customers
CUST-05997,433,2,67318.85,1,1,2,112,Lost Customers
CUST-05998,61,4,119902.6,3,3,3,333,Loyal Customers
CUST-05999,45,3,107413.95000000001,4,2,3,423,Potential Loyalists
CUST-06000,62,4,144338.6,3,3,3,333,Loyal Customers
CUST-06001,79,1,250304.7,3,1,4,314,Potential Loyalists
CUST-06002,336,3,50754.0,1,2,2,122,Lost Customers
CUST-06003,50,4,83021.45,4,3,2,432,Loyal Customers
CUST-06004,61,6,46093.5,3,3,2,332,Loyal Customers
CUST-06005,53,4,61540.8,3,3,2,332,Loyal Customers
CUST-06006,129,3,37700.95,2,2,1,221,Lost Customers
CUST-06007,236,6,61561.9,1,3,2,132,At Risk
CUST-06008,23,1,12684.599999999999,5,1,1,511,Potential Loyalists
CUST-06009,64,4,81869.45,3,3,2,332,Loyal Customers
CUST-06010,473,3,71611.6,1,2,2,122,Lost Customers
CUST-06011,409,1,8254.35,1,1,1,111,Lost Customers
CUST-06013,346,5,98255.6,1,3,3,133,At Risk
CUST-06014,35,3,23596.55,4,2,1,421,Potential Loyalists
CUST-06015,45,4,7312.5,4,3,1,431,Loyal Customers
CUST-06016,134,6,55294.75,2,3,2,232,At Risk
CUST-06017,62,7,148671.2,3,4,3,343,Loyal Customers
CUST-06018,46,6,49184.15,4,3,2,432,Loyal Customers
CUST-06019,62,4,73279.15000000001,3,3,2,332,Loyal Customers
CUST-06021,303,6,171623.4,1,3,4,134,At Risk
CUST-06022,406,2,29966.399999999998,1,1,1,111,Lost Customers
CUST-06023,26,4,92234.3,5,3,3,533,Loyal Customers
CUST-06024,410,2,42957.15,1,1,1,111,Lost Customers
CUST-06025,92,4,68350.5,2,3,2,232,At Risk
CUST-06026,266,3,7291.3,1,2,1,121,Lost Customers
CUST-06027,190,3,55086.049999999996,2,2,2,222,Lost Customers
CUST-06028,185,3,61425.9,2,2,2,222,Lost Customers
CUST-06029,30,4,24453.5,5,3,1,531,Loyal Customers
CUST-06030,76,1,30410.55,3,1,1,311,Potential Loyalists
CUST-06031,57,10,256063.55,3,4,4,344,Loyal Customers
CUST-06032,131,2,40273.2,2,1,1,211,Lost Customers
CUST-06033,53,3,148343.45,3,2,3,323,Potential Loyalists
CUST-06034,208,2,72701.8,1,1,2,112,Lost Customers
CUST-06035,138,1,17639.1,2,1,1,211,Lost Customers
CUST-06036,25,2,25802.199999999997,5,1,1,511,Potential Loyalists
CUST-06037,86,5,97287.05,3,3,3,333,Loyal Customers
CUST-06038,539,1,19879.3,1,1,1,111,Lost Customers
CUST-06039,102,5,31434.3,2,3,1,231,At Risk
CUST-06040,55,3,63653.25,3,2,2,322,Potential Loyalists
CUST-06041,68,6,51694.200000000004,3,3,2,332,Loyal Customers
CUST-06042,13,4,149542.65,5,3,3,533,Loyal Customers
CUST-06043,260,2,62953.6,1,1,2,112,Lost Customers
CUST-06044,284,2,71064.25,1,1,2,112,Lost Customers
CUST-06045,125,6,78566.7,2,3,2,232,At Risk
CUST-06046,145,3,74525.35,2,2,2,222,Lost Customers
CUST-06047,146,3,59420.0,2,2,2,222,Lost Customers
CUST-06048,371,4,244622.7,1,3,4,134,At Risk
CUST-06049,14,3,40586.6,5,2,1,521,Potential Loyalists
CUST-06050,309,4,65519.0,1,3,2,132,At Risk
CUST-06051,92,2,74931.6,2,1,2,212,Lost Customers
CUST-06052,539,2,41621.85,1,1,1,111,Lost Customers
CUST-06053,13,7,129066.6,5,4,3,543,Champions
CUST-06054,229,3,43324.45,1,2,2,122,Lost Customers
CUST-06055,101,5,68911.2,2,3,2,232,At Risk
CUST-06056,138,5,96059.5,2,3,3,233,At Risk
CUST-06057,223,2,85132.90000000001,1,1,2,112,Lost Customers
CUST-06058,180,5,49032.55,2,3,2,232,At Risk
CUST-06059,146,4,101417.1,2,3,3,233,At Risk
CUST-06060,146,4,25087.65,2,3,1,231,At Risk
CUST-06061,677,1,79061.40000000001,1,1,2,112,Lost Customers
CUST-06062,167,2,28812.5,2,1,1,211,Lost Customers
CUST-06063,32,6,170080.25,4,3,4,434,Loyal Customers
CUST-06064,422,1,3513.25,1,1,1,111,Lost Customers
CUST-06065,310,4,51513.1,1,3,2,132,At Risk
CUST-06066,59,6,152044.55,3,3,3,333,Loyal Customers
CUST-06067,156,4,43334.100000000006,2,3,2,232,At Risk
CUST-06068,43,4,30321.100000000002,4,3,1,431,Loyal Customers
CUST-06069,16,3,115212.3,5,2,3,523,Potential Loyalists
CUST-06070,15,3,179131.9,5,2,4,524,Potential Loyalists
CUST-06071,41,4,10160.15,4,3,1,431,Loyal Customers
CUST-06072,429,2,43244.1,1,1,2,112,Lost Customers
CUST-06073,44,4,301642.25,4,3,5,435,Loyal Customers
CUST-06074,325,3,132660.25,1,2,3,123,Lost Customers
CUST-06075,90,2,69575.9,2,1,2,212,Lost Customers
CUST-06076,340,6,212955.7,1,3,4,134,At Risk
CUST-06077,126,4,84139.05,2,3,2,232,At Risk
CUST-06078,293,1,21034.85,1,1,1,111,Lost Customers
CUST-06079,88,4,30756.1,2,3,1,231,At Risk
CUST-06080,198,2,35964.65,1,1,1,111,Lost Customers
CUST-06081,428,1,3865.8,1,1,1,111,Lost Customers
CUST-06082,82,5,249360.35,3,3,4,334,Loyal Customers
CUST-06083,112,8,214851.4,2,4,4,244,At Risk
CUST-06084,435,5,87109.2,1,3,2,132,At Risk
CUST-06085,126,4,143235.8,2,3,3,233,At Risk
CUST-06086,107,1,68763.3,2,1,2,212,Lost Customers
CUST-06087,9,5,43696.95,5,3,2,532,Loyal Customers
CUST-06088,97,2,196874.95,2,1,4,214,Lost Customers
CUST-06089,295,2,24432.300000000003,1,1,1,111,Lost Customers
CUST-06090,84,7,185658.1,3,4,4,344,Loyal Customers
CUST-06091,127,5,122454.15,2,3,3,233,At Risk
CUST-06092,84,2,56766.65,3,1,2,312,Potential Loyalists
CUST-06093,96,4,58896.9,2,3,2,232,At Risk
CUST-06094,87,3,68702.8,3,2,2,322,Potential Loyalists
CUST-06096,79,3,52007.15,3,2,2,322,Potential Loyalists
CUST-06097,72,4,171657.65,3,3,4,334,Loyal Customers
CUST-06098,133,6,108083.65,2,3,3,233,At Risk
CUST-06099,53,3,23110.45,3,2,1,321,Potential Loyalists
CUST-06100,448,1,7903.150000000001,1,1,1,111,Lost Customers
CUST-06101,59,5,59220.7,3,3,2,332,Loyal Customers
CUST-06102,71,4,60940.75,3,3,2,332,Loyal Customers
CUST-06103,89,5,71848.9,2,3,2,232,At Risk
CUST-06104,23,6,405922.95,5,3,5,535,Loyal Customers
CUST-06105,37,3,57572.35,4,2,2,422,Potential Loyalists
CUST-06106,56,3,138594.65,3,2,3,323,Potential Loyalists
CUST-06107,4,3,10095.1,5,2,1,521,Potential Loyalists
CUST-06108,69,5,178022.5,3,3,4,334,Loyal Customers
CUST-06110,70,6,116594.45000000001,3,3,3,333,Loyal Customers
CUST-06111,439,2,23742.850000000002,1,1,1,111,Lost Customers
CUST-06113,137,1,509.15,2,1,1,211,Lost Customers
CUST-06114,9,4,54447.3,5,3,2,532,Loyal Customers
CUST-06115,718,1,192132.75,1,1,4,114,Lost Customers
CUST-06116,34,2,3746.2,4,1,1,411,Potential Loyalists
CUST-06117,89,4,39868.8,2,3,1,231,At Risk
CUST-06118,98,4,37268.75,2,3,1,231,At Risk
CUST-06119,1,5,122032.1,5,3,3,533,Loyal Customers
CUST-06120,61,6,73008.2,3,3,2,332,Loyal Customers
CUST-06121,42,3,78061.45,4,2,2,422,Potential Loyalists
CUST-06122,54,2,51311.55,3,1,2,312,Potential Loyalists
CUST-06123,71,3,86846.85,3,2,2,322,Potential Loyalists
CUST-06124,79,5,45569.9,3,3,2,332,Loyal Customers
CUST-06125,21,3,177238.45,5,2,4,524,Potential Loyalists
CUST-06126,33,6,55719.4,4,3,2,432,Loyal Customers
CUST-06127,4,2,195932.1,5,1,4,514,Potential Loyalists
CUST-06128,165,5,151543.55000000002,2,3,3,233,At Risk
CUST-06129,60,1,4868.3,3,1,1,311,Potential Loyalists
CUST-06130,13,4,61999.1,5,3,2,532,Loyal Customers
CUST-06131,69,6,109967.55,3,3,3,333,Loyal Customers
CUST-06132,42,3,59500.49999999999,4,2,2,422,Potential Loyalists
CUST-06133,152,3,74693.55,2,2,2,222,Lost Customers
CUST-06134,5,5,47468.5,5,3,2,532,Loyal Customers
CUST-06135,66,2,44356.5,3,1,2,312,Potential Loyalists
CUST-06136,130,2,3882.05,2,1,1,211,Lost Customers
CUST-06137,46,3,60475.8,4,2,2,422,Potential Loyalists
CUST-06138,57,6,46566.45,3,3,2,332,Loyal Customers
CUST-06139,67,4,46040.65,3,3,2,332,Loyal Customers
CUST-06140,381,2,3877.55,1,1,1,111,Lost Customers
CUST-06141,9,8,127787.84999999999,5,4,3,543,Champions
CUST-06142,351,2,53916.0,1,1,2,112,Lost Customers
CUST-06143,43,3,57208.950000000004,4,2,2,422,Potential Loyalists
CUST-06144,9,5,158986.2,5,3,3,533,Loyal Customers
CUST-06145,31,4,197323.40000000002,4,3,4,434,Loyal Customers
CUST-06146,303,2,18577.2,1,1,1,111,Lost Customers
CUST-06147,359,4,52907.8,1,3,2,132,At Risk
CUST-06148,25,2,6832.35,5,1,1,511,Potential Loyalists
CUST-06149,287,2,15231.199999999999,1,1,1,111,Lost Customers
CUST-06150,389,5,79305.1,1,3,2,132,At Risk
CUST-06151,44,2,28817.75,4,1,1,411,Potential Loyalists
CUST-06152,306,3,56241.6,1,2,2,122,Lost Customers
CUST-06153,286,1,7796.4,1,1,1,111,Lost Customers
CUST-06154,663,1,25538.45,1,1,1,111,Lost Customers
CUST-06155,61,4,38166.899999999994,3,3,1,331,Loyal Customers
CUST-06156,501,3,18265.55,1,2,1,121,Lost Customers
CUST-06157,492,2,71695.5,1,1,2,112,Lost Customers
CUST-06158,182,9,206340.05,2,4,4,244,At Risk
CUST-06159,198,1,14296.55,1,1,1,111,Lost Customers
CUST-06160,140,4,76434.80000000002,2,3,2,232,At Risk
CUST-06161,80,4,275691.25,3,3,5,335,Loyal Customers
CUST-06162,86,5,149306.9,3,3,3,333,Loyal Customers
CUST-06163,344,6,300872.95,1,3,5,135,At Risk
CUST-06164,99,2,44337.2,2,1,2,212,Lost Customers
CUST-06166,197,6,67877.65,1,3,2,132,At Risk
CUST-06167,64,4,63840.65,3,3,2,332,Loyal Customers
CUST-06168,6,4,111836.9,5,3,3,533,Loyal Customers
CUST-06169,409,2,8908.900000000001,1,1,1,111,Lost Customers
CUST-06170,25,6,112060.4,5,3,3,533,Loyal Customers
CUST-06171,51,4,60361.85,4,3,2,432,Loyal Customers
CUST-06173,122,1,1282.05,2,1,1,211,Lost Customers
CUST-06174,350,2,23807.6,1,1,1,111,Lost Customers
CUST-06175,268,1,14477.4,1,1,1,111,Lost Customers
CUST-06176,23,5,94245.55,5,3,3,533,Loyal Customers
CUST-06177,166,3,98967.0,2,2,3,223,Lost Customers
CUST-06178,46,5,68117.75,4,3,2,432,Loyal Customers
CUST-06179,126,2,43940.850000000006,2,1,2,212,Lost Customers
CUST-06180,145,1,1599.2,2,1,1,211,Lost Customers
CUST-06181,174,3,58332.4,2,2,2,222,Lost Customers
CUST-06182,39,3,62917.15,4,2,2,422,Potential Loyalists
CUST-06183,354,4,98232.75,1,3,3,133,At Risk
CUST-06184,77,4,102091.4,3,3,3,333,Loyal Customers
CUST-06185,123,3,192404.8,2,2,4,224,Lost Customers
CUST-06186,286,1,29848.5,1,1,1,111,Lost Customers
CUST-06187,58,3,69641.05,3,2,2,322,Potential Loyalists
CUST-06188,62,3,27999.100000000002,3,2,1,321,Potential Loyalists
CUST-06189,204,1,12739.35,1,1,1,111,Lost Customers
CUST-06191,78,4,181734.5,3,3,4,334,Loyal Customers
CUST-06192,40,2,21917.6,4,1,1,411,Potential Loyalists
CUST-06193,187,1,2049.0,2,1,1,211,Lost Customers
CUST-06194,227,2,6913.7,1,1,1,111,Lost Customers
CUST-06195,102,6,157004.8,2,3,3,233,At Risk
CUST-06196,652,1,1999.0,1,1,1,111,Lost Customers
CUST-06197,7,4,63478.05,5,3,2,532,Loyal Customers
CUST-06198,124,1,25590.699999999997,2,1,1,211,Lost Customers
CUST-06199,186,6,95848.79999999999,2,3,3,233,At Risk
CUST-06200,577,1,115209.3,1,1,3,113,Lost Customers
CUST-06201,5,4,93929.7,5,3,3,533,Loyal Customers
CUST-06202,71,4,25762.449999999997,3,3,1,331,Loyal Customers
CUST-06203,25,5,174014.7,5,3,4,534,Loyal Customers
CUST-06204,92,4,122814.90000000001,2,3,3,233,At Risk
CUST-06205,314,3,77084.7,1,2,2,122,Lost Customers
CUST-06206,181,5,32798.5,2,3,1,231,At Risk
CUST-06207,193,4,130769.2,2,3,3,233,At Risk
CUST-06208,148,3,86533.7,2,2,2,222,Lost Customers
CUST-06209,278,4,142062.2,1,3,3,133,At Risk
CUST-06210,7,4,79805.45,5,3,2,532,Loyal Customers
CUST-06212,110,3,46233.05,2,2,2,222,Lost Customers
CUST-06213,360,2,33976.200000000004,1,1,1,111,Lost Customers
CUST-06214,335,2,37053.899999999994,1,1,1,111,Lost Customers
CUST-06215,179,2,36721.25,2,1,1,211,Lost Customers
CUST-06216,76,3,5427.3,3,2,1,321,Potential Loyalists
CUST-06218,79,4,42379.8,3,3,1,331,Loyal Customers
CUST-06219,172,2,23190.45,2,1,1,211,Lost Customers
CUST-06220,52,3,22465.1,4,2,1,421,Potential Loyalists
CUST-06221,590,3,12393.85,1,2,1,121,Lost Customers
CUST-06222,162,3,176091.75,2,2,4,224,Lost Customers
CUST-06223,61,3,32466.3,3,2,1,321,Potential Loyalists
CUST-06224,13,3,67030.35,5,2,2,522,Potential Loyalists
CUST-06225,161,4,85133.2,2,3,2,232,At Risk
CUST-06226,141,2,41216.4,2,1,1,211,Lost Customers
CUST-06227,35,4,134335.05,4,3,3,433,Loyal Customers
CUST-06228,142,5,33837.45,2,3,1,231,At Risk
CUST-06229,180,4,142127.65,2,3,3,233,At Risk
CUST-06231,133,4,98745.6,2,3,3,233,At Risk
CUST-06232,82,6,118163.95,3,3,3,333,Loyal Customers
CUST-06233,531,1,2948.0,1,1,1,111,Lost Customers
CUST-06234,152,3,58070.85,2,2,2,222,Lost Customers
CUST-06235,33,3,10608.85,4,2,1,421,Potential Loyalists
CUST-06236,31,3,25605.85,4,2,1,421,Potential Loyalists
CUST-06237,340,2,57251.65,1,1,2,112,Lost Customers
CUST-06238,214,5,58748.100000000006,1,3,2,132,At Risk
CUST-06239,90,5,140009.4,2,3,3,233,At Risk
CUST-06240,521,2,21836.15,1,1,1,111,Lost Customers
CUST-06241,338,1,48100.95,1,1,2,112,Lost Customers
CUST-06242,35,2,12431.95,4,1,1,411,Potential Loyalists
CUST-06243,11,8,173178.75,5,4,4,544,Champions
CUST-06244,342,1,5716.45,1,1,1,111,Lost Customers
CUST-06245,56,4,31391.100000000002,3,3,1,331,Loyal Customers
CUST-06246,156,2,130366.5,2,1,3,213,Lost Customers
CUST-06247,148,2,32029.1,2,1,1,211,Lost Customers
CUST-06248,375,3,55380.3,1,2,2,122,Lost Customers
CUST-06249,416,2,13823.349999999999,1,1,1,111,Lost Customers
CUST-06251,37,7,125217.15000000001,4,4,3,443,Champions
CUST-06252,38,5,55055.899999999994,4,3,2,432,Loyal Customers
CUST-06254,137,5,119044.9,2,3,3,233,At Risk
CUST-06255,44,4,117889.0,4,3,3,433,Loyal Customers
CUST-06256,69,5,84753.7,3,3,2,332,Loyal Customers
CUST-06257,82,3,138243.25,3,2,3,323,Potential Loyalists
CUST-06258,24,6,157590.0,5,3,3,533,Loyal Customers
CUST-06259,6,8,176813.7,5,4,4,544,Champions
CUST-06260,26,7,385055.44999999995,5,4,5,545,Champions
CUST-06262,116,1,18303.45,2,1,1,211,Lost Customers
CUST-06263,79,2,65332.4,3,1,2,312,Potential Loyalists
CUST-06264,558,2,29352.5,1,1,1,111,Lost Customers
CUST-06265,20,5,213099.65,5,3,4,534,Loyal Customers
CUST-06266,326,2,12447.4,1,1,1,111,Lost Customers
CUST-06267,179,6,62170.65,2,3,2,232,At Risk
CUST-06268,86,2,1358.15,3,1,1,311,Potential Loyalists
CUST-06269,54,2,66708.3,3,1,2,312,Potential Loyalists
CUST-06270,80,7,175272.95,3,4,4,344,Loyal Customers
CUST-06271,3,5,201304.15,5,3,4,534,Loyal Customers
CUST-06272,42,5,144992.0,4,3,3,433,Loyal Customers
CUST-06273,340,5,92902.5,1,3,3,133,At Risk
CUST-06274,208,4,51950.4,1,3,2,132,At Risk
CUST-06275,186,3,105512.59999999999,2,2,3,223,Lost Customers
CUST-06276,351,2,70650.0,1,1,2,112,Lost Customers
CUST-06277,308,4,90623.15,1,3,2,132,At Risk
CUST-06278,68,7,143491.2,3,4,3,343,Loyal Customers
CUST-06279,280,3,35922.35,1,2,1,121,Lost Customers
CUST-06280,43,3,133251.1,4,2,3,423,Potential Loyalists
CUST-06281,74,4,121917.8,3,3,3,333,Loyal Customers
CUST-06282,224,2,14970.15,1,1,1,111,Lost Customers
CUST-06283,221,3,41183.75,1,2,1,121,Lost Customers
CUST-06284,32,4,58330.05,4,3,2,432,Loyal Customers
CUST-06285,64,7,176594.95,3,4,4,344,Loyal Customers
CUST-06286,73,5,208262.65,3,3,4,334,Loyal Customers
CUST-06287,19,2,20146.1,5,1,1,511,Potential Loyalists
CUST-06288,186,4,110241.70000000001,2,3,3,233,At Risk
CUST-06289,295,3,86599.8,1,2,2,122,Lost Customers
CUST-06290,290,1,3846.55,1,1,1,111,Lost Customers
CUST-06291,103,3,24872.600000000002,2,2,1,221,Lost Customers
CUST-06292,2,7,31374.5,5,4,1,541,Champions
CUST-06293,180,6,161246.69999999998,2,3,4,234,At Risk
CUST-06294,446,3,25790.85,1,2,1,121,Lost Customers
CUST-06295,85,1,11680.05,3,1,1,311,Potential Loyalists
CUST-06296,69,3,105226.0,3,2,3,323,Potential Loyalists
CUST-06297,236,5,168321.65,1,3,4,134,At Risk
CUST-06298,96,3,148735.6,2,2,3,223,Lost Customers
CUST-06299,123,5,245163.3,2,3,4,234,At Risk
CUST-06300,10,4,204053.9,5,3,4,534,Loyal Customers
CUST-06301,57,3,221856.55,3,2,4,324,Potential Loyalists
CUST-06302,155,3,102097.45000000001,2,2,3,223,Lost Customers
CUST-06303,212,7,338765.7,1,4,5,145,At Risk
CUST-06304,712,1,50796.0,1,1,2,112,Lost Customers
CUST-06305,134,6,80298.65,2,3,2,232,At Risk
CUST-06306,46,3,57209.799999999996,4,2,2,422,Potential Loyalists
CUST-06307,47,3,14344.95,4,2,1,421,Potential Loyalists
CUST-06308,44,5,46753.15,4,3,2,432,Loyal Customers
CUST-06309,87,3,51660.200000000004,3,2,2,322,Potential Loyalists
CUST-06310,43,4,248992.55000000002,4,3,4,434,Loyal Customers
CUST-06311,89,4,157352.6,2,3,3,233,At Risk
CUST-06312,144,4,117134.79999999999,2,3,3,233,At Risk
CUST-06313,455,7,116296.90000000001,1,4,3,143,At Risk
CUST-06314,7,2,5981.8,5,1,1,511,Potential Loyalists
CUST-06315,102,3,112848.05,2,2,3,223,Lost Customers
CUST-06316,438,4,38500.15,1,3,1,131,At Risk
CUST-06317,516,5,64767.65,1,3,2,132,At Risk
CUST-06318,76,2,4248.0,3,1,1,311,Potential Loyalists
CUST-06320,431,2,2145.75,1,1,1,111,Lost Customers
CUST-06321,516,2,20124.1,1,1,1,111,Lost Customers
CUST-06322,88,3,6271.15,2,2,1,221,Lost Customers
CUST-06323,128,6,167568.85,2,3,4,234,At Risk
CUST-06324,108,1,2317.1,2,1,1,211,Lost Customers
CUST-06325,123,2,12316.800000000001,2,1,1,211,Lost Customers
CUST-06326,423,2,49830.399999999994,1,1,2,112,Lost Customers
CUST-06327,346,1,5352.45,1,1,1,111,Lost Customers
CUST-06328,73,7,86637.25,3,4,2,342,Loyal Customers
CUST-06329,94,1,10570.5,2,1,1,211,Lost Customers
CUST-06330,21,2,15272.6,5,1,1,511,Potential Loyalists
CUST-06331,129,5,60109.899999999994,2,3,2,232,At Risk
CUST-06332,420,3,38736.15,1,2,1,121,Lost Customers
CUST-06333,141,2,88849.45,2,1,2,212,Lost Customers
CUST-06334,35,4,112473.2,4,3,3,433,Loyal Customers
CUST-06335,50,4,78156.65,4,3,2,432,Loyal Customers
CUST-06336,226,3,144056.8,1,2,3,123,Lost Customers
CUST-06337,69,6,76857.8,3,3,2,332,Loyal Customers
CUST-06338,103,5,335224.9,2,3,5,235,At Risk
CUST-06339,298,5,65782.85,1,3,2,132,At Risk
CUST-06340,79,1,839.4,3,1,1,311,Potential Loyalists
CUST-06341,114,3,37939.2,2,2,1,221,Lost Customers
CUST-06342,26,2,78536.65,5,1,2,512,Potential Loyalists
CUST-06343,51,5,82668.75,4,3,2,432,Loyal Customers
CUST-06344,375,2,73135.25,1,1,2,112,Lost Customers
CUST-06345,7,4,96769.25,5,3,3,533,Loyal Customers
CUST-06346,14,2,42329.95,5,1,1,511,Potential Loyalists
CUST-06347,8,5,31265.9,5,3,1,531,Loyal Customers
CUST-06348,146,5,59946.299999999996,2,3,2,232,At Risk
CUST-06349,435,2,85694.7,1,1,2,112,Lost Customers
CUST-06350,79,4,146741.9,3,3,3,333,Loyal Customers
CUST-06351,82,4,54816.3,3,3,2,332,Loyal Customers
CUST-06352,336,1,13342.5,1,1,1,111,Lost Customers
CUST-06353,172,6,199741.55000000002,2,3,4,234,At Risk
CUST-06354,340,3,16267.1,1,2,1,121,Lost Customers
CUST-06355,710,1,25275.399999999998,1,1,1,111,Lost Customers
CUST-06356,88,4,77952.35,2,3,2,232,At Risk
CUST-06357,197,6,25095.05,1,3,1,131,At Risk
CUST-06358,407,2,25731.3,1,1,1,111,Lost Customers
CUST-06359,200,5,127878.75,1,3,3,133,At Risk
CUST-06360,7,4,151797.8,5,3,3,533,Loyal Customers
CUST-06361,52,2,31557.25,4,1,1,411,Potential Loyalists
CUST-06362,79,6,177597.75,3,3,4,334,Loyal Customers
CUST-06363,181,2,49886.700000000004,2,1,2,212,Lost Customers
CUST-06364,226,3,97572.25,1,2,3,123,Lost Customers
CUST-06365,11,7,211255.7,5,4,4,544,Champions
CUST-06366,302,6,102414.15,1,3,3,133,At Risk
CUST-06367,447,3,64828.05,1,2,2,122,Lost Customers
CUST-06368,279,4,87302.35,1,3,2,132,At Risk
CUST-06370,426,1,38875.2,1,1,1,111,Lost Customers
CUST-06371,238,3,61868.45,1,2,2,122,Lost Customers
CUST-06372,58,3,81985.5,3,2,2,322,Potential Loyalists
CUST-06373,143,1,46100.6,2,1,2,212,Lost Customers
CUST-06374,310,1,23645.35,1,1,1,111,Lost Customers
CUST-06376,458,2,8095.700000000001,1,1,1,111,Lost Customers
CUST-06377,43,1,60884.85,4,1,2,412,Potential Loyalists
CUST-06378,80,5,192100.5,3,3,4,334,Loyal Customers
CUST-06379,122,5,85966.35,2,3,2,232,At Risk
CUST-06380,168,5,178373.2,2,3,4,234,At Risk
CUST-06381,70,2,33301.5,3,1,1,311,Potential Loyalists
CUST-06382,438,6,26679.8,1,3,1,131,At Risk
CUST-06383,44,7,323160.75,4,4,5,445,Champions
CUST-06384,90,3,15922.8,2,2,1,221,Lost Customers
CUST-06385,126,3,44601.45,2,2,2,222,Lost Customers
CUST-06386,417,3,50338.6,1,2,2,122,Lost Customers
CUST-06387,125,5,134611.4,2,3,3,233,At Risk
CUST-06388,23,4,289253.2,5,3,5,535,Loyal Customers
CUST-06389,5,5,30870.15,5,3,1,531,Loyal Customers
CUST-06390,100,5,85761.85,2,3,2,232,At Risk
CUST-06391,32,4,45148.600000000006,4,3,2,432,Loyal Customers
CUST-06392,235,3,34462.350000000006,1,2,1,121,Lost Customers
CUST-06393,273,3,149983.35,1,2,3,123,Lost Customers
CUST-06395,42,3,41501.350000000006,4,2,1,421,Potential Loyalists
CUST-06396,69,6,412340.65,3,3,5,335,Loyal Customers
CUST-06397,322,4,23426.649999999998,1,3,1,131,At Risk
CUST-06398,138,4,14580.75,2,3,1,231,At Risk
CUST-06399,49,5,206536.5,4,3,4,434,Loyal Customers
CUST-06400,109,5,126914.9,2,3,3,233,At Risk
CUST-06401,123,4,70361.2,2,3,2,232,At Risk
CUST-06402,237,4,61869.1,1,3,2,132,At Risk
CUST-06403,27,6,238254.55,5,3,4,534,Loyal Customers
CUST-06404,164,3,107514.0,2,2,3,223,Lost Customers
CUST-06405,11,5,158563.6,5,3,3,533,Loyal Customers
CUST-06406,17,5,77902.3,5,3,2,532,Loyal Customers
CUST-06407,35,4,71324.3,4,3,2,432,Loyal Customers
CUST-06408,112,2,18834.45,2,1,1,211,Lost Customers
CUST-06409,135,3,23239.5,2,2,1,221,Lost Customers
CUST-06410,28,5,115632.55,5,3,3,533,Loyal Customers
CUST-06411,73,4,20614.95,3,3,1,331,Loyal Customers
CUST-06412,377,2,39475.9,1,1,1,111,Lost Customers
CUST-06413,38,3,200205.65,4,2,4,424,Potential Loyalists
CUST-06414,42,4,85761.4,4,3,2,432,Loyal Customers
CUST-06415,207,1,56791.0,1,1,2,112,Lost Customers
CUST-06416,12,3,142830.3,5,2,3,523,Potential Loyalists
CUST-06417,83,6,177334.5,3,3,4,334,Loyal Customers
CUST-06418,125,1,20428.6,2,1,1,211,Lost Customers
CUST-06419,155,4,99015.0,2,3,3,233,At Risk
CUST-06420,139,5,76534.55,2,3,2,232,At Risk
CUST-06421,16,3,72376.45,5,2,2,522,Potential Loyalists
CUST-06422,521,2,42333.799999999996,1,1,1,111,Lost Customers
CUST-06423,24,5,82875.7,5,3,2,532,Loyal Customers
CUST-06424,412,4,203373.35,1,3,4,134,At Risk
CUST-06425,642,2,16283.1,1,1,1,111,Lost Customers
CUST-06426,55,2,39019.8,3,1,1,311,Potential Loyalists
CUST-06427,46,5,80979.95,4,3,2,432,Loyal Customers
CUST-06429,56,6,182568.7,3,3,4,334,Loyal Customers
CUST-06430,179,2,37569.2,2,1,1,211,Lost Customers
CUST-06431,370,3,37764.6,1,2,1,121,Lost Customers
CUST-06432,225,2,73574.70000000001,1,1,2,112,Lost Customers
CUST-06433,47,5,44414.0,4,3,2,432,Loyal Customers
CUST-06434,42,4,87616.4,4,3,2,432,Loyal Customers
CUST-06435,119,2,41415.9,2,1,1,211,Lost Customers
CUST-06436,17,5,171217.85,5,3,4,534,Loyal Customers
CUST-06437,7,4,71662.05,5,3,2,532,Loyal Customers
CUST-06438,121,1,2498.0,2,1,1,211,Lost Customers
CUST-06439,16,4,132455.7,5,3,3,533,Loyal Customers
CUST-06440,49,2,35435.75,4,1,1,411,Potential Loyalists
CUST-06441,52,7,50334.3,4,4,2,442,Champions
CUST-06442,21,2,69123.0,5,1,2,512,Potential Loyalists
CUST-06443,112,5,173290.8,2,3,4,234,At Risk
CUST-06444,80,4,141500.5,3,3,3,333,Loyal Customers
CUST-06445,121,3,48760.25,2,2,2,222,Lost Customers
CUST-06446,366,2,57108.15,1,1,2,112,Lost Customers
CUST-06447,489,2,65771.90000000001,1,1,2,112,Lost Customers
CUST-06448,294,1,37144.05,1,1,1,111,Lost Customers
CUST-06449,73,4,204252.5,3,3,4,334,Loyal Customers
CUST-06450,145,2,29529.9,2,1,1,211,Lost Customers
CUST-06451,131,5,29716.15,2,3,1,231,At Risk
CUST-06452,44,1,2022.3,4,1,1,411,Potential Loyalists
CUST-06453,432,3,45953.899999999994,1,2,2,122,Lost Customers
CUST-06454,501,1,1765.75,1,1,1,111,Lost Customers
CUST-06455,137,5,48512.25,2,3,2,232,At Risk
CUST-06456,44,3,150442.1,4,2,3,423,Potential Loyalists
CUST-06457,62,4,124688.2,3,3,3,333,Loyal Customers
CUST-06458,5,3,8009.299999999999,5,2,1,521,Potential Loyalists
CUST-06459,139,7,299431.89999999997,2,4,5,245,At Risk
CUST-06460,24,3,71719.9,5,2,2,522,Potential Loyalists
CUST-06461,151,6,24162.4,2,3,1,231,At Risk
CUST-06462,326,3,18417.35,1,2,1,121,Lost Customers
CUST-06463,39,5,200403.25,4,3,4,434,Loyal Customers
CUST-06464,154,6,120688.75,2,3,3,233,At Risk
CUST-06465,206,4,103036.25,1,3,3,133,At Risk
CUST-06467,36,3,55360.95,4,2,2,422,Potential Loyalists
CUST-06468,196,3,48267.75,2,2,2,222,Lost Customers
CUST-06469,389,4,34887.1,1,3,1,131,At Risk
CUST-06470,38,4,275538.0,4,3,5,435,Loyal Customers
CUST-06471,6,5,71813.95,5,3,2,532,Loyal Customers
CUST-06472,367,2,593.3,1,1,1,111,Lost Customers
CUST-06473,229,3,37201.95,1,2,1,121,Lost Customers
CUST-06474,319,4,121443.95000000001,1,3,3,133,At Risk
CUST-06475,137,3,38399.149999999994,2,2,1,221,Lost Customers
CUST-06476,213,2,85493.0,1,1,2,112,Lost Customers
CUST-06477,181,1,27628.199999999997,2,1,1,211,Lost Customers
CUST-06478,441,4,161947.7,1,3,4,134,At Risk
CUST-06479,52,3,27111.1,4,2,1,421,Potential Loyalists
CUST-06480,510,1,11783.45,1,1,1,111,Lost Customers
CUST-06481,104,2,24151.15,2,1,1,211,Lost Customers
CUST-06482,13,3,73490.65000000001,5,2,2,522,Potential Loyalists
CUST-06483,47,3,157320.69999999998,4,2,3,423,Potential Loyalists
CUST-06484,30,6,145804.3,5,3,3,533,Loyal Customers
CUST-06485,26,5,135515.6,5,3,3,533,Loyal Customers
CUST-06486,192,3,111889.25,2,2,3,223,Lost Customers
CUST-06487,20,7,299116.0,5,4,5,545,Champions
CUST-06488,93,6,135222.25,2,3,3,233,At Risk
CUST-06489,459,3,152011.85,1,2,3,123,Lost Customers
CUST-06490,399,1,30088.3,1,1,1,111,Lost Customers
CUST-06492,138,2,219483.65,2,1,4,214,Lost Customers
CUST-06493,66,1,1709.4,3,1,1,311,Potential Loyalists
CUST-06494,123,3,184610.3,2,2,4,224,Lost Customers
CUST-06495,450,2,39471.3,1,1,1,111,Lost Customers
CUST-06496,453,2,10080.45,1,1,1,111,Lost Customers
CUST-06497,53,5,125410.7,3,3,3,333,Loyal Customers
CUST-06498,194,3,54986.9,2,2,2,222,Lost Customers
CUST-06499,115,3,14252.9,2,2,1,221,Lost Customers
CUST-06500,303,1,12082.65,1,1,1,111,Lost Customers
CUST-06501,330,2,42334.85,1,1,1,111,Lost Customers
CUST-06502,16,6,65393.1,5,3,2,532,Loyal Customers
CUST-06503,22,2,188766.95,5,1,4,514,Potential Loyalists
CUST-06504,117,5,163777.2,2,3,4,234,At Risk
CUST-06505,237,8,421558.05,1,4,5,145,At Risk
CUST-06506,16,7,266717.2,5,4,4,544,Champions
CUST-06507,699,1,80895.0,1,1,2,112,Lost Customers
CUST-06508,89,6,26185.0,2,3,1,231,At Risk
CUST-06509,88,5,109988.65,2,3,3,233,At Risk
CUST-06510,86,1,2558.4,3,1,1,311,Potential Loyalists
CUST-06511,431,2,41637.15,1,1,1,111,Lost Customers
CUST-06512,16,3,216404.75,5,2,4,524,Potential Loyalists
CUST-06513,46,6,86284.15,4,3,2,432,Loyal Customers
CUST-06514,37,3,90680.05,4,2,2,422,Potential Loyalists
CUST-06515,180,5,235885.05,2,3,4,234,At Risk
CUST-06516,67,5,283170.75,3,3,5,335,Loyal Customers
CUST-06517,45,4,209739.30000000002,4,3,4,434,Loyal Customers
CUST-06518,251,3,53041.8,1,2,2,122,Lost Customers
CUST-06519,16,6,52164.05,5,3,2,532,Loyal Customers
CUST-06520,5,4,33153.05,5,3,1,531,Loyal Customers
CUST-06521,220,2,56240.15,1,1,2,112,Lost Customers
CUST-06522,36,2,8741.1,4,1,1,411,Potential Loyalists
CUST-06523,137,2,57823.25,2,1,2,212,Lost Customers
CUST-06524,54,3,167800.2,3,2,4,324,Potential Loyalists
CUST-06525,729,1,23169.3,1,1,1,111,Lost Customers
CUST-06526,59,3,99830.65,3,2,3,323,Potential Loyalists
CUST-06527,195,3,48897.799999999996,2,2,2,222,Lost Customers
CUST-06528,560,2,99304.04999999999,1,1,3,113,Lost Customers
CUST-06529,23,4,141737.85,5,3,3,533,Loyal Customers
CUST-06530,47,1,26162.55,4,1,1,411,Potential Loyalists
CUST-06531,70,3,3657.25,3,2,1,321,Potential Loyalists
CUST-06532,34,3,46841.7,4,2,2,422,Potential Loyalists
CUST-06533,23,3,66484.3,5,2,2,522,Potential Loyalists
CUST-06534,61,8,245969.7,3,4,4,344,Loyal Customers
CUST-06535,223,4,40637.45,1,3,1,131,At Risk
CUST-06536,80,1,26282.6,3,1,1,311,Potential Loyalists
CUST-06537,150,4,115360.55,2,3,3,233,At Risk
CUST-06538,61,4,193147.0,3,3,4,334,Loyal Customers
CUST-06539,177,4,15003.1,2,3,1,231,At Risk
CUST-06540,64,4,83662.0,3,3,2,332,Loyal Customers
CUST-06541,414,5,125374.6,1,3,3,133,At Risk
CUST-06542,57,6,200846.0,3,3,4,334,Loyal Customers
CUST-06543,154,4,71505.55,2,3,2,232,At Risk
CUST-06544,351,7,222029.9,1,4,4,144,At Risk
CUST-06545,424,2,63083.05,1,1,2,112,Lost Customers
CUST-06546,271,3,105464.25,1,2,3,123,Lost Customers
CUST-06547,55,4,57796.5,3,3,2,332,Loyal Customers
CUST-06548,102,3,73506.65,2,2,2,222,Lost Customers
CUST-06549,90,7,166543.6,2,4,4,244,At Risk
CUST-06550,66,3,92621.55,3,2,3,323,Potential Loyalists
CUST-06551,274,4,78565.55,1,3,2,132,At Risk
CUST-06552,60,4,90315.0,3,3,2,332,Loyal Customers
CUST-06553,83,10,509934.1,3,4,5,345,Loyal Customers
CUST-06554,452,3,64408.75,1,2,2,122,Lost Customers
CUST-06555,74,2,56265.7,3,1,2,312,Potential Loyalists
CUST-06556,210,5,188501.30000000002,1,3,4,134,At Risk
CUST-06557,253,2,55734.95,1,1,2,112,Lost Customers
CUST-06558,57,2,43834.2,3,1,2,312,Potential Loyalists
CUST-06559,1,5,55694.95,5,3,2,532,Loyal Customers
CUST-06560,18,2,32089.7,5,1,1,511,Potential Loyalists
CUST-06561,1,3,70008.7,5,2,2,522,Potential Loyalists
CUST-06562,53,4,186058.30000000002,3,3,4,334,Loyal Customers
CUST-06563,62,3,59749.75,3,2,2,322,Potential Loyalists
CUST-06564,119,5,145932.55,2,3,3,233,At Risk
CUST-06565,197,3,85904.65,1,2,2,122,Lost Customers
CUST-06566,49,4,79417.45,4,3,2,432,Loyal Customers
CUST-06567,29,9,247460.9,5,4,4,544,Champions
CUST-06568,72,3,59025.8,3,2,2,322,Potential Loyalists
CUST-06569,139,7,143997.15,2,4,3,243,At Risk
CUST-06570,21,6,46589.85,5,3,2,532,Loyal Customers
CUST-06571,165,4,251424.9,2,3,4,234,At Risk
CUST-06572,87,1,51710.4,3,1,2,312,Potential Loyalists
CUST-06573,557,1,21775.1,1,1,1,111,Lost Customers
CUST-06574,214,4,34699.5,1,3,1,131,At Risk
CUST-06575,234,4,153967.05,1,3,3,133,At Risk
CUST-06576,203,3,41794.65,1,2,1,121,Lost Customers
CUST-06577,315,4,23906.75,1,3,1,131,At Risk
CUST-06578,79,1,1273.3,3,1,1,311,Potential Loyalists
CUST-06579,360,2,20007.4,1,1,1,111,Lost Customers
CUST-06580,87,5,69509.15,3,3,2,332,Loyal Customers
CUST-06581,110,4,100187.05,2,3,3,233,At Risk
CUST-06582,72,3,183043.55,3,2,4,324,Potential Loyalists
CUST-06583,68,2,24500.65,3,1,1,311,Potential Loyalists
CUST-06584,35,4,93884.95,4,3,3,433,Loyal Customers
CUST-06585,361,5,51030.75,1,3,2,132,At Risk
CUST-06586,43,5,133440.7,4,3,3,433,Loyal Customers
CUST-06587,12,2,17837.6,5,1,1,511,Potential Loyalists
CUST-06588,259,2,37294.05,1,1,1,111,Lost Customers
CUST-06589,163,2,29499.25,2,1,1,211,Lost Customers
CUST-06590,141,4,36217.45,2,3,1,231,At Risk
CUST-06591,71,7,183628.0,3,4,4,344,Loyal Customers
CUST-06592,38,3,37877.15,4,2,1,421,Potential Loyalists
CUST-06593,715,1,5599.2,1,1,1,111,Lost Customers
CUST-06594,369,1,4224.35,1,1,1,111,Lost Customers
CUST-06595,667,2,13566.3,1,1,1,111,Lost Customers
CUST-06596,56,4,145513.3,3,3,3,333,Loyal Customers
CUST-06597,488,1,4338.6,1,1,1,111,Lost Customers
CUST-06598,312,4,84611.15,1,3,2,132,At Risk
CUST-06599,93,4,44294.5,2,3,2,232,At Risk
CUST-06601,240,2,126128.6,1,1,3,113,Lost Customers
CUST-06602,694,1,4438.1,1,1,1,111,Lost Customers
CUST-06604,280,5,300680.25,1,3,5,135,At Risk
CUST-06605,446,3,13534.449999999999,1,2,1,121,Lost Customers
CUST-06606,88,3,98347.05,2,2,3,223,Lost Customers
CUST-06607,23,4,29525.55,5,3,1,531,Loyal Customers
CUST-06608,336,3,200312.15,1,2,4,124,Lost Customers
CUST-06609,721,1,15049.0,1,1,1,111,Lost Customers
CUST-06610,94,7,332534.3,2,4,5,245,At Risk
CUST-06611,69,7,229094.7,3,4,4,344,Loyal Customers
CUST-06612,47,5,107970.90000000001,4,3,3,433,Loyal Customers
CUST-06613,657,2,37040.75,1,1,1,111,Lost Customers
CUST-06614,233,4,44321.2,1,3,2,132,At Risk
CUST-06615,148,5,19249.4,2,3,1,231,At Risk
CUST-06616,1,5,59767.9,5,3,2,532,Loyal Customers
CUST-06617,241,3,24895.8,1,2,1,121,Lost Customers
CUST-06618,129,5,139344.75,2,3,3,233,At Risk
CUST-06619,175,5,258253.15,2,3,4,234,At Risk
CUST-06620,175,6,93907.75,2,3,3,233,At Risk
CUST-06621,63,3,12611.35,3,2,1,321,Potential Loyalists
CUST-06622,7,4,29634.8,5,3,1,531,Loyal Customers
CUST-06623,311,1,46984.25,1,1,2,112,Lost Customers
CUST-06624,178,2,9003.25,2,1,1,211,Lost Customers
CUST-06625,45,3,65759.0,4,2,2,422,Potential Loyalists
CUST-06626,173,5,34939.9,2,3,1,231,At Risk
CUST-06627,40,5,78442.7,4,3,2,432,Loyal Customers
CUST-06628,43,4,65081.899999999994,4,3,2,432,Loyal Customers
CUST-06629,206,3,39169.1,1,2,1,121,Lost Customers
CUST-06630,93,1,109406.4,2,1,3,213,Lost Customers
CUST-06631,87,3,47864.45,3,2,2,322,Potential Loyalists
CUST-06632,64,6,202126.9,3,3,4,334,Loyal Customers
CUST-06633,92,2,90051.35,2,1,2,212,Lost Customers
CUST-06634,195,3,18193.4,2,2,1,221,Lost Customers
CUST-06635,243,1,16919.2,1,1,1,111,Lost Customers
CUST-06636,351,1,55523.350000000006,1,1,2,112,Lost Customers
CUST-06637,564,2,113765.5,1,1,3,113,Lost Customers
CUST-06638,265,2,46102.4,1,1,2,112,Lost Customers
CUST-06639,74,5,173017.7,3,3,4,334,Loyal Customers
CUST-06640,111,3,28265.7,2,2,1,221,Lost Customers
CUST-06641,129,2,89511.95,2,1,2,212,Lost Customers
CUST-06642,102,4,85932.2,2,3,2,232,At Risk
CUST-06643,54,6,90665.5,3,3,2,332,Loyal Customers
CUST-06644,100,2,1786.1,2,1,1,211,Lost Customers
CUST-06646,122,3,78005.95,2,2,2,222,Lost Customers
CUST-06647,260,4,87688.8,1,3,2,132,At Risk
CUST-06648,57,3,98476.5,3,2,3,323,Potential Loyalists
CUST-06649,331,1,21268.05,1,1,1,111,Lost Customers
CUST-06650,90,3,187504.90000000002,2,2,4,224,Lost Customers
CUST-06651,79,4,61161.1,3,3,2,332,Loyal Customers
CUST-06652,163,2,30829.699999999997,2,1,1,211,Lost Customers
CUST-06653,56,3,22374.0,3,2,1,321,Potential Loyalists
CUST-06654,201,4,127146.75,1,3,3,133,At Risk
CUST-06655,56,3,158075.05000000002,3,2,3,323,Potential Loyalists
CUST-06656,74,4,49986.3,3,3,2,332,Loyal Customers
CUST-06657,42,6,234354.19999999998,4,3,4,434,Loyal Customers
CUST-06658,59,4,55977.6,3,3,2,332,Loyal Customers
CUST-06659,47,6,97310.7,4,3,3,433,Loyal Customers
CUST-06660,91,1,8528.1,2,1,1,211,Lost Customers
CUST-06661,41,1,8500.6,4,1,1,411,Potential Loyalists
CUST-06662,365,2,47366.7,1,1,2,112,Lost Customers
CUST-06663,44,2,64627.3,4,1,2,412,Potential Loyalists
CUST-06664,71,5,155715.05,3,3,3,333,Loyal Customers
CUST-06665,55,5,82189.85,3,3,2,332,Loyal Customers
CUST-06666,151,3,66164.4,2,2,2,222,Lost Customers
CUST-06667,125,1,2914.45,2,1,1,211,Lost Customers
CUST-06668,92,5,141240.85,2,3,3,233,At Risk
CUST-06669,123,5,65276.8,2,3,2,232,At Risk
CUST-06670,328,3,9908.0,1,2,1,121,Lost Customers
CUST-06671,13,6,149798.8,5,3,3,533,Loyal Customers
CUST-06672,67,3,88606.70000000001,3,2,2,322,Potential Loyalists
CUST-06673,232,3,56203.15000000001,1,2,2,122,Lost Customers
CUST-06674,49,2,29990.65,4,1,1,411,Potential Loyalists
CUST-06675,75,2,89120.40000000001,3,1,2,312,Potential Loyalists
CUST-06676,68,4,72060.2,3,3,2,332,Loyal Customers
CUST-06677,95,2,7885.15,2,1,1,211,Lost Customers
CUST-06678,125,4,171713.9,2,3,4,234,At Risk
CUST-06679,50,4,26601.05,4,3,1,431,Loyal Customers
CUST-06680,423,3,5001.200000000001,1,2,1,121,Lost Customers
CUST-06681,162,4,91967.95,2,3,2,232,At Risk
CUST-06682,108,3,129428.95,2,2,3,223,Lost Customers
CUST-06683,142,4,168628.75,2,3,4,234,At Risk
CUST-06684,371,2,13182.3,1,1,1,111,Lost Customers
CUST-06685,21,2,9505.55,5,1,1,511,Potential Loyalists
CUST-06686,33,4,36706.45,4,3,1,431,Loyal Customers
CUST-06687,101,3,40847.2,2,2,1,221,Lost Customers
CUST-06688,37,4,22829.45,4,3,1,431,Loyal Customers
CUST-06689,46,7,172891.35,4,4,4,444,Champions
CUST-06690,144,5,99787.54999999999,2,3,3,233,At Risk
CUST-06691,450,2,57304.4,1,1,2,112,Lost Customers
CUST-06692,43,1,71244.75,4,1,2,412,Potential Loyalists
CUST-06694,31,7,283655.6,4,4,5,445,Champions
CUST-06695,455,4,74014.0,1,3,2,132,At Risk
CUST-06696,115,3,118812.95000000001,2,2,3,223,Lost Customers
CUST-06697,16,3,53823.850000000006,5,2,2,522,Potential Loyalists
CUST-06698,103,2,21081.75,2,1,1,211,Lost Customers
CUST-06699,345,3,109532.6,1,2,3,123,Lost Customers
CUST-06700,45,4,117727.2,4,3,3,433,Loyal Customers
CUST-06701,51,6,55059.35,4,3,2,432,Loyal Customers
CUST-06702,447,3,40899.45,1,2,1,121,Lost Customers
CUST-06703,166,3,69535.25,2,2,2,222,Lost Customers
CUST-06704,134,3,67164.9,2,2,2,222,Lost Customers
CUST-06705,361,1,72808.2,1,1,2,112,Lost Customers
CUST-06706,175,4,136894.65,2,3,3,233,At Risk
CUST-06707,408,5,195430.6,1,3,4,134,At Risk
CUST-06708,244,5,53623.8,1,3,2,132,At Risk
CUST-06709,406,3,8034.75,1,2,1,121,Lost Customers
CUST-06710,110,2,15898.3,2,1,1,211,Lost Customers
CUST-06711,87,4,63011.2,3,3,2,332,Loyal Customers
CUST-06712,41,4,112152.95,4,3,3,433,Loyal Customers
CUST-06713,155,4,242582.6,2,3,4,234,At Risk
CUST-06714,242,3,234979.7,1,2,4,124,Lost Customers
CUST-06715,184,6,181703.2,2,3,4,234,At Risk
CUST-06716,108,3,102289.8,2,2,3,223,Lost Customers
CUST-06717,301,3,12336.9,1,2,1,121,Lost Customers
CUST-06718,128,4,122990.15,2,3,3,233,At Risk
CUST-06719,88,5,173927.1,2,3,4,234,At Risk
CUST-06720,129,2,12432.849999999999,2,1,1,211,Lost Customers
CUST-06721,53,6,210959.7,3,3,4,334,Loyal Customers
CUST-06722,132,4,85075.40000000001,2,3,2,232,At Risk
CUST-06723,75,2,19101.85,3,1,1,311,Potential Loyalists
CUST-06724,125,5,127635.4,2,3,3,233,At Risk
CUST-06725,5,3,201625.0,5,2,4,524,Potential Loyalists
CUST-06726,88,4,81681.0,2,3,2,232,At Risk
CUST-06728,130,3,14521.150000000001,2,2,1,221,Lost Customers
CUST-06730,77,3,129627.04999999999,3,2,3,323,Potential Loyalists
CUST-06731,58,2,66415.55,3,1,2,312,Potential Loyalists
CUST-06732,486,1,6119.15,1,1,1,111,Lost Customers
CUST-06733,178,4,303786.65,2,3,5,235,At Risk
CUST-06734,1,4,171376.5,5,3,4,534,Loyal Customers
CUST-06735,101,2,65991.25,2,1,2,212,Lost Customers
CUST-06736,227,1,4696.5,1,1,1,111,Lost Customers
CUST-06737,304,3,41111.6,1,2,1,121,Lost Customers
CUST-06738,233,3,48405.25,1,2,2,122,Lost Customers
CUST-06739,51,6,151496.75,4,3,3,433,Loyal Customers
CUST-06740,405,2,52281.15,1,1,2,112,Lost Customers
CUST-06741,335,4,336567.3,1,3,5,135,At Risk
CUST-06742,9,5,72467.2,5,3,2,532,Loyal Customers
CUST-06743,329,4,27967.95,1,3,1,131,At Risk
CUST-06744,23,9,169528.3,5,4,4,544,Champions
CUST-06745,273,4,212457.19999999998,1,3,4,134,At Risk
CUST-06746,352,4,152228.1,1,3,3,133,At Risk
CUST-06747,386,5,21428.649999999998,1,3,1,131,At Risk
CUST-06748,63,7,197659.75,3,4,4,344,Loyal Customers
CUST-06749,62,4,89201.7,3,3,2,332,Loyal Customers
CUST-06750,136,7,142654.05,2,4,3,243,At Risk
CUST-06751,139,3,39939.7,2,2,1,221,Lost Customers
CUST-06752,73,1,10629.65,3,1,1,311,Potential Loyalists
CUST-06753,231,4,189294.0,1,3,4,134,At Risk
CUST-06754,139,3,18019.6,2,2,1,221,Lost Customers
CUST-06755,85,4,153309.55,3,3,3,333,Loyal Customers
CUST-06756,390,6,205273.85,1,3,4,134,At Risk
CUST-06758,69,8,212694.05,3,4,4,344,Loyal Customers
CUST-06759,42,1,17722.75,4,1,1,411,Potential Loyalists
CUST-06760,86,6,388989.05,3,3,5,335,Loyal Customers
CUST-06761,6,5,168065.65,5,3,4,534,Loyal Customers
CUST-06762,41,2,56907.45,4,1,2,412,Potential Loyalists
CUST-06763,101,4,51516.35,2,3,2,232,At Risk
CUST-06764,25,6,95714.35,5,3,3,533,Loyal Customers
CUST-06765,314,2,8734.6,1,1,1,111,Lost Customers
CUST-06766,167,2,61410.200000000004,2,1,2,212,Lost Customers
CUST-06767,14,5,260431.2,5,3,4,534,Loyal Customers
CUST-06768,199,5,103344.65,1,3,3,133,At Risk
CUST-06769,83,8,248393.85,3,4,4,344,Loyal Customers
CUST-06770,333,1,19384.4,1,1,1,111,Lost Customers
CUST-06771,82,4,112987.75,3,3,3,333,Loyal Customers
CUST-06772,7,2,7341.5,5,1,1,511,Potential Loyalists
CUST-06773,61,7,211200.1,3,4,4,344,Loyal Customers
CUST-06774,163,1,49752.55,2,1,2,212,Lost Customers
CUST-06775,407,3,14043.9,1,2,1,121,Lost Customers
CUST-06776,435,2,85054.15,1,1,2,112,Lost Customers
CUST-06777,141,3,48135.85,2,2,2,222,Lost Customers
CUST-06778,38,5,196424.95,4,3,4,434,Loyal Customers
CUST-06779,47,3,52208.05,4,2,2,422,Potential Loyalists
CUST-06780,49,2,34247.3,4,1,1,411,Potential Loyalists
CUST-06781,398,2,79284.3,1,1,2,112,Lost Customers
CUST-06782,44,5,129035.1,4,3,3,433,Loyal Customers
CUST-06783,620,1,47037.6,1,1,2,112,Lost Customers
CUST-06784,71,5,68545.9,3,3,2,332,Loyal Customers
CUST-06785,80,4,104736.4,3,3,3,333,Loyal Customers
CUST-06786,35,1,3328.2,4,1,1,411,Potential Loyalists
CUST-06787,549,2,81530.09999999999,1,1,2,112,Lost Customers
CUST-06788,470,1,719.1,1,1,1,111,Lost Customers
CUST-06789,414,2,5683.55,1,1,1,111,Lost Customers
CUST-06790,356,1,2624.25,1,1,1,111,Lost Customers
CUST-06791,407,1,5599.2,1,1,1,111,Lost Customers
CUST-06792,263,1,27088.2,1,1,1,111,Lost Customers
CUST-06793,63,3,61234.4,3,2,2,322,Potential Loyalists
CUST-06794,452,2,18450.45,1,1,1,111,Lost Customers
CUST-06796,70,2,3320.1,3,1,1,311,Potential Loyalists
CUST-06797,107,5,224181.3,2,3,4,234,At Risk
CUST-06798,20,5,102561.6,5,3,3,533,Loyal Customers
CUST-06799,650,2,44354.8,1,1,2,112,Lost Customers
CUST-06800,406,1,5027.950000000001,1,1,1,111,Lost Customers
CUST-06801,20,5,44422.9,5,3,2,532,Loyal Customers
CUST-06802,20,2,177863.25,5,1,4,514,Potential Loyalists
CUST-06803,153,8,146029.9,2,4,3,243,At Risk
CUST-06804,48,5,209238.0,4,3,4,434,Loyal Customers
CUST-06805,139,4,45995.65,2,3,2,232,At Risk
CUST-06806,88,6,125613.3,2,3,3,233,At Risk
CUST-06807,295,3,107810.29999999999,1,2,3,123,Lost Customers
CUST-06808,397,2,79474.2,1,1,2,112,Lost Customers
CUST-06809,8,3,110564.95000000001,5,2,3,523,Potential Loyalists
CUST-06810,183,4,286755.55,2,3,5,235,At Risk
CUST-06811,157,3,75265.4,2,2,2,222,Lost Customers
CUST-06812,195,2,60475.2,2,1,2,212,Lost Customers
CUST-06813,137,4,110217.9,2,3,3,233,At Risk
CUST-06814,21,5,205446.2,5,3,4,534,Loyal Customers
CUST-06815,87,2,18474.75,3,1,1,311,Potential Loyalists
CUST-06816,151,5,60783.2,2,3,2,232,At Risk
CUST-06817,86,2,8233.75,3,1,1,311,Potential Loyalists
CUST-06818,54,3,33954.25,3,2,1,321,Potential Loyalists
CUST-06819,45,5,71178.4,4,3,2,432,Loyal Customers
CUST-06820,34,5,93898.05,4,3,3,433,Loyal Customers
CUST-06821,277,2,105248.7,1,1,3,113,Lost Customers
CUST-06822,140,3,9149.95,2,2,1,221,Lost Customers
CUST-06823,118,4,49817.5,2,3,2,232,At Risk
CUST-06824,115,2,39873.8,2,1,1,211,Lost Customers
CUST-06826,191,2,7036.900000000001,2,1,1,211,Lost Customers
CUST-06827,75,3,23407.149999999998,3,2,1,321,Potential Loyalists
CUST-06828,67,2,37335.75,3,1,1,311,Potential Loyalists
CUST-06829,30,2,14593.85,5,1,1,511,Potential Loyalists
CUST-06830,333,5,116088.25,1,3,3,133,At Risk
CUST-06831,521,2,180617.3,1,1,4,114,Lost Customers
CUST-06832,416,5,174196.80000000002,1,3,4,134,At Risk
CUST-06833,387,1,9308.1,1,1,1,111,Lost Customers
CUST-06834,7,2,15326.85,5,1,1,511,Potential Loyalists
CUST-06835,76,4,141539.95,3,3,3,333,Loyal Customers
CUST-06836,72,3,21596.45,3,2,1,321,Potential Loyalists
CUST-06837,126,5,84991.7,2,3,2,232,At Risk
CUST-06838,294,5,190738.19999999998,1,3,4,134,At Risk
CUST-06839,653,1,92591.25,1,1,3,113,Lost Customers
CUST-06841,33,5,129639.9,4,3,3,433,Loyal Customers
CUST-06842,317,1,110905.2,1,1,3,113,Lost Customers
CUST-06843,2,5,151800.44999999998,5,3,3,533,Loyal Customers
CUST-06844,36,2,10992.9,4,1,1,411,Potential Loyalists
CUST-06845,77,1,2209.15,3,1,1,311,Potential Loyalists
CUST-06846,6,5,118093.09999999999,5,3,3,533,Loyal Customers
CUST-06847,75,6,58668.7,3,3,2,332,Loyal Customers
CUST-06848,338,3,118874.15000000001,1,2,3,123,Lost Customers
CUST-06849,77,5,98981.6,3,3,3,333,Loyal Customers
CUST-06850,60,2,41441.450000000004,3,1,1,311,Potential Loyalists
CUST-06851,418,5,59122.45,1,3,2,132,At Risk
CUST-06852,219,7,163916.5,1,4,4,144,At Risk
CUST-06853,22,1,15117.9,5,1,1,511,Potential Loyalists
CUST-06854,40,5,128843.0,4,3,3,433,Loyal Customers
CUST-06855,217,2,31848.25,1,1,1,111,Lost Customers
CUST-06856,8,8,154663.35,5,4,3,543,Champions
CUST-06857,81,2,16994.0,3,1,1,311,Potential Loyalists
CUST-06858,56,6,99210.0,3,3,3,333,Loyal Customers
CUST-06859,3,2,30603.149999999998,5,1,1,511,Potential Loyalists
CUST-06860,341,1,2349.0,1,1,1,111,Lost Customers
CUST-06861,92,2,52623.0,2,1,2,212,Lost Customers
CUST-06862,80,4,88799.25,3,3,2,332,Loyal Customers
CUST-06863,51,4,201561.15,4,3,4,434,Loyal Customers
CUST-06864,325,6,194121.34999999998,1,3,4,134,At Risk
CUST-06865,35,3,168230.65,4,2,4,424,Potential Loyalists
CUST-06866,2,5,111672.05,5,3,3,533,Loyal Customers
CUST-06867,116,2,8766.0,2,1,1,211,Lost Customers
CUST-06868,347,1,17289.05,1,1,1,111,Lost Customers
CUST-06869,50,3,106202.1,4,2,3,423,Potential Loyalists
CUST-06870,46,4,152677.15,4,3,3,433,Loyal Customers
CUST-06871,25,9,266752.1,5,4,4,544,Champions
CUST-06872,41,3,60267.85,4,2,2,422,Potential Loyalists
CUST-06873,48,6,176242.8,4,3,4,434,Loyal Customers
CUST-06874,8,8,323046.0,5,4,5,545,Champions
CUST-06875,346,1,9696.0,1,1,1,111,Lost Customers
CUST-06876,132,6,81089.65000000001,2,3,2,232,At Risk
CUST-06877,163,5,76806.75,2,3,2,232,At Risk
CUST-06878,80,4,21337.95,3,3,1,331,Loyal Customers
CUST-06879,24,2,17375.8,5,1,1,511,Potential Loyalists
CUST-06880,69,3,28998.45,3,2,1,321,Potential Loyalists
CUST-06881,531,3,101668.25,1,2,3,123,Lost Customers
CUST-06882,43,4,24234.2,4,3,1,431,Loyal Customers
CUST-06883,524,5,146487.15,1,3,3,133,At Risk
CUST-06884,309,4,122814.6,1,3,3,133,At Risk
CUST-06885,87,4,68577.05,3,3,2,332,Loyal Customers
CUST-06886,107,3,71929.1,2,2,2,222,Lost Customers
CUST-06887,668,2,5712.799999999999,1,1,1,111,Lost Customers
CUST-06888,38,6,54864.95,4,3,2,432,Loyal Customers
CUST-06889,44,6,197973.35,4,3,4,434,Loyal Customers
CUST-06890,176,4,81086.45,2,3,2,232,At Risk
CUST-06891,3,7,246876.0,5,4,4,544,Champions
CUST-06892,79,6,184306.4,3,3,4,334,Loyal Customers
CUST-06893,62,9,232772.4,3,4,4,344,Loyal Customers
CUST-06894,56,4,48573.8,3,3,2,332,Loyal Customers
CUST-06895,172,5,82387.35,2,3,2,232,At Risk
CUST-06896,345,2,20248.65,1,1,1,111,Lost Customers
CUST-06897,650,1,539.1,1,1,1,111,Lost Customers
CUST-06898,16,6,133614.2,5,3,3,533,Loyal Customers
CUST-06899,27,6,284316.25,5,3,5,535,Loyal Customers
CUST-06900,191,2,54673.200000000004,2,1,2,212,Lost Customers
CUST-06901,38,4,34339.9,4,3,1,431,Loyal Customers
CUST-06902,680,1,11157.75,1,1,1,111,Lost Customers
CUST-06903,175,3,48327.9,2,2,2,222,Lost Customers
CUST-06904,195,2,8367.4,2,1,1,211,Lost Customers
CUST-06905,318,2,73632.4,1,1,2,112,Lost Customers
CUST-06906,78,6,89927.6,3,3,2,332,Loyal Customers
CUST-06907,6,2,63359.7,5,1,2,512,Potential Loyalists
CUST-06908,357,1,11429.1,1,1,1,111,Lost Customers
CUST-06909,39,5,69180.0,4,3,2,432,Loyal Customers
CUST-06910,340,5,168122.05,1,3,4,134,At Risk
CUST-06911,57,4,52242.55,3,3,2,332,Loyal Customers
CUST-06912,229,4,21860.65,1,3,1,131,At Risk
CUST-06913,109,4,148647.55,2,3,3,233,At Risk
CUST-06915,65,2,14817.450000000003,3,1,1,311,Potential Loyalists
CUST-06916,82,4,121495.70000000001,3,3,3,333,Loyal Customers
CUST-06917,63,3,34289.85,3,2,1,321,Potential Loyalists
CUST-06918,37,3,44616.75,4,2,2,422,Potential Loyalists
CUST-06919,355,3,49403.2,1,2,2,122,Lost Customers
CUST-06920,642,1,12841.65,1,1,1,111,Lost Customers
CUST-06921,186,5,116003.1,2,3,3,233,At Risk
CUST-06922,417,1,19324.0,1,1,1,111,Lost Customers
CUST-06923,38,4,186816.0,4,3,4,434,Loyal Customers
CUST-06924,471,1,17639.1,1,1,1,111,Lost Customers
CUST-06925,29,4,286976.7,5,3,5,535,Loyal Customers
CUST-06926,137,6,133492.3,2,3,3,233,At Risk
CUST-06927,87,3,149494.35,3,2,3,323,Potential Loyalists
CUST-06928,102,3,11222.55,2,2,1,221,Lost Customers
CUST-06930,146,5,29476.4,2,3,1,231,At Risk
CUST-06931,171,4,84317.95,2,3,2,232,At Risk
CUST-06932,40,5,112745.15,4,3,3,433,Loyal Customers
CUST-06934,413,2,9466.5,1,1,1,111,Lost Customers
CUST-06935,234,7,164375.8,1,4,4,144,At Risk
CUST-06936,40,9,301935.95,4,4,5,445,Champions
CUST-06937,90,6,189515.0,2,3,4,234,At Risk
CUST-06938,105,3,89235.05,2,2,2,222,Lost Customers
CUST-06939,635,1,296.65,1,1,1,111,Lost Customers
CUST-06940,40,4,67396.9,4,3,2,432,Loyal Customers
CUST-06941,19,6,106229.2,5,3,3,533,Loyal Customers
CUST-06942,20,2,26670.25,5,1,1,511,Potential Loyalists
CUST-06943,51,5,161643.35,4,3,4,434,Loyal Customers
CUST-06944,352,1,718.4,1,1,1,111,Lost Customers
CUST-06945,77,4,117606.45,3,3,3,333,Loyal Customers
CUST-06946,90,5,98081.25,2,3,3,233,At Risk
CUST-06947,331,4,11697.55,1,3,1,131,At Risk
CUST-06948,34,4,86418.34999999999,4,3,2,432,Loyal Customers
CUST-06949,162,5,103585.59999999999,2,3,3,233,At Risk
CUST-06950,27,5,212376.25,5,3,4,534,Loyal Customers
CUST-06951,16,4,144819.25,5,3,3,533,Loyal Customers
CUST-06952,132,5,214247.75,2,3,4,234,At Risk
CUST-06953,34,3,29363.25,4,2,1,421,Potential Loyalists
CUST-06954,164,2,37333.2,2,1,1,211,Lost Customers
CUST-06955,70,5,76760.35,3,3,2,332,Loyal Customers
CUST-06956,27,4,71737.55,5,3,2,532,Loyal Customers
CUST-06957,50,3,97480.7,4,2,3,423,Potential Loyalists
CUST-06958,37,8,153258.3,4,4,3,443,Champions
CUST-06959,5,4,61107.649999999994,5,3,2,532,Loyal Customers
CUST-06960,121,2,8212.95,2,1,1,211,Lost Customers
CUST-06961,74,3,59280.25,3,2,2,322,Potential Loyalists
CUST-06962,40,3,17805.3,4,2,1,421,Potential Loyalists
CUST-06963,60,5,107833.75,3,3,3,333,Loyal Customers
CUST-06965,40,3,89604.8,4,2,2,422,Potential Loyalists
CUST-06966,153,2,84676.2,2,1,2,212,Lost Customers
CUST-06967,669,1,6926.900000000001,1,1,1,111,Lost Customers
CUST-06968,2,7,87240.5,5,4,2,542,Champions
CUST-06969,85,9,82586.65,3,4,2,342,Loyal Customers
CUST-06970,39,1,32256.95,4,1,1,411,Potential Loyalists
CUST-06971,73,4,102476.2,3,3,3,333,Loyal Customers
CUST-06972,121,3,37795.8,2,2,1,221,Lost Customers
CUST-06973,373,3,87069.3,1,2,2,122,Lost Customers
CUST-06974,116,5,242231.15,2,3,4,234,At Risk
CUST-06975,73,4,106732.45,3,3,3,333,Loyal Customers
CUST-06976,239,3,53557.55,1,2,2,122,Lost Customers
CUST-06977,76,3,135081.65,3,2,3,323,Potential Loyalists
CUST-06978,30,4,34774.2,5,3,1,531,Loyal Customers
CUST-06979,329,4,82116.25,1,3,2,132,At Risk
CUST-06980,45,3,56552.8,4,2,2,422,Potential Loyalists
CUST-06981,221,4,119378.45,1,3,3,133,At Risk
CUST-06982,169,6,211919.25,2,3,4,234,At Risk
CUST-06983,136,3,66975.55,2,2,2,222,Lost Customers
CUST-06984,57,5,206864.6,3,3,4,334,Loyal Customers
CUST-06985,10,2,77948.35,5,1,2,512,Potential Loyalists
CUST-06986,18,2,13990.5,5,1,1,511,Potential Loyalists
CUST-06987,1,4,183908.25,5,3,4,534,Loyal Customers
CUST-06988,275,1,13867.599999999999,1,1,1,111,Lost Customers
CUST-06989,137,5,197065.69999999998,2,3,4,234,At Risk
CUST-06990,529,1,1599.0,1,1,1,111,Lost Customers
CUST-06991,479,3,27915.05,1,2,1,121,Lost Customers
CUST-06992,423,2,69646.4,1,1,2,112,Lost Customers
CUST-06993,209,5,135088.69999999998,1,3,3,133,At Risk
CUST-06994,48,5,17222.55,4,3,1,431,Loyal Customers
CUST-06995,61,5,110023.35,3,3,3,333,Loyal Customers
CUST-06996,85,5,168876.6,3,3,4,334,Loyal Customers
CUST-06997,62,1,2846.2,3,1,1,311,Potential Loyalists
CUST-06998,43,7,93894.7,4,4,3,443,Champions
CUST-06999,380,2,20755.95,1,1,1,111,Lost Customers
